event_id,product_id,store_id,category,current_stock,shelf_capacity,sales_last_10min,replenishment_pending,timestamp,stockout_risk,label_probability
EVT135434,P018,S02,dairy,11,40,9,1,2026-06-08T15:52:01.226083,0,0.5012
EVT255173,P019,S01,beverages,2,60,15,1,2026-06-08T15:52:01.226092,1,0.7267
EVT454226,P013,S01,snacks,19,50,13,0,2026-06-08T15:52:01.226099,0,0.7318
EVT921623,P012,S03,dairy,8,40,1,0,2026-06-08T15:52:01.226103,0,0.5794
EVT948942,P009,S02,beverages,49,60,1,0,2026-06-08T15:52:01.226106,1,0.3019
EVT915131,P017,S03,beverages,41,60,6,0,2026-06-08T15:52:01.226109,0,0.4592
EVT835496,P019,S04,dairy,7,40,8,1,2026-06-08T15:52:01.226112,0,0.5268
EVT417074,P006,S02,snacks,25,50,1,0,2026-06-08T15:52:01.226117,0,0.4444
EVT271164,P015,S04,dairy,33,40,4,0,2026-06-08T15:52:01.226121,1,0.3565
EVT601226,P019,S02,bakery,4,35,15,0,2026-06-08T15:52:01.226124,1,0.8902
EVT574560,P019,S04,frozen,8,45,17,0,2026-06-08T15:52:01.226127,1,0.9006
EVT766289,P018,S01,dairy,32,40,6,0,2026-06-08T15:52:01.226130,0,0.4067
EVT773323,P016,S01,bakery,8,35,17,0,2026-06-08T15:52:01.226132,1,0.8777
EVT717201,P020,S01,bakery,7,35,11,0,2026-06-08T15:52:01.226135,0,0.7739
EVT551311,P009,S01,household,21,30,0,0,2026-06-08T15:52:01.226138,0,0.335
EVT702382,P012,S01,frozen,44,45,5,0,2026-06-08T15:52:01.226140,1,0.3072
EVT361704,P011,S01,bakery,33,35,3,0,2026-06-08T15:52:01.226144,0,0.284
EVT670873,P002,S02,bakery,0,35,11,0,2026-06-08T15:52:01.226147,1,0.8639
EVT156640,P015,S02,snacks,11,50,6,1,2026-06-08T15:52:01.226150,0,0.4677
EVT730675,P015,S02,bakery,11,35,13,0,2026-06-08T15:52:01.226153,1,0.7613
EVT957564,P017,S03,bakery,1,35,11,0,2026-06-08T15:52:01.226155,1,0.851
EVT416439,P020,S02,household,9,30,8,1,2026-06-08T15:52:01.226158,1,0.4706
EVT375241,P013,S03,bakery,14,35,10,0,2026-06-08T15:52:01.226161,0,0.6644
EVT897896,P006,S04,bakery,34,35,1,0,2026-06-08T15:52:01.226164,0,0.2323
EVT763460,P002,S02,frozen,23,45,3,0,2026-06-08T15:52:01.226166,0,0.4783
EVT878766,P018,S03,frozen,16,45,6,0,2026-06-08T15:52:01.226169,1,0.6067
EVT107084,P013,S02,snacks,5,50,7,1,2026-06-08T15:52:01.226172,1,0.5411
EVT734301,P013,S04,bakery,4,35,12,0,2026-06-08T15:52:01.226175,1,0.8319
EVT305922,P015,S04,bakery,9,35,7,1,2026-06-08T15:52:01.226177,1,0.4704
EVT366381,P014,S01,dairy,6,40,12,0,2026-06-08T15:52:01.226180,1,0.8158
EVT131068,P015,S02,frozen,22,45,6,0,2026-06-08T15:52:01.226183,0,0.5467
EVT485849,P013,S02,dairy,0,40,17,0,2026-06-08T15:52:01.226186,0,0.95
EVT724077,P013,S03,household,8,30,12,0,2026-06-08T15:52:01.226188,1,0.7633
EVT413374,P008,S01,dairy,2,40,6,1,2026-06-08T15:52:01.226191,1,0.5442
EVT878880,P006,S01,frozen,8,45,5,0,2026-06-08T15:52:01.226194,1,0.6672
EVT917214,P011,S01,snacks,48,50,4,0,2026-06-08T15:52:01.226196,1,0.2958
EVT531902,P019,S04,dairy,9,40,5,0,2026-06-08T15:52:01.226199,1,0.646
EVT365686,P008,S02,snacks,22,50,12,0,2026-06-08T15:52:01.226202,1,0.6853
EVT585978,P013,S03,bakery,27,35,3,0,2026-06-08T15:52:01.226204,1,0.3612
EVT610304,P013,S04,household,24,30,6,0,2026-06-08T15:52:01.226207,0,0.4067
EVT250508,P018,S03,dairy,8,40,17,0,2026-06-08T15:52:01.226209,1,0.8906
EVT781977,P001,S02,frozen,14,45,15,0,2026-06-08T15:52:01.226213,0,0.8017
EVT400722,P012,S04,dairy,10,40,13,1,2026-06-08T15:52:01.226215,0,0.5903
EVT247262,P016,S03,household,11,30,14,1,2026-06-08T15:52:01.226218,1,0.5572
EVT494795,P002,S01,snacks,50,50,3,0,2026-06-08T15:52:01.226220,0,0.2583
EVT579615,P004,S01,household,12,30,9,1,2026-06-08T15:52:01.226223,0,0.445
EVT457174,P015,S02,dairy,24,40,0,0,2026-06-08T15:52:01.226225,0,0.38
EVT835380,P016,S01,beverages,22,60,10,0,2026-06-08T15:52:01.226228,1,0.6794
EVT702584,P004,S04,dairy,17,40,7,1,2026-06-08T15:52:01.226231,0,0.3949
EVT559158,P010,S02,beverages,16,60,16,0,2026-06-08T15:52:01.226234,1,0.8411
EVT508050,P001,S02,bakery,31,35,6,0,2026-06-08T15:52:01.226237,1,0.3681
EVT956347,P004,S04,snacks,4,50,3,0,2026-06-08T15:52:01.226239,1,0.6723
EVT157980,P001,S02,dairy,20,40,0,1,2026-06-08T15:52:01.226242,0,0.225
EVT761270,P002,S04,snacks,15,50,13,0,2026-06-08T15:52:01.226245,1,0.7678
EVT660573,P017,S02,household,18,30,1,0,2026-06-08T15:52:01.226248,0,0.3994
EVT348889,P007,S04,dairy,20,40,1,0,2026-06-08T15:52:01.226251,0,0.4444
EVT241639,P008,S03,dairy,8,40,1,0,2026-06-08T15:52:01.226253,1,0.5794
EVT100467,P010,S03,beverages,2,60,6,1,2026-06-08T15:52:01.226256,0,0.5517
EVT619093,P014,S03,frozen,10,45,12,0,2026-06-08T15:52:01.226258,1,0.7833
EVT121822,P011,S02,household,20,30,1,0,2026-06-08T15:52:01.226261,1,0.3694
EVT991595,P014,S02,frozen,23,45,3,0,2026-06-08T15:52:01.226263,0,0.4783
EVT388576,P001,S02,dairy,12,40,8,0,2026-06-08T15:52:01.226266,1,0.6706
EVT274037,P003,S03,dairy,12,40,14,0,2026-06-08T15:52:01.226269,1,0.7872
EVT430149,P014,S02,frozen,3,45,12,0,2026-06-08T15:52:01.226271,1,0.8533
EVT667674,P003,S04,beverages,2,60,15,0,2026-06-08T15:52:01.226274,1,0.9267
EVT191085,P011,S01,dairy,10,40,8,1,2026-06-08T15:52:01.226277,0,0.4931
EVT766013,P005,S03,bakery,34,35,2,0,2026-06-08T15:52:01.226279,0,0.2517
EVT210011,P004,S01,household,3,30,12,0,2026-06-08T15:52:01.226282,1,0.8383
EVT510853,P009,S03,beverages,1,60,15,0,2026-06-08T15:52:01.226285,1,0.9342
EVT217643,P005,S02,dairy,19,40,4,0,2026-06-08T15:52:01.226288,1,0.514
EVT140364,P005,S02,beverages,45,60,6,0,2026-06-08T15:52:01.226290,1,0.4292
EVT568071,P004,S02,bakery,13,35,7,0,2026-06-08T15:52:01.226293,1,0.619
EVT719950,P010,S02,dairy,2,40,11,1,2026-06-08T15:52:01.226295,0,0.6414
EVT905583,P011,S04,household,2,30,15,0,2026-06-08T15:52:01.226298,1,0.9117
EVT352532,P018,S02,beverages,25,60,9,0,2026-06-08T15:52:01.226301,1,0.6375
EVT298795,P010,S03,household,2,30,12,1,2026-06-08T15:52:01.226303,1,0.6533
EVT917521,P007,S04,dairy,36,40,3,0,2026-06-08T15:52:01.226306,1,0.3033
EVT710137,P009,S03,beverages,3,60,17,0,2026-06-08T15:52:01.226308,1,0.95
EVT932628,P020,S03,household,1,30,10,1,2026-06-08T15:52:01.226311,1,0.6294
EVT146897,P010,S04,dairy,17,40,7,1,2026-06-08T15:52:01.226313,0,0.3949
EVT191497,P012,S02,frozen,27,45,1,0,2026-06-08T15:52:01.226316,0,0.3994
EVT752153,P002,S01,bakery,35,35,4,0,2026-06-08T15:52:01.226319,0,0.2778
EVT748286,P018,S01,household,11,30,7,1,2026-06-08T15:52:01.226321,0,0.4211
EVT389523,P011,S03,beverages,10,60,7,0,2026-06-08T15:52:01.226324,1,0.7111
EVT806959,P006,S04,frozen,0,45,2,0,2026-06-08T15:52:01.226326,1,0.6889
EVT358276,P007,S03,bakery,20,35,6,0,2026-06-08T15:52:01.226329,1,0.5095
EVT889664,P003,S02,dairy,17,40,15,0,2026-06-08T15:52:01.226332,1,0.7504
EVT121650,P018,S04,beverages,2,60,6,1,2026-06-08T15:52:01.226334,1,0.5517
EVT485585,P004,S04,dairy,36,40,1,0,2026-06-08T15:52:01.226337,1,0.2644
EVT356869,P010,S03,frozen,40,45,6,0,2026-06-08T15:52:01.226339,0,0.3667
EVT567695,P010,S01,snacks,12,50,6,1,2026-06-08T15:52:01.226342,1,0.4587
EVT531761,P008,S01,beverages,4,60,11,0,2026-06-08T15:52:01.226344,1,0.8339
EVT665889,P011,S01,dairy,37,40,3,0,2026-06-08T15:52:01.226347,0,0.2921
EVT546212,P017,S01,household,2,30,10,0,2026-06-08T15:52:01.226349,1,0.8144
EVT928025,P019,S01,bakery,14,35,8,0,2026-06-08T15:52:01.226352,1,0.6256
EVT770715,P013,S04,snacks,30,50,0,0,2026-06-08T15:52:01.226355,0,0.38
EVT566204,P010,S03,dairy,18,40,8,0,2026-06-08T15:52:01.226357,1,0.6031
EVT768799,P016,S03,frozen,33,45,4,0,2026-06-08T15:52:01.226360,1,0.3978
EVT625473,P002,S04,snacks,3,50,15,0,2026-06-08T15:52:01.226362,1,0.9147
EVT268229,P019,S02,dairy,6,40,5,0,2026-06-08T15:52:01.226365,0,0.6797
EVT678591,P002,S04,snacks,23,50,5,0,2026-06-08T15:52:01.226368,0,0.5402
EVT562809,P018,S03,beverages,60,60,2,0,2026-06-08T15:52:01.226370,0,0.2389
EVT616189,P005,S04,frozen,36,45,1,0,2026-06-08T15:52:01.226373,1,0.3094
EVT882848,P009,S01,bakery,7,35,11,0,2026-06-08T15:52:01.226375,0,0.7739
EVT329955,P006,S01,dairy,23,40,3,0,2026-06-08T15:52:01.226378,0,0.4496
EVT869823,P006,S03,bakery,32,35,1,0,2026-06-08T15:52:01.226380,0,0.258
EVT352727,P008,S02,bakery,3,35,5,0,2026-06-08T15:52:01.226383,1,0.7087
EVT989226,P015,S02,dairy,39,40,2,0,2026-06-08T15:52:01.226385,0,0.2501
EVT864352,P006,S01,bakery,28,35,0,0,2026-06-08T15:52:01.226388,1,0.29
EVT758402,P007,S03,household,6,30,17,0,2026-06-08T15:52:01.226391,0,0.8906
EVT720341,P011,S04,bakery,8,35,16,0,2026-06-08T15:52:01.226393,1,0.8583
EVT477991,P007,S03,household,30,30,0,0,2026-06-08T15:52:01.226396,0,0.2
EVT667641,P009,S03,bakery,16,35,4,0,2026-06-08T15:52:01.226398,1,0.5221
EVT107127,P017,S01,beverages,14,60,8,0,2026-06-08T15:52:01.226401,1,0.7006
EVT667017,P013,S02,household,16,30,7,0,2026-06-08T15:52:01.226403,1,0.5461
EVT392300,P013,S01,beverages,53,60,3,0,2026-06-08T15:52:01.226406,0,0.3108
EVT252870,P011,S04,frozen,17,45,9,0,2026-06-08T15:52:01.226408,0,0.655
EVT482833,P018,S04,dairy,1,40,5,0,2026-06-08T15:52:01.226411,1,0.736
EVT300657,P016,S03,household,23,30,5,0,2026-06-08T15:52:01.226414,0,0.4022
EVT394353,P007,S04,bakery,18,35,0,0,2026-06-08T15:52:01.226416,0,0.4186
EVT900702,P004,S03,beverages,12,60,9,1,2026-06-08T15:52:01.226419,0,0.535
EVT894148,P014,S03,bakery,3,35,3,0,2026-06-08T15:52:01.226421,1,0.6698
EVT378194,P017,S03,bakery,14,35,9,0,2026-06-08T15:52:01.226429,1,0.645
EVT457602,P019,S04,beverages,4,60,13,0,2026-06-08T15:52:01.226432,1,0.8728
EVT123961,P010,S04,frozen,1,45,16,0,2026-06-08T15:52:01.226434,1,0.95
EVT573852,P008,S04,household,11,30,16,0,2026-06-08T15:52:01.226437,1,0.7961
EVT687109,P013,S03,bakery,12,35,11,0,2026-06-08T15:52:01.226439,1,0.7096
EVT767536,P008,S01,household,28,30,2,0,2026-06-08T15:52:01.226441,1,0.2689
EVT456156,P001,S03,beverages,31,60,1,0,2026-06-08T15:52:01.226444,1,0.4369
EVT328850,P010,S02,household,16,30,3,0,2026-06-08T15:52:01.226446,0,0.4683
EVT763397,P007,S02,beverages,2,60,10,0,2026-06-08T15:52:01.226449,1,0.8294
EVT152735,P006,S02,snacks,3,50,18,0,2026-06-08T15:52:01.226451,1,0.95
EVT479312,P014,S03,household,15,30,6,0,2026-06-08T15:52:01.226454,0,0.5417
EVT763543,P005,S03,snacks,20,50,15,0,2026-06-08T15:52:01.226457,1,0.7617
EVT779376,P007,S04,household,13,30,11,0,2026-06-08T15:52:01.226459,1,0.6689
EVT471562,P003,S02,dairy,6,40,11,0,2026-06-08T15:52:01.226461,1,0.7964
EVT111474,P015,S02,dairy,5,40,3,0,2026-06-08T15:52:01.226464,0,0.6521
EVT724679,P019,S04,snacks,1,50,7,1,2026-06-08T15:52:01.226466,1,0.5771
EVT952150,P005,S04,frozen,21,45,3,1,2026-06-08T15:52:01.226469,0,0.2983
EVT486027,P016,S04,snacks,16,50,11,0,2026-06-08T15:52:01.226471,1,0.7199
EVT489724,P020,S02,beverages,1,60,16,0,2026-06-08T15:52:01.226473,1,0.95
EVT703141,P020,S03,beverages,3,60,4,0,2026-06-08T15:52:01.226476,1,0.7053
EVT563409,P007,S01,bakery,24,35,4,0,2026-06-08T15:52:01.226478,0,0.4192
EVT264870,P008,S02,beverages,9,60,6,1,2026-06-08T15:52:01.226481,0,0.4992
EVT981767,P010,S02,household,5,30,6,1,2026-06-08T15:52:01.226483,1,0.4917
EVT160656,P014,S03,bakery,7,35,2,0,2026-06-08T15:52:01.226486,1,0.5989
EVT270762,P014,S04,frozen,1,45,5,0,2026-06-08T15:52:01.226488,1,0.7372
EVT903937,P014,S04,snacks,35,50,4,0,2026-06-08T15:52:01.226490,0,0.4128
EVT163009,P015,S02,bakery,14,35,14,0,2026-06-08T15:52:01.226493,1,0.7422
EVT267889,P014,S01,dairy,3,40,10,1,2026-06-08T15:52:01.226495,1,0.6107
EVT139519,P015,S02,beverages,26,60,14,0,2026-06-08T15:52:01.226497,0,0.7272
EVT613135,P013,S02,snacks,10,50,5,0,2026-06-08T15:52:01.226500,0,0.6572
EVT554163,P010,S02,bakery,35,35,2,0,2026-06-08T15:52:01.226502,1,0.2389
EVT982598,P011,S03,beverages,25,60,13,0,2026-06-08T15:52:01.226504,1,0.7153
EVT949289,P016,S03,frozen,43,45,3,0,2026-06-08T15:52:01.226507,1,0.2783
EVT900391,P013,S01,household,4,30,10,0,2026-06-08T15:52:01.226509,1,0.7844
EVT214640,P004,S04,beverages,7,60,12,0,2026-06-08T15:52:01.226511,1,0.8308
EVT498757,P019,S03,snacks,32,50,4,0,2026-06-08T15:52:01.226514,0,0.4398
EVT111772,P020,S02,snacks,8,50,9,0,2026-06-08T15:52:01.226516,1,0.753
EVT463620,P017,S02,dairy,10,40,6,1,2026-06-08T15:52:01.226518,0,0.4542
EVT982309,P016,S01,household,11,30,16,0,2026-06-08T15:52:01.226521,1,0.7961
EVT249515,P018,S04,dairy,8,40,12,0,2026-06-08T15:52:01.226524,0,0.7933
EVT706968,P004,S03,beverages,5,60,10,0,2026-06-08T15:52:01.226526,1,0.8069
EVT337050,P004,S03,beverages,53,60,6,0,2026-06-08T15:52:01.226539,1,0.3692
EVT658369,P019,S01,bakery,9,35,15,0,2026-06-08T15:52:01.226541,1,0.826
EVT808124,P012,S01,dairy,2,40,2,0,2026-06-08T15:52:01.226544,1,0.6664
EVT220588,P006,S03,frozen,43,45,5,0,2026-06-08T15:52:01.226546,0,0.3172
EVT677824,P015,S03,frozen,33,45,6,0,2026-06-08T15:52:01.226548,0,0.4367
EVT613330,P005,S04,dairy,3,40,17,0,2026-06-08T15:52:01.226551,1,0.9468
EVT977299,P015,S04,household,17,30,0,0,2026-06-08T15:52:01.226553,0,0.395
EVT584835,P002,S02,snacks,2,50,1,0,2026-06-08T15:52:01.226556,1,0.6514
EVT261746,P020,S04,frozen,12,45,9,0,2026-06-08T15:52:01.226558,1,0.705
EVT846086,P016,S03,dairy,5,40,16,0,2026-06-08T15:52:01.226561,1,0.9049
EVT336326,P005,S01,bakery,21,35,5,0,2026-06-08T15:52:01.226563,0,0.4772
EVT877037,P012,S02,beverages,2,60,4,0,2026-06-08T15:52:01.226565,1,0.7128
EVT763083,P001,S01,bakery,15,35,15,0,2026-06-08T15:52:01.226568,1,0.7488
EVT521432,P005,S03,bakery,1,35,11,1,2026-06-08T15:52:01.226570,1,0.651
EVT188650,P012,S04,frozen,4,45,10,0,2026-06-08T15:52:01.226572,0,0.8044
EVT888654,P008,S03,bakery,13,35,6,1,2026-06-08T15:52:01.226575,0,0.3995
EVT884777,P009,S04,bakery,13,35,11,0,2026-06-08T15:52:01.226577,0,0.6967
EVT592841,P012,S04,snacks,4,50,3,0,2026-06-08T15:52:01.226580,0,0.6723
EVT975275,P020,S04,household,1,30,16,0,2026-06-08T15:52:01.226583,1,0.9461
EVT246827,P015,S01,bakery,8,35,12,0,2026-06-08T15:52:01.226585,1,0.7805
EVT684690,P016,S04,frozen,27,45,5,0,2026-06-08T15:52:01.226587,1,0.4772
EVT568535,P007,S03,snacks,12,50,14,0,2026-06-08T15:52:01.226590,1,0.8142
EVT706112,P015,S04,beverages,24,60,10,0,2026-06-08T15:52:01.226592,1,0.6644
EVT781136,P006,S03,frozen,1,45,15,0,2026-06-08T15:52:01.226595,1,0.9317
EVT872929,P018,S03,household,10,30,12,1,2026-06-08T15:52:01.226597,1,0.5333
EVT722062,P017,S01,bakery,25,35,6,0,2026-06-08T15:52:01.226600,0,0.4452
EVT585008,P012,S02,beverages,58,60,3,0,2026-06-08T15:52:01.226602,1,0.2733
EVT289173,P015,S01,beverages,18,60,6,1,2026-06-08T15:52:01.226604,0,0.4317
EVT731563,P010,S02,snacks,2,50,10,1,2026-06-08T15:52:01.226607,1,0.6264
EVT964927,P001,S03,bakery,13,35,15,0,2026-06-08T15:52:01.226609,1,0.7745
EVT549859,P003,S01,household,10,30,8,0,2026-06-08T15:52:01.226612,0,0.6556
EVT526626,P018,S04,dairy,22,40,5,0,2026-06-08T15:52:01.226614,1,0.4997
EVT716621,P010,S04,household,1,30,4,0,2026-06-08T15:52:01.226617,1,0.7128
EVT169800,P016,S01,beverages,37,60,3,0,2026-06-08T15:52:01.226619,0,0.4308
EVT641587,P016,S02,snacks,47,50,6,0,2026-06-08T15:52:01.226622,0,0.3437
EVT458211,P013,S02,frozen,31,45,3,0,2026-06-08T15:52:01.226624,1,0.3983
EVT362248,P002,S01,beverages,52,60,5,0,2026-06-08T15:52:01.226626,1,0.3572
EVT170645,P010,S03,bakery,10,35,2,0,2026-06-08T15:52:01.226629,0,0.5603
EVT694009,P009,S02,snacks,19,50,14,0,2026-06-08T15:52:01.226632,0,0.7512
EVT874324,P012,S04,beverages,5,60,14,0,2026-06-08T15:52:01.226634,1,0.8847
EVT590756,P001,S02,frozen,44,45,3,0,2026-06-08T15:52:01.226636,1,0.2683
EVT741188,P019,S04,dairy,3,40,14,0,2026-06-08T15:52:01.226639,1,0.8885
EVT541028,P012,S02,frozen,3,45,13,0,2026-06-08T15:52:01.226641,1,0.8728
EVT310938,P017,S01,snacks,8,50,4,0,2026-06-08T15:52:01.226643,1,0.6558
EVT413634,P006,S04,frozen,44,45,3,0,2026-06-08T15:52:01.226646,0,0.2683
EVT591212,P006,S03,household,2,30,3,0,2026-06-08T15:52:01.226648,1,0.6783
EVT978598,P019,S04,dairy,31,40,5,0,2026-06-08T15:52:01.226651,0,0.3985
EVT318422,P011,S03,frozen,30,45,1,0,2026-06-08T15:52:01.226653,0,0.3694
EVT386999,P013,S01,dairy,31,40,3,0,2026-06-08T15:52:01.226655,0,0.3596
EVT573205,P007,S01,beverages,4,60,6,1,2026-06-08T15:52:01.226658,1,0.5367
EVT167050,P015,S04,beverages,10,60,13,1,2026-06-08T15:52:01.226660,0,0.6278
EVT476017,P013,S02,snacks,6,50,17,0,2026-06-08T15:52:01.226662,1,0.9266
EVT535454,P020,S01,bakery,21,35,5,0,2026-06-08T15:52:01.226665,0,0.4772
EVT177122,P009,S03,dairy,3,40,13,0,2026-06-08T15:52:01.226667,1,0.869
EVT511784,P011,S04,beverages,8,60,2,0,2026-06-08T15:52:01.226669,1,0.6289
EVT724038,P020,S03,snacks,2,50,15,0,2026-06-08T15:52:01.226672,0,0.9237
EVT684252,P002,S01,snacks,33,50,1,0,2026-06-08T15:52:01.226674,0,0.3724
EVT551119,P006,S01,dairy,18,40,16,0,2026-06-08T15:52:01.226679,1,0.7586
EVT586692,P003,S02,household,6,30,9,1,2026-06-08T15:52:01.226682,1,0.535
EVT952939,P020,S01,frozen,28,45,3,0,2026-06-08T15:52:01.226684,0,0.4283
EVT927624,P019,S01,snacks,37,50,5,1,2026-06-08T15:52:01.226687,0,0.2142
EVT520163,P002,S01,snacks,29,50,3,0,2026-06-08T15:52:01.226689,1,0.4473
EVT976827,P013,S01,snacks,10,50,10,0,2026-06-08T15:52:01.226692,0,0.7544
EVT102013,P019,S03,beverages,16,60,10,0,2026-06-08T15:52:01.226694,1,0.7244
EVT417551,P003,S01,dairy,35,40,0,0,2026-06-08T15:52:01.226696,0,0.2563
EVT808860,P006,S01,bakery,28,35,5,1,2026-06-08T15:52:01.226699,0,0.1872
EVT719562,P010,S03,beverages,21,60,10,0,2026-06-08T15:52:01.226701,1,0.6869
EVT853128,P006,S01,snacks,22,50,8,0,2026-06-08T15:52:01.226704,1,0.6076
EVT967557,P009,S04,snacks,38,50,2,0,2026-06-08T15:52:01.226706,0,0.3469
EVT682204,P019,S03,household,22,30,0,0,2026-06-08T15:52:01.226709,0,0.32
EVT436044,P004,S03,bakery,28,35,2,0,2026-06-08T15:52:01.226711,0,0.3289
EVT946866,P015,S01,frozen,43,45,5,0,2026-06-08T15:52:01.226714,0,0.3172
EVT254162,P009,S02,snacks,49,50,5,0,2026-06-08T15:52:01.226717,0,0.3062
EVT898000,P005,S04,snacks,8,50,12,0,2026-06-08T15:52:01.226719,1,0.8113
EVT128496,P005,S02,snacks,22,50,3,1,2026-06-08T15:52:01.226721,0,0.3103
EVT381682,P011,S01,snacks,46,50,0,0,2026-06-08T15:52:01.226724,1,0.236
EVT192942,P007,S01,bakery,1,35,14,1,2026-06-08T15:52:01.226726,1,0.7094
EVT963874,P007,S03,bakery,11,35,11,1,2026-06-08T15:52:01.226729,0,0.5225
EVT967197,P017,S01,beverages,0,60,13,0,2026-06-08T15:52:01.226731,1,0.9028
EVT248039,P017,S04,beverages,42,60,3,1,2026-06-08T15:52:01.226734,0,0.1933
EVT426857,P014,S04,snacks,22,50,4,0,2026-06-08T15:52:01.226736,0,0.5298
EVT800964,P007,S01,snacks,4,50,11,1,2026-06-08T15:52:01.226738,1,0.6279
EVT436615,P010,S04,frozen,16,45,14,0,2026-06-08T15:52:01.226741,0,0.7622
EVT717113,P003,S02,bakery,17,35,8,0,2026-06-08T15:52:01.226743,0,0.587
EVT941998,P016,S01,beverages,54,60,6,0,2026-06-08T15:52:01.226746,0,0.3617
EVT600662,P001,S03,household,22,30,3,0,2026-06-08T15:52:01.226748,1,0.3783
EVT623013,P005,S02,bakery,6,35,18,0,2026-06-08T15:52:01.226750,1,0.9229
EVT251661,P016,S01,frozen,10,45,2,0,2026-06-08T15:52:01.226753,0,0.5889
EVT679405,P019,S03,beverages,17,60,12,0,2026-06-08T15:52:01.226755,0,0.7558
EVT718901,P014,S03,bakery,24,35,4,0,2026-06-08T15:52:01.226757,0,0.4192
EVT994417,P006,S01,dairy,37,40,1,0,2026-06-08T15:52:01.226760,1,0.2532
EVT146512,P013,S01,frozen,18,45,13,0,2026-06-08T15:52:01.226762,1,0.7228
EVT467926,P011,S03,dairy,28,40,1,0,2026-06-08T15:52:01.226765,0,0.3544
EVT447841,P010,S04,bakery,9,35,8,0,2026-06-08T15:52:01.226767,0,0.6898
EVT684417,P006,S03,bakery,8,35,13,0,2026-06-08T15:52:01.226770,1,0.7999
EVT372346,P014,S03,snacks,49,50,0,0,2026-06-08T15:52:01.226772,1,0.209
EVT518704,P005,S01,snacks,30,50,1,0,2026-06-08T15:52:01.226778,0,0.3994
EVT957183,P015,S01,dairy,37,40,2,0,2026-06-08T15:52:01.226781,1,0.2726
EVT170525,P016,S02,frozen,6,45,5,0,2026-06-08T15:52:01.226783,0,0.6872
EVT393489,P013,S01,household,21,30,3,0,2026-06-08T15:52:01.226786,1,0.3933
EVT595297,P019,S02,beverages,31,60,0,0,2026-06-08T15:52:01.226802,1,0.4175
EVT933323,P001,S02,bakery,17,35,5,1,2026-06-08T15:52:01.226806,0,0.3287
EVT411826,P001,S04,frozen,4,45,13,0,2026-06-08T15:52:01.226809,1,0.8628
EVT877244,P010,S04,snacks,42,50,4,1,2026-06-08T15:52:01.226812,0,0.1498
EVT765486,P002,S04,frozen,4,45,1,0,2026-06-08T15:52:01.226816,1,0.6294
EVT630498,P007,S01,snacks,6,50,4,0,2026-06-08T15:52:01.226819,1,0.6738
EVT659883,P010,S01,household,8,30,11,0,2026-06-08T15:52:01.226823,1,0.7439
EVT711434,P004,S02,frozen,13,45,11,0,2026-06-08T15:52:01.226827,1,0.7339
EVT188133,P017,S03,beverages,21,60,15,0,2026-06-08T15:52:01.226830,1,0.7842
EVT429516,P002,S04,snacks,34,50,0,0,2026-06-08T15:52:01.226833,1,0.344
EVT686670,P005,S04,bakery,10,35,0,0,2026-06-08T15:52:01.226836,0,0.5214
EVT267112,P009,S02,beverages,7,60,5,0,2026-06-08T15:52:01.226838,1,0.6947
EVT648075,P017,S01,frozen,6,45,10,0,2026-06-08T15:52:01.226841,1,0.7844
EVT138596,P001,S03,dairy,19,40,2,0,2026-06-08T15:52:01.226844,1,0.4751
EVT990810,P014,S04,snacks,4,50,3,0,2026-06-08T15:52:01.226846,1,0.6723
EVT197910,P003,S02,beverages,4,60,13,0,2026-06-08T15:52:01.226849,0,0.8728
EVT379781,P020,S03,dairy,6,40,4,0,2026-06-08T15:52:01.226852,0,0.6603
EVT645882,P006,S02,snacks,27,50,6,0,2026-06-08T15:52:01.226854,1,0.5237
EVT689671,P005,S03,beverages,12,60,9,1,2026-06-08T15:52:01.226857,1,0.535
EVT403151,P003,S01,snacks,3,50,9,1,2026-06-08T15:52:01.226859,1,0.598
EVT241648,P014,S03,bakery,33,35,2,0,2026-06-08T15:52:01.226862,1,0.2646
EVT649248,P002,S01,beverages,5,60,8,1,2026-06-08T15:52:01.226865,0,0.5681
EVT836021,P002,S03,bakery,11,35,9,0,2026-06-08T15:52:01.226868,1,0.6836
EVT864739,P019,S04,beverages,13,60,16,0,2026-06-08T15:52:01.226870,1,0.8636
EVT272214,P002,S02,bakery,4,35,15,1,2026-06-08T15:52:01.226873,1,0.6902
EVT607558,P020,S04,household,2,30,0,0,2026-06-08T15:52:01.226875,1,0.62
EVT626391,P009,S01,beverages,3,60,15,0,2026-06-08T15:52:01.226878,1,0.9192
EVT360296,P004,S02,dairy,13,40,11,1,2026-06-08T15:52:01.226881,0,0.5176
EVT449980,P005,S04,frozen,28,45,4,1,2026-06-08T15:52:01.226889,1,0.2478
EVT638110,P005,S04,bakery,28,35,5,0,2026-06-08T15:52:01.226892,0,0.3872
EVT420058,P016,S03,household,3,30,10,1,2026-06-08T15:52:01.226895,1,0.5994
EVT100048,P002,S01,bakery,14,35,13,0,2026-06-08T15:52:01.226898,0,0.7228
EVT585335,P007,S04,bakery,20,35,2,0,2026-06-08T15:52:01.226900,0,0.4317
EVT540796,P007,S04,household,25,30,5,0,2026-06-08T15:52:01.226903,0,0.3722
EVT629690,P005,S02,snacks,10,50,16,0,2026-06-08T15:52:01.226906,1,0.8711
EVT193462,P019,S01,household,5,30,15,1,2026-06-08T15:52:01.226909,0,0.6667
EVT972125,P011,S01,household,4,30,15,0,2026-06-08T15:52:01.226912,1,0.8817
EVT591206,P010,S03,bakery,1,35,10,0,2026-06-08T15:52:01.226914,1,0.8316
EVT645041,P018,S02,beverages,17,60,16,0,2026-06-08T15:52:01.226917,1,0.8336
EVT690909,P011,S02,household,20,30,2,0,2026-06-08T15:52:01.226920,0,0.3889
EVT974916,P004,S04,frozen,9,45,6,1,2026-06-08T15:52:01.226923,0,0.4767
EVT322584,P017,S02,snacks,16,50,15,0,2026-06-08T15:52:01.226925,0,0.7977
EVT252775,P007,S04,beverages,2,60,16,0,2026-06-08T15:52:01.226928,1,0.9461
EVT277379,P011,S04,beverages,12,60,10,0,2026-06-08T15:52:01.226931,1,0.7544
EVT155660,P009,S01,dairy,17,40,12,0,2026-06-08T15:52:01.226933,1,0.6921
EVT504272,P019,S03,beverages,58,60,5,0,2026-06-08T15:52:01.226936,1,0.3122
EVT735885,P019,S02,snacks,4,50,10,1,2026-06-08T15:52:01.226939,1,0.6084
EVT314947,P017,S02,bakery,19,35,6,1,2026-06-08T15:52:01.226941,0,0.3224
EVT545184,P017,S02,beverages,30,60,2,0,2026-06-08T15:52:01.226944,1,0.4639
EVT212124,P018,S04,snacks,5,50,7,1,2026-06-08T15:52:01.226947,1,0.5411
EVT565805,P007,S02,household,8,30,12,0,2026-06-08T15:52:01.226949,1,0.7633
EVT528530,P007,S03,dairy,27,40,3,1,2026-06-08T15:52:01.226952,0,0.2046
EVT223488,P011,S03,bakery,21,35,0,0,2026-06-08T15:52:01.226955,1,0.38
EVT612041,P008,S03,beverages,5,60,12,0,2026-06-08T15:52:01.226957,1,0.8458
EVT577332,P003,S04,frozen,11,45,15,0,2026-06-08T15:52:01.226960,1,0.8317
EVT213006,P018,S03,bakery,10,35,6,0,2026-06-08T15:52:01.226963,1,0.6381
EVT714975,P011,S01,dairy,33,40,6,0,2026-06-08T15:52:01.226966,0,0.3954
EVT816852,P001,S03,household,16,30,2,0,2026-06-08T15:52:01.226968,0,0.4489
EVT957851,P005,S01,bakery,4,35,18,0,2026-06-08T15:52:01.226971,1,0.9486
EVT467026,P014,S04,household,25,30,0,0,2026-06-08T15:52:01.226973,0,0.275
EVT444450,P011,S04,beverages,55,60,0,0,2026-06-08T15:52:01.226976,0,0.2375
EVT341723,P019,S04,household,6,30,13,0,2026-06-08T15:52:01.226979,0,0.8128
EVT258583,P008,S04,beverages,6,60,14,1,2026-06-08T15:52:01.226982,1,0.6772
EVT488320,P020,S02,dairy,21,40,2,0,2026-06-08T15:52:01.226984,0,0.4526
EVT517430,P006,S03,snacks,1,50,12,0,2026-06-08T15:52:01.226987,1,0.8743
EVT578078,P013,S02,household,11,30,15,1,2026-06-08T15:52:01.226989,0,0.5767
EVT490185,P006,S04,beverages,1,60,4,0,2026-06-08T15:52:01.226992,1,0.7203
EVT301457,P003,S03,bakery,34,35,5,0,2026-06-08T15:52:01.226994,0,0.3101
EVT253685,P002,S03,household,14,30,5,1,2026-06-08T15:52:01.226997,1,0.3372
EVT176419,P001,S04,snacks,4,50,15,0,2026-06-08T15:52:01.227000,1,0.9057
EVT324573,P014,S03,dairy,40,40,2,1,2026-06-08T15:52:01.227002,0,0.05
EVT667334,P002,S03,household,26,30,2,0,2026-06-08T15:52:01.227005,1,0.2989
EVT903724,P009,S02,snacks,23,50,6,0,2026-06-08T15:52:01.227018,0,0.5597
EVT198534,P012,S02,snacks,30,50,1,1,2026-06-08T15:52:01.227021,1,0.1994
EVT309438,P002,S03,snacks,32,50,0,0,2026-06-08T15:52:01.227024,0,0.362
EVT805735,P002,S04,frozen,8,45,9,0,2026-06-08T15:52:01.227027,1,0.745
EVT694888,P009,S02,bakery,23,35,2,0,2026-06-08T15:52:01.227029,0,0.3932
EVT384133,P008,S01,frozen,4,45,14,0,2026-06-08T15:52:01.227032,1,0.8822
EVT198502,P019,S02,dairy,6,40,8,1,2026-06-08T15:52:01.227034,0,0.5381
EVT375037,P003,S02,dairy,35,40,0,0,2026-06-08T15:52:01.227037,0,0.2563
EVT698302,P004,S03,beverages,7,60,11,0,2026-06-08T15:52:01.227039,1,0.8114
EVT180725,P007,S01,frozen,9,45,11,1,2026-06-08T15:52:01.227042,0,0.5739
EVT775702,P010,S01,dairy,27,40,6,0,2026-06-08T15:52:01.227044,0,0.4629
EVT194578,P010,S03,frozen,6,45,5,0,2026-06-08T15:52:01.227047,0,0.6872
EVT488152,P016,S03,beverages,31,60,5,1,2026-06-08T15:52:01.227049,1,0.3147
EVT622686,P005,S02,beverages,59,60,6,0,2026-06-08T15:52:01.227052,0,0.3242
EVT262209,P005,S03,household,9,30,8,1,2026-06-08T15:52:01.227054,1,0.4706
EVT686894,P006,S04,dairy,34,40,3,0,2026-06-08T15:52:01.227057,0,0.3258
EVT950836,P007,S01,bakery,3,35,8,1,2026-06-08T15:52:01.227059,1,0.567
EVT911150,P004,S02,dairy,24,40,4,0,2026-06-08T15:52:01.227062,0,0.4578
EVT448038,P015,S04,beverages,5,60,13,0,2026-06-08T15:52:01.227065,1,0.8653
EVT168270,P012,S04,beverages,58,60,5,0,2026-06-08T15:52:01.227067,0,0.3122
EVT920377,P020,S03,beverages,25,60,12,0,2026-06-08T15:52:01.227070,1,0.6958
EVT644403,P018,S04,bakery,3,35,5,0,2026-06-08T15:52:01.227073,0,0.7087
EVT255850,P013,S04,household,29,30,3,0,2026-06-08T15:52:01.227076,0,0.2733
EVT478908,P007,S03,dairy,15,40,11,0,2026-06-08T15:52:01.227079,1,0.6951
EVT757343,P003,S01,household,19,30,1,0,2026-06-08T15:52:01.227081,0,0.3844
EVT816602,P017,S04,beverages,37,60,2,0,2026-06-08T15:52:01.227084,0,0.4114
EVT888724,P020,S04,snacks,27,50,1,0,2026-06-08T15:52:01.227087,1,0.4264
EVT784326,P005,S03,household,7,30,16,0,2026-06-08T15:52:01.227089,1,0.8561
EVT612580,P013,S02,bakery,0,35,11,1,2026-06-08T15:52:01.227092,1,0.6639
EVT141970,P020,S02,frozen,4,45,17,0,2026-06-08T15:52:01.227094,1,0.9406
EVT104715,P011,S04,beverages,16,60,15,0,2026-06-08T15:52:01.227097,1,0.8217
EVT552785,P007,S04,dairy,4,40,14,0,2026-06-08T15:52:01.227099,1,0.8772
EVT405567,P002,S04,beverages,36,60,0,0,2026-06-08T15:52:01.227102,0,0.38
EVT685946,P019,S01,beverages,35,60,5,1,2026-06-08T15:52:01.227105,0,0.2847
EVT571157,P003,S03,dairy,21,40,5,0,2026-06-08T15:52:01.227107,0,0.511
EVT986112,P020,S02,beverages,53,60,6,0,2026-06-08T15:52:01.227110,0,0.3692
EVT873560,P014,S03,household,22,30,6,0,2026-06-08T15:52:01.227112,1,0.4367
EVT873274,P018,S03,household,22,30,0,0,2026-06-08T15:52:01.227115,0,0.32
EVT205609,P001,S03,household,13,30,2,1,2026-06-08T15:52:01.227118,0,0.2939
EVT484113,P003,S01,bakery,8,35,4,0,2026-06-08T15:52:01.227120,1,0.6249
EVT110299,P001,S03,bakery,3,35,0,0,2026-06-08T15:52:01.227123,1,0.6114
EVT398697,P002,S02,household,14,30,10,1,2026-06-08T15:52:01.227129,0,0.4344
EVT257183,P016,S04,beverages,9,60,2,0,2026-06-08T15:52:01.227132,1,0.6214
EVT855937,P018,S02,bakery,0,35,0,0,2026-06-08T15:52:01.227134,1,0.65
EVT488610,P020,S03,snacks,14,50,8,0,2026-06-08T15:52:01.227137,0,0.6796
EVT824528,P005,S04,snacks,14,50,8,0,2026-06-08T15:52:01.227140,1,0.6796
EVT587032,P013,S02,household,3,30,10,0,2026-06-08T15:52:01.227142,0,0.7994
EVT686767,P007,S01,frozen,41,45,0,0,2026-06-08T15:52:01.227145,0,0.24
EVT914727,P019,S02,beverages,24,60,12,0,2026-06-08T15:52:01.227148,1,0.7033
EVT321882,P010,S02,dairy,33,40,3,0,2026-06-08T15:52:01.227150,0,0.3371
EVT710413,P018,S02,dairy,10,40,4,0,2026-06-08T15:52:01.227153,0,0.6153
EVT527669,P002,S01,bakery,6,35,12,0,2026-06-08T15:52:01.227156,1,0.8062
EVT276344,P019,S04,dairy,4,40,10,0,2026-06-08T15:52:01.227159,0,0.7994
EVT156576,P019,S02,household,0,30,14,0,2026-06-08T15:52:01.227161,1,0.9222
EVT347235,P017,S01,bakery,5,35,17,0,2026-06-08T15:52:01.227163,1,0.9163
EVT612574,P018,S03,frozen,8,45,0,0,2026-06-08T15:52:01.227166,0,0.57
EVT689240,P011,S01,snacks,45,50,4,0,2026-06-08T15:52:01.227168,1,0.3228
EVT801805,P019,S04,beverages,36,60,4,0,2026-06-08T15:52:01.227171,0,0.4578
EVT135440,P006,S04,household,19,30,4,0,2026-06-08T15:52:01.227174,0,0.4428
EVT920138,P008,S03,frozen,34,45,3,0,2026-06-08T15:52:01.227176,1,0.3683
EVT750373,P020,S03,beverages,41,60,4,0,2026-06-08T15:52:01.227180,0,0.4203
EVT299595,P017,S02,dairy,30,40,2,0,2026-06-08T15:52:01.227182,0,0.3514
EVT415497,P008,S03,snacks,11,50,7,1,2026-06-08T15:52:01.227184,1,0.4871
EVT919955,P018,S02,bakery,24,35,1,0,2026-06-08T15:52:01.227187,0,0.3609
EVT501826,P013,S01,bakery,15,35,2,0,2026-06-08T15:52:01.227189,1,0.496
EVT958458,P015,S02,household,22,30,5,0,2026-06-08T15:52:01.227192,1,0.4172
EVT642535,P016,S01,snacks,8,50,16,0,2026-06-08T15:52:01.227194,0,0.8891
EVT100769,P020,S02,frozen,18,45,15,0,2026-06-08T15:52:01.227197,0,0.7617
EVT836594,P002,S02,frozen,33,45,6,0,2026-06-08T15:52:01.227199,1,0.4367
EVT659686,P004,S04,frozen,3,45,5,0,2026-06-08T15:52:01.227202,0,0.7172
EVT800749,P011,S01,household,27,30,1,0,2026-06-08T15:52:01.227204,0,0.2644
EVT372112,P013,S01,bakery,24,35,1,0,2026-06-08T15:52:01.227206,1,0.3609
EVT103375,P008,S04,snacks,17,50,9,0,2026-06-08T15:52:01.227209,0,0.672
EVT811847,P001,S04,household,2,30,18,0,2026-06-08T15:52:01.227211,1,0.95
EVT552824,P016,S03,bakery,8,35,17,0,2026-06-08T15:52:01.227214,0,0.8777
EVT904304,P004,S01,frozen,9,45,11,1,2026-06-08T15:52:01.227216,0,0.5739
EVT934314,P014,S04,bakery,30,35,6,0,2026-06-08T15:52:01.227218,0,0.381
EVT143294,P020,S01,bakery,24,35,1,0,2026-06-08T15:52:01.227221,1,0.3609
EVT565457,P003,S04,snacks,7,50,15,0,2026-06-08T15:52:01.227223,0,0.8787
EVT647502,P005,S03,household,10,30,11,0,2026-06-08T15:52:01.227226,1,0.7139
EVT827495,P002,S04,household,2,30,0,0,2026-06-08T15:52:01.227232,1,0.62
EVT780386,P016,S02,bakery,12,35,13,0,2026-06-08T15:52:01.227234,1,0.7485
EVT673666,P009,S02,household,15,30,1,0,2026-06-08T15:52:01.227237,0,0.4444
EVT723119,P014,S03,frozen,2,45,1,0,2026-06-08T15:52:01.227240,1,0.6494
EVT877331,P005,S01,bakery,6,35,3,0,2026-06-08T15:52:01.227242,0,0.6312
EVT688342,P006,S01,frozen,23,45,4,0,2026-06-08T15:52:01.227244,0,0.4978
EVT637969,P014,S04,beverages,10,60,0,0,2026-06-08T15:52:01.227247,1,0.575
EVT390180,P006,S02,household,9,30,15,0,2026-06-08T15:52:01.227249,1,0.8067
EVT651071,P018,S04,frozen,7,45,13,0,2026-06-08T15:52:01.227252,1,0.8328
EVT545722,P008,S03,snacks,3,50,13,0,2026-06-08T15:52:01.227254,1,0.8758
EVT893584,P017,S04,frozen,22,45,2,1,2026-06-08T15:52:01.227256,0,0.2689
EVT921226,P005,S04,household,1,30,2,0,2026-06-08T15:52:01.227259,1,0.6739
EVT559392,P010,S04,household,8,30,1,0,2026-06-08T15:52:01.227261,0,0.5494
EVT684025,P020,S01,bakery,6,35,12,0,2026-06-08T15:52:01.227263,1,0.8062
EVT908133,P004,S04,beverages,5,60,4,0,2026-06-08T15:52:01.227266,0,0.6903
EVT220394,P014,S04,snacks,14,50,13,0,2026-06-08T15:52:01.227313,0,0.7768
EVT107472,P013,S04,frozen,2,45,8,1,2026-06-08T15:52:01.227316,0,0.5856
EVT989263,P011,S03,beverages,3,60,10,1,2026-06-08T15:52:01.227318,0,0.6219
EVT672676,P019,S02,snacks,9,50,2,0,2026-06-08T15:52:01.227320,0,0.6079
EVT778429,P015,S02,dairy,0,40,2,0,2026-06-08T15:52:01.227323,1,0.6889
EVT204048,P001,S04,bakery,7,35,18,0,2026-06-08T15:52:01.227325,1,0.91
EVT750439,P011,S04,bakery,10,35,12,0,2026-06-08T15:52:01.227328,1,0.7548
EVT613623,P010,S04,bakery,30,35,1,0,2026-06-08T15:52:01.227330,0,0.2837
EVT982321,P016,S01,household,9,30,0,0,2026-06-08T15:52:01.227333,0,0.515
EVT174055,P010,S03,household,19,30,3,0,2026-06-08T15:52:01.227336,0,0.4233
EVT289165,P010,S03,frozen,3,45,14,0,2026-06-08T15:52:01.227338,1,0.8922
EVT297793,P018,S02,frozen,28,45,1,0,2026-06-08T15:52:01.227341,1,0.3894
EVT284759,P008,S04,bakery,11,35,10,0,2026-06-08T15:52:01.227343,0,0.703
EVT329290,P011,S01,household,4,30,1,0,2026-06-08T15:52:01.227346,1,0.6094
EVT277445,P005,S04,beverages,35,60,3,0,2026-06-08T15:52:01.227348,1,0.4458
EVT846406,P002,S01,household,10,30,8,0,2026-06-08T15:52:01.227351,0,0.6556
EVT760269,P019,S01,frozen,2,45,12,0,2026-06-08T15:52:01.227353,0,0.8633
EVT621094,P014,S02,snacks,5,50,11,0,2026-06-08T15:52:01.227355,1,0.8189
EVT110659,P001,S04,frozen,4,45,4,0,2026-06-08T15:52:01.227358,1,0.6878
EVT897081,P011,S03,household,25,30,6,0,2026-06-08T15:52:01.227360,0,0.3917
EVT902459,P017,S01,beverages,31,60,1,1,2026-06-08T15:52:01.227365,1,0.2369
EVT935299,P019,S03,dairy,12,40,11,1,2026-06-08T15:52:01.227367,0,0.5289
EVT722126,P003,S03,bakery,11,35,9,0,2026-06-08T15:52:01.227370,0,0.6836
EVT466328,P009,S02,dairy,0,40,14,0,2026-06-08T15:52:01.227372,1,0.9222
EVT638126,P006,S04,snacks,44,50,5,0,2026-06-08T15:52:01.227375,1,0.3512
EVT563050,P003,S01,bakery,5,35,12,0,2026-06-08T15:52:01.227377,1,0.819
EVT262455,P015,S04,bakery,5,35,2,0,2026-06-08T15:52:01.227380,0,0.6246
EVT177669,P014,S02,bakery,7,35,17,0,2026-06-08T15:52:01.227382,1,0.8906
EVT992555,P010,S01,household,7,30,2,0,2026-06-08T15:52:01.227384,0,0.5839
EVT594458,P016,S02,household,1,30,7,1,2026-06-08T15:52:01.227387,0,0.5711
EVT922978,P003,S03,frozen,16,45,8,0,2026-06-08T15:52:01.227389,1,0.6456
EVT494290,P013,S02,household,10,30,8,0,2026-06-08T15:52:01.227392,1,0.6556
EVT682433,P016,S04,snacks,15,50,9,1,2026-06-08T15:52:01.227394,0,0.49
EVT600518,P003,S01,dairy,10,40,0,0,2026-06-08T15:52:01.227396,1,0.5375
EVT190395,P002,S03,dairy,15,40,9,0,2026-06-08T15:52:01.227399,1,0.6562
EVT458956,P001,S01,bakery,18,35,1,0,2026-06-08T15:52:01.227402,0,0.438
EVT483033,P002,S02,dairy,6,40,18,0,2026-06-08T15:52:01.227404,1,0.9325
EVT458289,P016,S04,dairy,38,40,5,0,2026-06-08T15:52:01.227407,0,0.3197
EVT665293,P019,S03,bakery,27,35,4,0,2026-06-08T15:52:01.227409,1,0.3806
EVT192750,P006,S04,beverages,27,60,13,0,2026-06-08T15:52:01.227412,1,0.7003
EVT253151,P014,S03,bakery,10,35,8,1,2026-06-08T15:52:01.227414,1,0.477
EVT724123,P015,S04,dairy,2,40,3,0,2026-06-08T15:52:01.227416,1,0.6858
EVT561938,P001,S02,bakery,5,35,9,1,2026-06-08T15:52:01.227419,1,0.5607
EVT872459,P019,S01,dairy,11,40,9,0,2026-06-08T15:52:01.227421,1,0.7012
EVT934204,P020,S04,bakery,9,35,5,0,2026-06-08T15:52:01.227424,1,0.6315
EVT521523,P011,S03,household,5,30,12,0,2026-06-08T15:52:01.227426,1,0.8083
EVT950698,P005,S02,beverages,5,60,12,1,2026-06-08T15:52:01.227428,1,0.6458
EVT991555,P006,S01,dairy,7,40,14,0,2026-06-08T15:52:01.227431,1,0.8435
EVT432242,P012,S01,frozen,30,45,5,0,2026-06-08T15:52:01.227433,0,0.4472
EVT480178,P020,S03,snacks,32,50,0,0,2026-06-08T15:52:01.227436,0,0.362
EVT140511,P004,S02,dairy,0,40,0,0,2026-06-08T15:52:01.227438,1,0.65
EVT487972,P018,S01,frozen,5,45,13,0,2026-06-08T15:52:01.227440,1,0.8528
EVT904929,P003,S01,bakery,6,35,15,1,2026-06-08T15:52:01.227443,1,0.6645
EVT516535,P001,S01,snacks,40,50,0,0,2026-06-08T15:52:01.227445,0,0.29
EVT819544,P008,S02,dairy,30,40,6,0,2026-06-08T15:52:01.227448,1,0.4292
EVT849249,P006,S01,dairy,8,40,15,0,2026-06-08T15:52:01.227450,1,0.8517
EVT190956,P014,S02,dairy,1,40,16,0,2026-06-08T15:52:01.227452,1,0.9499
EVT923101,P008,S02,dairy,6,40,0,0,2026-06-08T15:52:01.227455,1,0.5825
EVT111894,P020,S04,frozen,7,45,0,0,2026-06-08T15:52:01.227460,1,0.58
EVT298361,P011,S03,frozen,9,45,12,0,2026-06-08T15:52:01.227462,1,0.7933
EVT743845,P002,S02,household,12,30,11,1,2026-06-08T15:52:01.227465,0,0.4839
EVT501590,P012,S04,snacks,34,50,5,0,2026-06-08T15:52:01.227467,0,0.4412
EVT785132,P006,S02,snacks,30,50,2,0,2026-06-08T15:52:01.227469,0,0.4189
EVT773879,P015,S03,frozen,35,45,6,0,2026-06-08T15:52:01.227472,1,0.4167
EVT188801,P012,S01,bakery,8,35,14,0,2026-06-08T15:52:01.227475,1,0.8194
EVT505903,P007,S03,beverages,0,60,4,0,2026-06-08T15:52:01.227477,1,0.7278
EVT936244,P006,S01,dairy,9,40,11,1,2026-06-08T15:52:01.227479,1,0.5626
EVT400830,P010,S02,bakery,30,35,5,0,2026-06-08T15:52:01.227508,0,0.3615
EVT829802,P013,S03,bakery,6,35,2,0,2026-06-08T15:52:01.227510,1,0.6117
EVT963063,P010,S04,dairy,26,40,4,0,2026-06-08T15:52:01.227513,0,0.4353
EVT953867,P018,S04,household,18,30,4,0,2026-06-08T15:52:01.227515,0,0.4578
EVT996077,P002,S01,dairy,26,40,4,0,2026-06-08T15:52:01.227517,0,0.4353
EVT659353,P003,S01,household,11,30,11,0,2026-06-08T15:52:01.227520,0,0.6989
EVT319148,P004,S02,bakery,27,35,4,0,2026-06-08T15:52:01.227522,0,0.3806
EVT669307,P014,S04,snacks,5,50,1,0,2026-06-08T15:52:01.227525,1,0.6244
EVT745433,P017,S02,household,23,30,6,0,2026-06-08T15:52:01.227527,0,0.4217
EVT361925,P017,S02,beverages,10,60,1,0,2026-06-08T15:52:01.227529,1,0.5944
EVT549927,P012,S04,beverages,7,60,10,0,2026-06-08T15:52:01.227532,0,0.7919
EVT426950,P004,S03,household,30,30,0,0,2026-06-08T15:52:01.227534,0,0.2
EVT186964,P014,S03,household,29,30,1,0,2026-06-08T15:52:01.227536,1,0.2344
EVT648189,P004,S03,dairy,28,40,1,0,2026-06-08T15:52:01.227539,1,0.3544
EVT505393,P011,S02,snacks,2,50,14,0,2026-06-08T15:52:01.227541,1,0.9042
EVT284240,P010,S02,snacks,46,50,4,0,2026-06-08T15:52:01.227544,1,0.3138
EVT321283,P007,S01,snacks,6,50,1,0,2026-06-08T15:52:01.227546,1,0.6154
EVT300426,P001,S02,frozen,14,45,10,0,2026-06-08T15:52:01.227549,1,0.7044
EVT291814,P002,S02,frozen,9,45,9,0,2026-06-08T15:52:01.227552,1,0.735
EVT712502,P016,S04,dairy,14,40,7,0,2026-06-08T15:52:01.227554,1,0.6286
EVT719393,P020,S03,snacks,31,50,5,0,2026-06-08T15:52:01.227556,0,0.4682
EVT951714,P013,S03,frozen,12,45,11,1,2026-06-08T15:52:01.227559,1,0.5439
EVT425227,P003,S04,snacks,42,50,2,0,2026-06-08T15:52:01.227561,0,0.3109
EVT682350,P015,S03,household,2,30,3,0,2026-06-08T15:52:01.227563,0,0.6783
EVT735961,P009,S03,household,13,30,16,0,2026-06-08T15:52:01.227566,1,0.7661
EVT302245,P005,S04,frozen,43,45,0,0,2026-06-08T15:52:01.227568,1,0.22
EVT327004,P001,S04,snacks,42,50,3,1,2026-06-08T15:52:01.227571,0,0.1303
EVT156658,P016,S01,snacks,9,50,11,1,2026-06-08T15:52:01.227573,1,0.5829
EVT992373,P012,S04,household,6,30,8,1,2026-06-08T15:52:01.227575,1,0.5156
EVT965693,P011,S03,dairy,10,40,1,0,2026-06-08T15:52:01.227578,0,0.5569
EVT721892,P002,S03,beverages,35,60,1,0,2026-06-08T15:52:01.227580,0,0.4069
EVT808014,P007,S02,frozen,36,45,4,0,2026-06-08T15:52:01.227582,0,0.3678
EVT515011,P016,S04,beverages,5,60,12,0,2026-06-08T15:52:01.227585,1,0.8458
EVT885093,P007,S04,dairy,1,40,6,1,2026-06-08T15:52:01.227587,0,0.5554
EVT882010,P008,S03,beverages,5,60,15,0,2026-06-08T15:52:01.227590,1,0.9042
EVT712832,P001,S02,bakery,19,35,3,0,2026-06-08T15:52:01.227594,1,0.464
EVT307247,P007,S04,snacks,24,50,0,0,2026-06-08T15:52:01.227597,0,0.434
EVT445203,P004,S01,beverages,45,60,5,1,2026-06-08T15:52:01.227599,1,0.2097
EVT294772,P019,S01,frozen,0,45,7,1,2026-06-08T15:52:01.227602,1,0.5861
EVT979204,P013,S04,dairy,36,40,4,0,2026-06-08T15:52:01.227604,0,0.3228
EVT211098,P018,S04,household,17,30,1,0,2026-06-08T15:52:01.227606,1,0.4144
EVT711781,P017,S04,bakery,28,35,0,0,2026-06-08T15:52:01.227609,1,0.29
EVT458482,P020,S04,dairy,28,40,1,0,2026-06-08T15:52:01.227611,0,0.3544
EVT522300,P007,S01,bakery,22,35,6,0,2026-06-08T15:52:01.227614,0,0.4838
EVT716870,P008,S01,frozen,40,45,2,0,2026-06-08T15:52:01.227616,0,0.2889
EVT976545,P013,S01,household,14,30,6,0,2026-06-08T15:52:01.227618,0,0.5567
EVT762523,P005,S02,household,11,30,11,1,2026-06-08T15:52:01.227621,0,0.4989
EVT876828,P015,S04,bakery,33,35,6,1,2026-06-08T15:52:01.227623,1,0.1424
EVT983052,P014,S01,bakery,26,35,0,0,2026-06-08T15:52:01.227626,0,0.3157
EVT783370,P003,S01,bakery,0,35,3,0,2026-06-08T15:52:01.227628,1,0.7083
EVT384588,P001,S04,dairy,13,40,8,0,2026-06-08T15:52:01.227631,1,0.6593
EVT753495,P014,S01,bakery,29,35,3,0,2026-06-08T15:52:01.227633,0,0.3355
EVT717393,P009,S04,bakery,7,35,17,0,2026-06-08T15:52:01.227635,1,0.8906
EVT847009,P004,S03,beverages,39,60,6,0,2026-06-08T15:52:01.227638,1,0.4742
EVT435787,P003,S04,beverages,42,60,1,0,2026-06-08T15:52:01.227641,1,0.3544
EVT649769,P010,S04,snacks,29,50,1,0,2026-06-08T15:52:01.227643,1,0.4084
EVT228686,P017,S03,frozen,16,45,10,0,2026-06-08T15:52:01.227646,0,0.6844
EVT345702,P006,S04,snacks,13,50,8,0,2026-06-08T15:52:01.227648,1,0.6886
EVT688121,P009,S04,bakery,1,35,12,1,2026-06-08T15:52:01.227651,1,0.6705
EVT290752,P006,S02,snacks,1,50,16,0,2026-06-08T15:52:01.227653,1,0.95
EVT739034,P007,S02,snacks,13,50,9,1,2026-06-08T15:52:01.227655,1,0.508
EVT901583,P012,S02,snacks,2,50,14,0,2026-06-08T15:52:01.227658,1,0.9042
EVT990382,P016,S01,household,6,30,16,0,2026-06-08T15:52:01.227660,1,0.8711
EVT878209,P008,S04,frozen,36,45,4,0,2026-06-08T15:52:01.227663,1,0.3678
EVT629482,P008,S01,snacks,21,50,10,0,2026-06-08T15:52:01.227665,1,0.6554
EVT840331,P006,S03,household,26,30,1,0,2026-06-08T15:52:01.227667,0,0.2794
EVT944613,P005,S04,frozen,22,45,3,0,2026-06-08T15:52:01.227670,0,0.4883
EVT655641,P004,S03,dairy,34,40,5,0,2026-06-08T15:52:01.227672,0,0.3647
EVT226343,P012,S02,beverages,2,60,1,0,2026-06-08T15:52:01.227674,0,0.6544
EVT263696,P017,S03,snacks,24,50,6,0,2026-06-08T15:52:01.227677,0,0.5507
EVT410683,P014,S02,bakery,33,35,0,0,2026-06-08T15:52:01.227679,1,0.2257
EVT235946,P001,S02,frozen,44,45,1,0,2026-06-08T15:52:01.227681,0,0.2294
EVT383543,P018,S03,dairy,32,40,3,0,2026-06-08T15:52:01.227684,0,0.3483
EVT952190,P005,S01,beverages,9,60,2,0,2026-06-08T15:52:01.227686,1,0.6214
EVT255143,P014,S02,household,2,30,5,0,2026-06-08T15:52:01.227691,0,0.7172
EVT652392,P004,S03,household,13,30,11,0,2026-06-08T15:52:01.227693,1,0.6689
EVT809859,P004,S04,frozen,5,45,13,1,2026-06-08T15:52:01.227696,0,0.6528
EVT220970,P009,S03,bakery,8,35,15,0,2026-06-08T15:52:01.227698,0,0.8388
EVT615730,P017,S02,dairy,8,40,14,0,2026-06-08T15:52:01.227701,1,0.8322
EVT116845,P008,S02,frozen,20,45,5,1,2026-06-08T15:52:01.227703,0,0.3472
EVT506173,P006,S02,beverages,38,60,5,0,2026-06-08T15:52:01.227705,0,0.4622
EVT476214,P007,S03,household,13,30,3,0,2026-06-08T15:52:01.227708,0,0.5133
EVT640639,P017,S03,bakery,18,35,1,0,2026-06-08T15:52:01.227710,1,0.438
EVT963682,P018,S03,frozen,23,45,4,0,2026-06-08T15:52:01.227713,0,0.4978
EVT656383,P017,S04,household,29,30,4,0,2026-06-08T15:52:01.227715,0,0.2928
EVT922205,P017,S02,bakery,4,35,2,0,2026-06-08T15:52:01.227718,1,0.6375
EVT940108,P017,S03,beverages,3,60,13,1,2026-06-08T15:52:01.227720,1,0.6803
EVT384475,P003,S04,household,7,30,14,0,2026-06-08T15:52:01.227723,0,0.8172
EVT287838,P004,S04,dairy,6,40,13,1,2026-06-08T15:52:01.227725,1,0.6353
EVT189960,P016,S03,beverages,17,60,15,0,2026-06-08T15:52:01.227727,1,0.8142
EVT218319,P009,S03,snacks,15,50,13,0,2026-06-08T15:52:01.227730,1,0.7678
EVT243270,P010,S03,bakery,28,35,3,0,2026-06-08T15:52:01.227732,1,0.3483
EVT794517,P016,S04,snacks,15,50,10,0,2026-06-08T15:52:01.227735,1,0.7094
EVT437594,P004,S03,snacks,36,50,2,0,2026-06-08T15:52:01.227738,0,0.3649
EVT947466,P001,S02,snacks,9,50,4,0,2026-06-08T15:52:01.227740,1,0.6468
EVT838217,P004,S04,snacks,38,50,6,1,2026-06-08T15:52:01.227743,0,0.2247
EVT572640,P001,S01,frozen,5,45,16,0,2026-06-08T15:52:01.227745,1,0.9111
EVT485168,P017,S02,beverages,50,60,4,0,2026-06-08T15:52:01.227748,1,0.3528
EVT761103,P019,S02,dairy,8,40,10,0,2026-06-08T15:52:01.227750,1,0.7544
EVT442693,P019,S01,dairy,27,40,3,0,2026-06-08T15:52:01.227752,0,0.4046
EVT550943,P005,S01,bakery,1,35,11,0,2026-06-08T15:52:01.227755,1,0.851
EVT552120,P015,S01,household,13,30,6,1,2026-06-08T15:52:01.227757,0,0.3717
EVT154896,P013,S02,frozen,10,45,2,0,2026-06-08T15:52:01.227759,0,0.5889
EVT502103,P019,S02,frozen,5,45,2,0,2026-06-08T15:52:01.227762,1,0.6389
EVT603085,P010,S04,frozen,26,45,5,0,2026-06-08T15:52:01.227764,0,0.4872
EVT743592,P020,S02,household,6,30,1,0,2026-06-08T15:52:01.227766,0,0.5794
EVT216938,P003,S02,dairy,34,40,0,0,2026-06-08T15:52:01.227769,0,0.2675
EVT498582,P002,S01,dairy,15,40,11,0,2026-06-08T15:52:01.227771,0,0.6951
EVT232144,P018,S04,beverages,28,60,0,0,2026-06-08T15:52:01.227774,0,0.44
EVT681737,P015,S04,household,17,30,3,0,2026-06-08T15:52:01.227776,0,0.4533
EVT697234,P016,S02,beverages,31,60,0,0,2026-06-08T15:52:01.227778,1,0.4175
EVT451374,P012,S02,dairy,2,40,4,0,2026-06-08T15:52:01.227781,0,0.7053
EVT745554,P008,S02,beverages,24,60,14,0,2026-06-08T15:52:01.227783,1,0.7422
EVT283567,P020,S03,beverages,29,60,2,1,2026-06-08T15:52:01.227793,0,0.2714
EVT544057,P006,S02,snacks,48,50,4,0,2026-06-08T15:52:01.227796,0,0.2958
EVT817839,P008,S02,beverages,29,60,5,0,2026-06-08T15:52:01.227798,0,0.5297
EVT798221,P010,S04,bakery,8,35,8,1,2026-06-08T15:52:01.227801,0,0.5027
EVT402204,P002,S02,household,10,30,10,0,2026-06-08T15:52:01.227803,1,0.6944
EVT592855,P001,S04,frozen,12,45,7,1,2026-06-08T15:52:01.227805,0,0.4661
EVT524975,P015,S01,dairy,33,40,1,0,2026-06-08T15:52:01.227808,0,0.2982
EVT737040,P019,S02,beverages,31,60,6,0,2026-06-08T15:52:01.227810,1,0.5342
EVT924922,P011,S01,snacks,24,50,5,0,2026-06-08T15:52:01.227812,1,0.5312
EVT868853,P018,S02,beverages,3,60,14,1,2026-06-08T15:52:01.227815,1,0.6997
EVT313372,P013,S04,dairy,21,40,4,0,2026-06-08T15:52:01.227817,0,0.4915
EVT607855,P005,S04,beverages,3,60,17,0,2026-06-08T15:52:01.227820,1,0.95
EVT997270,P017,S03,bakery,11,35,10,0,2026-06-08T15:52:01.227822,0,0.703
EVT463135,P002,S02,snacks,25,50,3,0,2026-06-08T15:52:01.227825,1,0.4833
EVT317798,P004,S03,bakery,0,35,10,0,2026-06-08T15:52:01.227828,0,0.8444
EVT814394,P018,S04,dairy,25,40,6,0,2026-06-08T15:52:01.227830,1,0.4854
EVT183829,P006,S02,bakery,10,35,10,0,2026-06-08T15:52:01.227833,0,0.7159
EVT986966,P007,S02,bakery,16,35,0,1,2026-06-08T15:52:01.227835,1,0.2443
EVT190580,P003,S02,frozen,3,45,3,0,2026-06-08T15:52:01.227838,1,0.6783
EVT838784,P017,S01,household,2,30,7,1,2026-06-08T15:52:01.227840,0,0.5561
EVT711168,P007,S04,household,30,30,5,0,2026-06-08T15:52:01.227843,0,0.2972
EVT113091,P020,S03,dairy,24,40,0,0,2026-06-08T15:52:01.227845,0,0.38
EVT570799,P005,S04,beverages,4,60,12,1,2026-06-08T15:52:01.227848,1,0.6533
EVT538557,P019,S04,household,13,30,9,0,2026-06-08T15:52:01.227850,1,0.63
EVT549601,P015,S02,bakery,22,35,5,0,2026-06-08T15:52:01.227853,1,0.4644
EVT387515,P018,S02,bakery,5,35,4,0,2026-06-08T15:52:01.227855,1,0.6635
EVT548420,P015,S03,household,27,30,5,0,2026-06-08T15:52:01.227857,0,0.3422
EVT260358,P006,S01,household,29,30,4,0,2026-06-08T15:52:01.227860,0,0.2928
EVT356527,P003,S01,frozen,18,45,11,1,2026-06-08T15:52:01.227862,0,0.4839
EVT304125,P017,S04,dairy,38,40,5,0,2026-06-08T15:52:01.227865,0,0.3197
EVT807052,P020,S04,dairy,16,40,10,1,2026-06-08T15:52:01.227867,0,0.4644
EVT435234,P005,S03,household,15,30,0,0,2026-06-08T15:52:01.227869,0,0.425
EVT905241,P019,S01,dairy,3,40,15,1,2026-06-08T15:52:01.227875,1,0.7079
EVT134569,P020,S03,beverages,3,60,15,0,2026-06-08T15:52:01.227878,1,0.9192
EVT712586,P001,S01,frozen,2,45,16,0,2026-06-08T15:52:01.227880,1,0.9411
EVT265761,P004,S04,dairy,18,40,6,1,2026-06-08T15:52:01.227882,0,0.3642
EVT693069,P009,S03,dairy,9,40,5,0,2026-06-08T15:52:01.227885,1,0.646
EVT350681,P017,S03,snacks,2,50,10,0,2026-06-08T15:52:01.227887,1,0.8264
EVT953158,P015,S03,household,27,30,2,0,2026-06-08T15:52:01.227889,0,0.2839
EVT839164,P006,S03,household,25,30,1,1,2026-06-08T15:52:01.227892,1,0.0944
EVT607566,P001,S03,frozen,10,45,10,0,2026-06-08T15:52:01.227895,1,0.7444
EVT411734,P020,S03,bakery,26,35,5,0,2026-06-08T15:52:01.227897,0,0.4129
EVT762646,P006,S01,frozen,3,45,17,0,2026-06-08T15:52:01.227899,1,0.95
EVT970703,P012,S03,household,4,30,11,1,2026-06-08T15:52:01.227902,1,0.6039
EVT843808,P007,S04,frozen,6,45,3,0,2026-06-08T15:52:01.227904,0,0.6483
EVT520287,P011,S01,beverages,60,60,5,0,2026-06-08T15:52:01.227906,0,0.2972
EVT650604,P002,S03,household,4,30,4,0,2026-06-08T15:52:01.227909,0,0.6678
EVT929156,P009,S01,frozen,9,45,13,1,2026-06-08T15:52:01.227911,1,0.6128
EVT381347,P005,S03,beverages,15,60,10,0,2026-06-08T15:52:01.227913,1,0.7319
EVT781469,P003,S01,bakery,30,35,1,0,2026-06-08T15:52:01.227916,0,0.2837
EVT932856,P020,S03,snacks,46,50,4,0,2026-06-08T15:52:01.227918,1,0.3138
EVT209372,P008,S02,dairy,24,40,6,0,2026-06-08T15:52:01.227921,0,0.4967
EVT173247,P001,S01,bakery,5,35,16,0,2026-06-08T15:52:01.227923,1,0.8968
EVT131111,P001,S04,beverages,3,60,10,0,2026-06-08T15:52:01.227925,1,0.8219
EVT558592,P012,S03,bakery,4,35,1,0,2026-06-08T15:52:01.227928,1,0.618
EVT699326,P017,S02,snacks,10,50,14,0,2026-06-08T15:52:01.227930,1,0.8322
EVT753287,P013,S03,snacks,35,50,6,0,2026-06-08T15:52:01.227933,0,0.4517
EVT305269,P005,S01,frozen,22,45,6,0,2026-06-08T15:52:01.227935,0,0.5467
EVT851885,P010,S03,snacks,18,50,14,0,2026-06-08T15:52:01.227938,1,0.7602
EVT246250,P017,S04,beverages,16,60,14,0,2026-06-08T15:52:01.227941,1,0.8022
EVT315619,P009,S01,dairy,11,40,10,0,2026-06-08T15:52:01.227943,1,0.7207
EVT606962,P020,S03,dairy,35,40,3,0,2026-06-08T15:52:01.227946,0,0.3146
EVT391913,P001,S04,dairy,9,40,8,1,2026-06-08T15:52:01.227948,0,0.5043
EVT125581,P004,S01,household,5,30,10,1,2026-06-08T15:52:01.227951,0,0.5694
EVT805543,P016,S04,frozen,25,45,4,0,2026-06-08T15:52:01.227953,0,0.4778
EVT845322,P019,S03,frozen,32,45,0,0,2026-06-08T15:52:01.227956,0,0.33
EVT510666,P013,S04,bakery,0,35,18,0,2026-06-08T15:52:01.227958,1,0.95
EVT497674,P019,S04,snacks,36,50,3,0,2026-06-08T15:52:01.227961,0,0.3843
EVT441863,P013,S02,dairy,2,40,11,0,2026-06-08T15:52:01.227963,1,0.8414
EVT590546,P019,S01,snacks,17,50,12,0,2026-06-08T15:52:01.227966,1,0.7303
EVT281763,P020,S02,beverages,1,60,10,0,2026-06-08T15:52:01.227968,1,0.8369
EVT139897,P010,S03,dairy,15,40,10,0,2026-06-08T15:52:01.227971,1,0.6757
EVT321068,P004,S04,beverages,34,60,6,1,2026-06-08T15:52:01.227973,1,0.3117
EVT464660,P008,S03,dairy,38,40,1,0,2026-06-08T15:52:01.227975,0,0.2419
EVT761584,P009,S03,bakery,6,35,11,0,2026-06-08T15:52:01.227978,1,0.7867
EVT397562,P009,S03,bakery,14,35,6,0,2026-06-08T15:52:01.227980,1,0.5867
EVT851471,P001,S03,bakery,26,35,5,0,2026-06-08T15:52:01.227982,0,0.4129
EVT209771,P011,S02,frozen,10,45,12,0,2026-06-08T15:52:01.227985,0,0.7833
EVT130449,P015,S02,household,9,30,10,1,2026-06-08T15:52:01.227990,0,0.5094
EVT988262,P001,S01,snacks,42,50,5,0,2026-06-08T15:52:01.227993,0,0.3692
EVT226187,P013,S03,bakery,8,35,11,0,2026-06-08T15:52:01.227995,1,0.761
EVT760620,P002,S04,frozen,18,45,14,0,2026-06-08T15:52:01.227998,0,0.7422
EVT548796,P011,S02,bakery,34,35,6,0,2026-06-08T15:52:01.228000,1,0.3295
EVT771373,P010,S02,frozen,27,45,3,0,2026-06-08T15:52:01.228003,1,0.4383
EVT864266,P015,S02,snacks,1,50,2,0,2026-06-08T15:52:01.228005,0,0.6799
EVT346992,P019,S04,beverages,25,60,11,0,2026-06-08T15:52:01.228008,1,0.6764
EVT382191,P020,S03,snacks,30,50,5,0,2026-06-08T15:52:01.228010,0,0.4772
EVT611235,P010,S04,bakery,34,35,3,0,2026-06-08T15:52:01.228012,0,0.2712
EVT838012,P012,S03,beverages,6,60,14,0,2026-06-08T15:52:01.228015,1,0.8772
EVT146488,P010,S03,dairy,4,40,0,0,2026-06-08T15:52:01.228017,1,0.605
EVT195700,P014,S02,household,18,30,3,0,2026-06-08T15:52:01.228020,1,0.4383
EVT241623,P017,S04,snacks,22,50,2,0,2026-06-08T15:52:01.228022,1,0.4909
EVT178586,P008,S01,bakery,12,35,9,0,2026-06-08T15:52:01.228025,1,0.6707
EVT311557,P007,S04,bakery,8,35,9,0,2026-06-08T15:52:01.228027,0,0.7221
EVT456773,P009,S03,frozen,17,45,8,0,2026-06-08T15:52:01.228030,1,0.6356
EVT791523,P020,S03,household,9,30,14,1,2026-06-08T15:52:01.228032,1,0.5872
EVT959929,P009,S02,household,24,30,5,0,2026-06-08T15:52:01.228035,0,0.3872
EVT435049,P004,S02,snacks,33,50,6,0,2026-06-08T15:52:01.228038,0,0.4697
EVT952184,P013,S03,snacks,9,50,9,0,2026-06-08T15:52:01.228041,1,0.744
EVT139230,P004,S01,dairy,40,40,3,0,2026-06-08T15:52:01.228043,0,0.2583
EVT909330,P007,S03,household,22,30,3,0,2026-06-08T15:52:01.228045,0,0.3783
EVT929707,P002,S03,household,16,30,4,0,2026-06-08T15:52:01.228048,0,0.4878
EVT814620,P012,S02,beverages,7,60,0,0,2026-06-08T15:52:01.228050,0,0.5975
EVT271680,P006,S03,frozen,28,45,5,0,2026-06-08T15:52:01.228052,0,0.4672
EVT698589,P017,S04,dairy,32,40,5,1,2026-06-08T15:52:01.228055,0,0.1872
EVT313555,P001,S02,beverages,15,60,11,0,2026-06-08T15:52:01.228057,1,0.7514
EVT626341,P018,S02,bakery,6,35,14,1,2026-06-08T15:52:01.228060,1,0.6451
EVT532497,P016,S01,beverages,49,60,2,0,2026-06-08T15:52:01.228062,1,0.3214
EVT504656,P005,S03,bakery,10,35,7,1,2026-06-08T15:52:01.228064,0,0.4575
EVT320300,P016,S02,household,13,30,10,0,2026-06-08T15:52:01.228067,0,0.6494
EVT902316,P007,S03,bakery,1,35,2,0,2026-06-08T15:52:01.228069,1,0.676
EVT210101,P009,S04,frozen,5,45,5,0,2026-06-08T15:52:01.228071,1,0.6972
EVT412944,P009,S03,frozen,36,45,0,0,2026-06-08T15:52:01.228074,1,0.29
EVT832454,P018,S04,beverages,7,60,10,0,2026-06-08T15:52:01.228076,0,0.7919
EVT639502,P006,S04,bakery,4,35,15,0,2026-06-08T15:52:01.228078,1,0.8902
EVT194049,P016,S04,beverages,19,60,10,0,2026-06-08T15:52:01.228081,1,0.7019
EVT517385,P002,S03,dairy,24,40,0,0,2026-06-08T15:52:01.228083,1,0.38
EVT686373,P002,S03,dairy,19,40,3,0,2026-06-08T15:52:01.228088,1,0.4946
EVT957709,P006,S04,snacks,48,50,2,0,2026-06-08T15:52:01.228091,0,0.2569
EVT952088,P005,S04,snacks,43,50,6,0,2026-06-08T15:52:01.228093,0,0.3797
EVT994548,P017,S02,snacks,10,50,12,0,2026-06-08T15:52:01.228096,1,0.7933
EVT221997,P012,S03,bakery,16,35,7,0,2026-06-08T15:52:01.228098,1,0.5804
EVT132084,P001,S03,household,7,30,17,0,2026-06-08T15:52:01.228101,1,0.8756
EVT596115,P003,S01,dairy,27,40,4,0,2026-06-08T15:52:01.228103,1,0.424
EVT906035,P016,S04,snacks,9,50,0,0,2026-06-08T15:52:01.228106,1,0.569
EVT794890,P002,S02,household,24,30,0,0,2026-06-08T15:52:01.228108,0,0.29
EVT119933,P019,S03,beverages,8,60,12,0,2026-06-08T15:52:01.228110,1,0.8233
EVT417905,P020,S01,bakery,13,35,8,1,2026-06-08T15:52:01.228113,1,0.4384
EVT231851,P019,S04,bakery,18,35,4,0,2026-06-08T15:52:01.228115,1,0.4963
EVT386514,P015,S01,household,12,30,9,0,2026-06-08T15:52:01.228118,1,0.645
EVT978769,P019,S04,snacks,48,50,2,0,2026-06-08T15:52:01.228120,1,0.2569
EVT824274,P002,S03,beverages,57,60,1,0,2026-06-08T15:52:01.228123,1,0.2419
EVT181939,P008,S04,snacks,2,50,0,0,2026-06-08T15:52:01.228125,0,0.632
EVT248629,P020,S01,beverages,4,60,16,0,2026-06-08T15:52:01.228128,1,0.9311
EVT209302,P019,S01,frozen,3,45,10,1,2026-06-08T15:52:01.228130,1,0.6144
EVT166383,P001,S02,beverages,3,60,0,0,2026-06-08T15:52:01.228132,1,0.6275
EVT411943,P010,S02,beverages,3,60,10,0,2026-06-08T15:52:01.228135,1,0.8219
EVT692312,P012,S03,beverages,36,60,1,0,2026-06-08T15:52:01.228137,0,0.3994
EVT654307,P007,S01,frozen,24,45,0,0,2026-06-08T15:52:01.228139,0,0.41
EVT315330,P001,S01,bakery,3,35,0,0,2026-06-08T15:52:01.228142,0,0.6114
EVT889594,P004,S04,bakery,7,35,3,0,2026-06-08T15:52:01.228144,1,0.6183
EVT748687,P014,S04,household,8,30,5,0,2026-06-08T15:52:01.228146,1,0.6272
EVT137043,P019,S03,dairy,5,40,0,0,2026-06-08T15:52:01.228149,1,0.5938
EVT133244,P018,S03,household,7,30,9,1,2026-06-08T15:52:01.228151,1,0.52
EVT439247,P009,S03,dairy,8,40,15,0,2026-06-08T15:52:01.228153,1,0.8517
EVT875691,P018,S04,household,21,30,1,0,2026-06-08T15:52:01.228156,1,0.3544
EVT404526,P017,S04,dairy,31,40,1,1,2026-06-08T15:52:01.228158,0,0.1207
EVT727132,P015,S04,frozen,3,45,6,1,2026-06-08T15:52:01.228161,0,0.5367
EVT608431,P001,S03,household,7,30,2,0,2026-06-08T15:52:01.228163,1,0.5839
EVT532721,P016,S02,bakery,27,35,1,0,2026-06-08T15:52:01.228165,0,0.3223
EVT725159,P002,S01,household,12,30,13,1,2026-06-08T15:52:01.228168,0,0.5228
EVT573476,P002,S02,frozen,39,45,5,0,2026-06-08T15:52:01.228171,1,0.3572
EVT335521,P019,S02,beverages,39,60,0,0,2026-06-08T15:52:01.228173,1,0.3575
EVT891472,P015,S04,household,30,30,0,0,2026-06-08T15:52:01.228175,1,0.2
EVT133040,P003,S04,snacks,26,50,5,0,2026-06-08T15:52:01.228178,0,0.5132
EVT283910,P018,S02,household,20,30,1,0,2026-06-08T15:52:01.228180,1,0.3694
EVT666603,P004,S01,beverages,25,60,9,0,2026-06-08T15:52:01.228185,1,0.6375
EVT608207,P019,S03,frozen,7,45,18,0,2026-06-08T15:52:01.228188,1,0.93
EVT614800,P001,S02,household,30,30,5,0,2026-06-08T15:52:01.228190,1,0.2972
EVT231265,P014,S03,bakery,5,35,11,0,2026-06-08T15:52:01.228193,1,0.7996
EVT435346,P010,S03,bakery,8,35,6,1,2026-06-08T15:52:01.228195,1,0.4638
EVT883759,P002,S04,household,10,30,11,1,2026-06-08T15:52:01.228197,0,0.5139
EVT811949,P013,S01,bakery,4,35,16,0,2026-06-08T15:52:01.228200,1,0.9097
EVT571866,P019,S04,bakery,4,35,16,0,2026-06-08T15:52:01.228202,1,0.9097
EVT803597,P011,S03,household,12,30,13,0,2026-06-08T15:52:01.228205,1,0.7228
EVT792544,P013,S01,beverages,48,60,6,0,2026-06-08T15:52:01.228207,0,0.4067
EVT389548,P004,S02,bakery,9,35,2,0,2026-06-08T15:52:01.228209,0,0.5732
EVT176838,P005,S01,bakery,7,35,4,0,2026-06-08T15:52:01.228212,1,0.6378
EVT359918,P016,S02,dairy,9,40,16,0,2026-06-08T15:52:01.228214,1,0.8599
EVT643696,P012,S03,frozen,39,45,2,0,2026-06-08T15:52:01.228217,0,0.2989
EVT257783,P004,S04,bakery,9,35,0,0,2026-06-08T15:52:01.228219,1,0.5343
EVT647506,P018,S01,beverages,13,60,9,0,2026-06-08T15:52:01.228221,0,0.7275
EVT906226,P018,S02,beverages,54,60,0,0,2026-06-08T15:52:01.228224,0,0.245
EVT673333,P001,S02,dairy,9,40,4,0,2026-06-08T15:52:01.228226,1,0.6265
EVT139569,P014,S02,snacks,4,50,18,0,2026-06-08T15:52:01.228228,0,0.95
EVT240813,P005,S02,snacks,22,50,2,0,2026-06-08T15:52:01.228231,1,0.4909
EVT666535,P020,S04,snacks,41,50,1,0,2026-06-08T15:52:01.228234,0,0.3004
EVT400513,P005,S04,frozen,35,45,3,0,2026-06-08T15:52:01.228236,1,0.3583
EVT133766,P015,S03,household,23,30,1,0,2026-06-08T15:52:01.228238,0,0.3244
EVT172780,P009,S03,frozen,31,45,1,0,2026-06-08T15:52:01.228241,0,0.3594
EVT116105,P014,S04,dairy,17,40,8,0,2026-06-08T15:52:01.228243,1,0.6143
EVT788494,P014,S04,household,10,30,12,0,2026-06-08T15:52:01.228245,1,0.7333
EVT439516,P002,S02,snacks,24,50,1,0,2026-06-08T15:52:01.228248,1,0.4534
EVT312728,P017,S02,beverages,6,60,15,1,2026-06-08T15:52:01.228250,1,0.6967
EVT640166,P002,S03,beverages,35,60,5,0,2026-06-08T15:52:01.228253,1,0.4847
EVT908135,P008,S03,snacks,3,50,15,0,2026-06-08T15:52:01.228255,1,0.9147
EVT762972,P009,S01,dairy,32,40,5,0,2026-06-08T15:52:01.228258,1,0.3872
EVT585809,P020,S01,household,22,30,2,0,2026-06-08T15:52:01.228260,1,0.3589
EVT348506,P011,S04,dairy,7,40,18,0,2026-06-08T15:52:01.228262,1,0.9212
EVT284107,P019,S03,dairy,21,40,6,0,2026-06-08T15:52:01.228265,0,0.5304
EVT588599,P013,S02,dairy,25,40,2,0,2026-06-08T15:52:01.228267,0,0.4076
EVT978432,P012,S04,snacks,10,50,5,0,2026-06-08T15:52:01.228272,1,0.6572
EVT238017,P013,S02,frozen,35,45,5,0,2026-06-08T15:52:01.228274,0,0.3972
EVT310328,P013,S03,snacks,5,50,11,0,2026-06-08T15:52:01.228277,1,0.8189
EVT335230,P011,S02,frozen,9,45,3,0,2026-06-08T15:52:01.228279,1,0.6183
EVT645066,P001,S04,dairy,19,40,4,0,2026-06-08T15:52:01.228282,1,0.514
EVT101689,P018,S03,household,30,30,0,1,2026-06-08T15:52:01.228284,0,0.05
EVT804988,P002,S01,frozen,4,45,3,0,2026-06-08T15:52:01.228287,1,0.6683
EVT440933,P005,S03,beverages,6,60,0,0,2026-06-08T15:52:01.228289,1,0.605
EVT672232,P001,S01,household,13,30,3,0,2026-06-08T15:52:01.228292,0,0.5133
EVT510043,P007,S03,bakery,1,35,4,0,2026-06-08T15:52:01.228294,1,0.7149
EVT741055,P003,S02,snacks,48,50,5,0,2026-06-08T15:52:01.228296,1,0.3152
EVT286269,P017,S03,beverages,2,60,5,0,2026-06-08T15:52:01.228299,0,0.7322
EVT124652,P013,S04,bakery,7,35,0,0,2026-06-08T15:52:01.228301,0,0.56
EVT505778,P009,S04,snacks,6,50,1,0,2026-06-08T15:52:01.228303,1,0.6154
EVT511035,P011,S02,beverages,13,60,11,0,2026-06-08T15:52:01.228306,0,0.7664
EVT962541,P005,S04,snacks,31,50,5,0,2026-06-08T15:52:01.228308,0,0.4682
EVT281618,P008,S02,dairy,21,40,2,0,2026-06-08T15:52:01.228310,0,0.4526
EVT435006,P017,S02,snacks,14,50,8,0,2026-06-08T15:52:01.228313,1,0.6796
EVT252701,P012,S01,dairy,23,40,1,0,2026-06-08T15:52:01.228315,1,0.4107
EVT327363,P005,S01,snacks,13,50,10,0,2026-06-08T15:52:01.228318,1,0.7274
EVT297923,P002,S04,dairy,14,40,11,0,2026-06-08T15:52:01.228320,1,0.7064
EVT434362,P002,S02,beverages,43,60,4,0,2026-06-08T15:52:01.228323,1,0.4053
EVT722449,P006,S04,frozen,21,45,5,0,2026-06-08T15:52:01.228325,0,0.5372
EVT509689,P020,S01,dairy,10,40,15,0,2026-06-08T15:52:01.228328,0,0.8292
EVT877395,P005,S01,frozen,34,45,2,0,2026-06-08T15:52:01.228330,1,0.3489
EVT356183,P017,S02,beverages,0,60,18,0,2026-06-08T15:52:01.228333,1,0.95
EVT123325,P018,S04,household,5,30,18,0,2026-06-08T15:52:01.228335,1,0.925
EVT722776,P013,S01,beverages,2,60,3,0,2026-06-08T15:52:01.228337,0,0.6933
EVT215305,P002,S02,snacks,15,50,13,0,2026-06-08T15:52:01.228340,1,0.7678
EVT208297,P001,S04,frozen,14,45,6,1,2026-06-08T15:52:01.228342,0,0.4267
EVT484776,P012,S03,dairy,2,40,5,0,2026-06-08T15:52:01.228345,1,0.7247
EVT612033,P019,S01,snacks,5,50,1,0,2026-06-08T15:52:01.228347,1,0.6244
EVT601567,P007,S03,snacks,22,50,0,0,2026-06-08T15:52:01.228350,0,0.452
EVT441992,P001,S04,frozen,41,45,5,0,2026-06-08T15:52:01.228352,0,0.3372
EVT553689,P013,S02,beverages,6,60,1,0,2026-06-08T15:52:01.228354,1,0.6244
EVT173691,P002,S02,frozen,44,45,1,0,2026-06-08T15:52:01.228357,0,0.2294
EVT944444,P013,S04,dairy,30,40,0,0,2026-06-08T15:52:01.228359,0,0.3125
EVT642813,P004,S04,dairy,30,40,3,0,2026-06-08T15:52:01.228361,0,0.3708
EVT342510,P013,S02,snacks,8,50,16,0,2026-06-08T15:52:01.228364,1,0.8891
EVT850691,P014,S02,frozen,24,45,5,0,2026-06-08T15:52:01.228366,1,0.5072
EVT688033,P008,S04,household,10,30,1,0,2026-06-08T15:52:01.228368,0,0.5194
EVT380269,P014,S03,snacks,8,50,2,0,2026-06-08T15:52:01.228371,1,0.6169
EVT458894,P015,S01,beverages,29,60,4,0,2026-06-08T15:52:01.228373,1,0.5103
EVT929237,P012,S01,beverages,53,60,6,0,2026-06-08T15:52:01.228378,1,0.3692
EVT253714,P001,S03,dairy,16,40,15,0,2026-06-08T15:52:01.228381,0,0.7617
EVT566087,P004,S01,beverages,58,60,0,0,2026-06-08T15:52:01.228383,0,0.215
EVT881609,P010,S02,frozen,5,45,11,1,2026-06-08T15:52:01.228386,0,0.6139
EVT749713,P013,S04,frozen,6,45,6,1,2026-06-08T15:52:01.228388,1,0.5067
EVT911600,P018,S04,snacks,0,50,3,0,2026-06-08T15:52:01.228391,0,0.7083
EVT407540,P012,S03,beverages,34,60,2,0,2026-06-08T15:52:01.228393,1,0.4339
EVT604058,P011,S01,snacks,34,50,3,0,2026-06-08T15:52:01.228395,1,0.4023
EVT660527,P005,S04,beverages,36,60,3,0,2026-06-08T15:52:01.228398,0,0.4383
EVT786543,P003,S03,snacks,11,50,6,0,2026-06-08T15:52:01.228400,0,0.6677
EVT255355,P010,S03,beverages,3,60,10,0,2026-06-08T15:52:01.228402,1,0.8219
EVT266802,P005,S01,frozen,7,45,4,0,2026-06-08T15:52:01.228404,1,0.6578
EVT473106,P012,S02,beverages,32,60,6,0,2026-06-08T15:52:01.228407,0,0.5267
EVT355451,P016,S03,dairy,37,40,4,0,2026-06-08T15:52:01.228409,0,0.3115
EVT515004,P014,S01,snacks,6,50,7,1,2026-06-08T15:52:01.228412,1,0.5321
EVT878696,P011,S04,snacks,47,50,1,0,2026-06-08T15:52:01.228414,0,0.2464
EVT767481,P017,S02,dairy,10,40,15,0,2026-06-08T15:52:01.228417,1,0.8292
EVT445007,P004,S02,snacks,15,50,11,0,2026-06-08T15:52:01.228419,0,0.7289
EVT252409,P007,S01,dairy,7,40,13,0,2026-06-08T15:52:01.228421,1,0.824
EVT377149,P017,S02,frozen,4,45,12,1,2026-06-08T15:52:01.228424,1,0.6433
EVT164657,P005,S04,dairy,3,40,2,0,2026-06-08T15:52:01.228427,1,0.6551
EVT223794,P009,S02,household,27,30,5,0,2026-06-08T15:52:01.228430,0,0.3422
EVT950591,P015,S01,snacks,8,50,1,0,2026-06-08T15:52:01.228432,0,0.5974
EVT318738,P010,S01,snacks,15,50,7,0,2026-06-08T15:52:01.228434,0,0.6511
EVT787134,P004,S01,frozen,17,45,8,0,2026-06-08T15:52:01.228437,1,0.6356
EVT431557,P010,S01,bakery,19,35,3,0,2026-06-08T15:52:01.228439,1,0.464
EVT255460,P014,S04,snacks,0,50,6,1,2026-06-08T15:52:01.228441,0,0.5667
EVT618496,P006,S04,household,9,30,9,0,2026-06-08T15:52:01.228444,1,0.69
EVT511346,P004,S02,frozen,25,45,1,0,2026-06-08T15:52:01.228446,0,0.4194
EVT881748,P019,S02,frozen,43,45,2,0,2026-06-08T15:52:01.228449,0,0.2589
EVT408539,P011,S04,bakery,10,35,10,0,2026-06-08T15:52:01.228451,0,0.7159
EVT476975,P017,S02,household,17,30,5,0,2026-06-08T15:52:01.228454,0,0.4922
EVT278218,P003,S04,beverages,44,60,5,0,2026-06-08T15:52:01.228456,1,0.4172
EVT582184,P003,S01,household,6,30,14,1,2026-06-08T15:52:01.228459,1,0.6322
EVT253738,P004,S03,bakery,9,35,14,0,2026-06-08T15:52:01.228461,1,0.8065
EVT449595,P020,S01,bakery,1,35,0,0,2026-06-08T15:52:01.228463,1,0.6371
EVT674350,P006,S02,snacks,38,50,5,0,2026-06-08T15:52:01.228466,0,0.4052
EVT778379,P014,S03,dairy,0,40,4,0,2026-06-08T15:52:01.228468,1,0.7278
EVT464036,P017,S02,frozen,8,45,4,0,2026-06-08T15:52:01.228470,0,0.6478
EVT635938,P018,S03,dairy,36,40,4,0,2026-06-08T15:52:01.228479,0,0.3228
EVT826745,P005,S04,beverages,7,60,18,0,2026-06-08T15:52:01.228481,1,0.9475
EVT834424,P004,S01,household,13,30,13,0,2026-06-08T15:52:01.228484,1,0.7078
EVT280673,P014,S03,bakery,3,35,0,0,2026-06-08T15:52:01.228486,1,0.6114
EVT630709,P020,S02,frozen,20,45,16,0,2026-06-08T15:52:01.228488,1,0.7611
EVT141130,P002,S02,household,13,30,4,0,2026-06-08T15:52:01.228491,1,0.5328
EVT585649,P020,S03,frozen,20,45,9,0,2026-06-08T15:52:01.228493,0,0.625
EVT788613,P007,S04,snacks,2,50,10,1,2026-06-08T15:52:01.228496,1,0.6264
EVT289367,P018,S03,snacks,22,50,9,0,2026-06-08T15:52:01.228498,0,0.627
EVT349093,P018,S03,bakery,27,35,6,0,2026-06-08T15:52:01.228500,1,0.4195
EVT707282,P011,S01,frozen,7,45,12,0,2026-06-08T15:52:01.228502,1,0.8133
EVT958491,P003,S01,frozen,44,45,2,0,2026-06-08T15:52:01.228505,0,0.2489
EVT709321,P004,S04,frozen,28,45,1,0,2026-06-08T15:52:01.228507,0,0.3894
EVT768437,P002,S01,household,0,30,10,0,2026-06-08T15:52:01.228510,1,0.8444
EVT245446,P017,S03,household,29,30,3,0,2026-06-08T15:52:01.228513,1,0.2733
EVT728267,P002,S03,beverages,42,60,1,0,2026-06-08T15:52:01.228515,1,0.3544
EVT836294,P001,S02,dairy,24,40,5,0,2026-06-08T15:52:01.228518,0,0.4772
EVT257919,P016,S03,household,14,30,5,1,2026-06-08T15:52:01.228520,0,0.3372
EVT212982,P003,S04,bakery,15,35,5,0,2026-06-08T15:52:01.228522,1,0.5544
EVT456347,P020,S02,snacks,16,50,16,0,2026-06-08T15:52:01.228525,1,0.8171
EVT233427,P001,S04,bakery,32,35,4,0,2026-06-08T15:52:01.228527,0,0.3163
EVT612872,P008,S03,snacks,25,50,2,0,2026-06-08T15:52:01.228530,0,0.4639
EVT193023,P006,S02,frozen,10,45,1,0,2026-06-08T15:52:01.228532,0,0.5694
EVT817651,P019,S03,beverages,0,60,4,0,2026-06-08T15:52:01.228534,1,0.7278
EVT587298,P001,S01,beverages,34,60,2,0,2026-06-08T15:52:01.228537,1,0.4339
EVT624510,P003,S04,bakery,10,35,5,0,2026-06-08T15:52:01.228539,1,0.6187
EVT191978,P012,S04,household,16,30,4,0,2026-06-08T15:52:01.228542,1,0.4878
EVT574873,P020,S01,dairy,14,40,12,0,2026-06-08T15:52:01.228544,0,0.7258
EVT403391,P010,S04,frozen,0,45,13,1,2026-06-08T15:52:01.228546,0,0.7028
EVT665547,P017,S01,frozen,36,45,5,0,2026-06-08T15:52:01.228549,0,0.3872
EVT885347,P020,S03,beverages,36,60,1,0,2026-06-08T15:52:01.228551,0,0.3994
EVT133206,P016,S02,frozen,33,45,5,0,2026-06-08T15:52:01.228553,0,0.4172
EVT967729,P004,S01,beverages,37,60,6,0,2026-06-08T15:52:01.228556,0,0.4892
EVT443249,P019,S04,beverages,32,60,4,1,2026-06-08T15:52:01.228558,1,0.2878
EVT987265,P003,S03,beverages,4,60,16,0,2026-06-08T15:52:01.228560,1,0.9311
EVT250102,P007,S03,dairy,18,40,8,0,2026-06-08T15:52:01.228563,1,0.6031
EVT347503,P011,S02,bakery,26,35,4,0,2026-06-08T15:52:01.228565,0,0.3935
EVT364362,P007,S02,frozen,27,45,6,0,2026-06-08T15:52:01.228567,1,0.4967
EVT628359,P003,S04,frozen,28,45,6,0,2026-06-08T15:52:01.228569,0,0.4867
EVT108684,P004,S02,beverages,30,60,5,0,2026-06-08T15:52:01.228575,0,0.5222
EVT633351,P010,S01,snacks,14,50,12,0,2026-06-08T15:52:01.228577,1,0.7573
EVT903128,P003,S01,household,5,30,0,0,2026-06-08T15:52:01.228579,1,0.575
EVT384610,P015,S02,frozen,0,45,10,0,2026-06-08T15:52:01.228582,1,0.8444
EVT817264,P014,S01,household,6,30,13,0,2026-06-08T15:52:01.228584,1,0.8128
EVT265237,P007,S01,dairy,16,40,15,0,2026-06-08T15:52:01.228587,0,0.7617
EVT325102,P015,S02,dairy,2,40,11,0,2026-06-08T15:52:01.228589,1,0.8414
EVT143890,P006,S01,beverages,59,60,1,0,2026-06-08T15:52:01.228592,0,0.2269
EVT227081,P008,S01,snacks,33,50,0,0,2026-06-08T15:52:01.228594,1,0.353
EVT193933,P002,S04,snacks,28,50,1,0,2026-06-08T15:52:01.228596,1,0.4174
EVT438145,P012,S01,bakery,14,35,9,0,2026-06-08T15:52:01.228599,1,0.645
EVT581535,P011,S03,bakery,27,35,1,0,2026-06-08T15:52:01.228601,0,0.3223
EVT660013,P008,S03,snacks,37,50,4,0,2026-06-08T15:52:01.228603,0,0.3948
EVT555487,P007,S03,dairy,4,40,1,0,2026-06-08T15:52:01.228606,1,0.6244
EVT430298,P014,S03,bakery,33,35,0,0,2026-06-08T15:52:01.228608,0,0.2257
EVT695697,P011,S01,dairy,28,40,4,0,2026-06-08T15:52:01.228611,1,0.4128
EVT829303,P017,S03,dairy,19,40,2,0,2026-06-08T15:52:01.228613,0,0.4751
EVT730320,P017,S03,snacks,27,50,4,0,2026-06-08T15:52:01.228615,1,0.4848
EVT548181,P004,S02,snacks,22,50,4,0,2026-06-08T15:52:01.228617,1,0.5298
EVT665602,P007,S01,beverages,12,60,9,0,2026-06-08T15:52:01.228620,0,0.735
EVT244594,P020,S02,dairy,25,40,2,0,2026-06-08T15:52:01.228623,1,0.4076
EVT617138,P018,S02,snacks,35,50,4,0,2026-06-08T15:52:01.228625,0,0.4128
EVT589701,P011,S04,household,21,30,6,0,2026-06-08T15:52:01.228627,1,0.4517
EVT320855,P004,S02,beverages,1,60,14,0,2026-06-08T15:52:01.228630,1,0.9147
EVT819461,P004,S01,beverages,35,60,4,0,2026-06-08T15:52:01.228632,0,0.4653
EVT972583,P003,S03,snacks,0,50,11,0,2026-06-08T15:52:01.228635,1,0.8639
EVT276272,P013,S04,dairy,39,40,5,0,2026-06-08T15:52:01.228637,0,0.3085
EVT752135,P013,S02,dairy,0,40,0,0,2026-06-08T15:52:01.228639,1,0.65
EVT843582,P002,S01,frozen,44,45,0,0,2026-06-08T15:52:01.228641,0,0.21
EVT645915,P013,S02,frozen,10,45,15,1,2026-06-08T15:52:01.228644,1,0.6417
EVT699280,P001,S01,dairy,32,40,6,0,2026-06-08T15:52:01.228646,1,0.4067
EVT440056,P011,S01,beverages,51,60,5,0,2026-06-08T15:52:01.228648,1,0.3647
EVT857475,P010,S02,bakery,26,35,5,0,2026-06-08T15:52:01.228651,0,0.4129
EVT514621,P020,S03,household,11,30,15,0,2026-06-08T15:52:01.228653,0,0.7767
EVT847005,P002,S02,bakery,9,35,9,0,2026-06-08T15:52:01.228656,0,0.7093
EVT397132,P007,S03,frozen,40,45,0,0,2026-06-08T15:52:01.228658,0,0.25
EVT969330,P001,S01,snacks,23,50,1,1,2026-06-08T15:52:01.228660,0,0.2624
EVT150974,P014,S02,bakery,16,35,2,0,2026-06-08T15:52:01.228662,0,0.4832
EVT473437,P020,S04,beverages,6,60,16,0,2026-06-08T15:52:01.228675,1,0.9161
EVT647504,P005,S03,frozen,25,45,4,1,2026-06-08T15:52:01.228678,0,0.2778
EVT103988,P019,S02,snacks,6,50,0,0,2026-06-08T15:52:01.228681,1,0.596
EVT122406,P008,S04,beverages,13,60,12,0,2026-06-08T15:52:01.228683,1,0.7858
EVT289639,P015,S02,beverages,32,60,6,0,2026-06-08T15:52:01.228686,0,0.5267
EVT483916,P014,S03,household,21,30,2,0,2026-06-08T15:52:01.228688,0,0.3739
EVT825518,P012,S01,snacks,1,50,1,0,2026-06-08T15:52:01.228690,0,0.6604
EVT448826,P016,S04,bakery,7,35,3,0,2026-06-08T15:52:01.228693,1,0.6183
EVT634872,P012,S01,household,30,30,4,0,2026-06-08T15:52:01.228695,0,0.2778
EVT385101,P014,S01,household,0,30,1,0,2026-06-08T15:52:01.228697,1,0.6694
EVT981739,P012,S02,dairy,20,40,2,0,2026-06-08T15:52:01.228700,1,0.4639
EVT126946,P012,S01,frozen,13,45,6,0,2026-06-08T15:52:01.228702,1,0.6367
EVT365789,P003,S04,bakery,0,35,12,1,2026-06-08T15:52:01.228704,1,0.6833
EVT579902,P008,S04,household,1,30,4,0,2026-06-08T15:52:01.228706,0,0.7128
EVT730024,P006,S01,snacks,23,50,3,0,2026-06-08T15:52:01.228709,1,0.5013
EVT323942,P005,S04,household,15,30,0,0,2026-06-08T15:52:01.228711,0,0.425
EVT492820,P017,S01,beverages,35,60,5,0,2026-06-08T15:52:01.228713,1,0.4847
EVT393759,P010,S03,dairy,10,40,12,0,2026-06-08T15:52:01.228716,1,0.7708
EVT626170,P016,S02,dairy,8,40,11,1,2026-06-08T15:52:01.228718,1,0.5739
EVT568334,P007,S03,beverages,38,60,4,0,2026-06-08T15:52:01.228721,1,0.4428
EVT358918,P020,S01,dairy,14,40,7,1,2026-06-08T15:52:01.228723,0,0.4286
EVT400398,P019,S01,snacks,21,50,8,0,2026-06-08T15:52:01.228726,0,0.6166
EVT726096,P009,S01,snacks,23,50,6,0,2026-06-08T15:52:01.228728,0,0.5597
EVT595960,P016,S04,frozen,23,45,1,0,2026-06-08T15:52:01.228730,0,0.4394
EVT986451,P004,S03,dairy,9,40,13,1,2026-06-08T15:52:01.228733,1,0.6015
EVT267074,P014,S04,dairy,2,40,11,0,2026-06-08T15:52:01.228735,0,0.8414
EVT858577,P008,S01,frozen,38,45,2,0,2026-06-08T15:52:01.228737,0,0.3089
EVT872068,P018,S03,frozen,7,45,14,0,2026-06-08T15:52:01.228740,1,0.8522
EVT613734,P019,S02,snacks,48,50,5,0,2026-06-08T15:52:01.228742,0,0.3152
EVT746034,P020,S03,frozen,30,45,0,0,2026-06-08T15:52:01.228745,0,0.35
EVT341868,P017,S01,frozen,17,45,8,0,2026-06-08T15:52:01.228747,1,0.6356
EVT152965,P004,S02,snacks,40,50,3,0,2026-06-08T15:52:01.228750,0,0.3483
EVT226874,P002,S02,snacks,35,50,1,0,2026-06-08T15:52:01.228753,0,0.3544
EVT337248,P015,S04,beverages,0,60,5,0,2026-06-08T15:52:01.228755,1,0.7472
EVT987460,P003,S04,dairy,2,40,4,0,2026-06-08T15:52:01.228757,0,0.7053
EVT510207,P003,S02,snacks,28,50,6,1,2026-06-08T15:52:01.228760,0,0.3147
EVT364212,P018,S02,beverages,16,60,13,0,2026-06-08T15:52:01.228762,1,0.7828
EVT177377,P011,S01,frozen,22,45,5,0,2026-06-08T15:52:01.228764,1,0.5272
EVT117056,P012,S04,beverages,0,60,17,0,2026-06-08T15:52:01.228769,0,0.95
EVT435870,P008,S01,dairy,20,40,5,0,2026-06-08T15:52:01.228771,1,0.5222
EVT476919,P002,S03,dairy,10,40,10,0,2026-06-08T15:52:01.228774,1,0.7319
EVT556831,P020,S02,beverages,26,60,12,0,2026-06-08T15:52:01.228777,1,0.6883
EVT255559,P018,S01,frozen,2,45,15,0,2026-06-08T15:52:01.228779,1,0.9217
EVT441660,P003,S01,snacks,42,50,6,0,2026-06-08T15:52:01.228781,1,0.3887
EVT916940,P017,S02,frozen,0,45,7,1,2026-06-08T15:52:01.228784,0,0.5861
EVT520756,P011,S02,beverages,2,60,10,0,2026-06-08T15:52:01.228786,1,0.8294
EVT176488,P014,S04,dairy,1,40,18,0,2026-06-08T15:52:01.228803,1,0.95
EVT494998,P003,S02,snacks,15,50,16,0,2026-06-08T15:52:01.228807,1,0.8261
EVT915517,P018,S03,bakery,6,35,11,0,2026-06-08T15:52:01.228810,1,0.7867
EVT539688,P002,S04,frozen,5,45,1,0,2026-06-08T15:52:01.228813,1,0.6194
EVT467224,P019,S01,snacks,27,50,5,0,2026-06-08T15:52:01.228816,0,0.5042
EVT579376,P020,S04,household,5,30,12,0,2026-06-08T15:52:01.228819,1,0.8083
EVT203067,P020,S04,bakery,3,35,3,0,2026-06-08T15:52:01.228822,1,0.6698
EVT129803,P008,S03,bakery,4,35,17,0,2026-06-08T15:52:01.228824,0,0.9291
EVT552389,P011,S02,dairy,28,40,4,0,2026-06-08T15:52:01.228827,1,0.4128
EVT299246,P016,S02,bakery,0,35,12,1,2026-06-08T15:52:01.228829,1,0.6833
EVT297829,P004,S04,dairy,32,40,6,0,2026-06-08T15:52:01.228832,0,0.4067
EVT800900,P008,S01,household,3,30,7,1,2026-06-08T15:52:01.228834,0,0.5411
EVT758944,P020,S03,frozen,41,45,2,0,2026-06-08T15:52:01.228836,1,0.2789
EVT729780,P013,S01,dairy,8,40,12,1,2026-06-08T15:52:01.228840,1,0.5933
EVT765513,P013,S04,frozen,27,45,0,0,2026-06-08T15:52:01.228843,0,0.38
EVT888752,P019,S03,household,29,30,0,0,2026-06-08T15:52:01.228845,0,0.215
EVT679307,P006,S01,snacks,13,50,8,0,2026-06-08T15:52:01.228848,0,0.6886
EVT243284,P007,S03,beverages,41,60,5,0,2026-06-08T15:52:01.228850,0,0.4397
EVT194574,P017,S02,household,9,30,2,0,2026-06-08T15:52:01.228853,0,0.5539
EVT437401,P010,S03,frozen,3,45,7,1,2026-06-08T15:52:01.228856,1,0.5561
EVT531204,P011,S02,beverages,44,60,0,0,2026-06-08T15:52:01.228858,0,0.32
EVT407600,P003,S01,beverages,11,60,9,1,2026-06-08T15:52:01.228861,1,0.5425
EVT536781,P001,S03,snacks,0,50,7,1,2026-06-08T15:52:01.228863,0,0.5861
EVT788696,P009,S02,bakery,9,35,7,0,2026-06-08T15:52:01.228866,1,0.6704
EVT164585,P002,S03,dairy,19,40,0,0,2026-06-08T15:52:01.228868,0,0.4362
EVT232334,P017,S04,household,22,30,6,0,2026-06-08T15:52:01.228871,0,0.4367
EVT416406,P011,S01,snacks,43,50,3,0,2026-06-08T15:52:01.228873,0,0.3213
EVT858658,P004,S01,snacks,6,50,14,1,2026-06-08T15:52:01.228875,0,0.6682
EVT817410,P013,S04,dairy,13,40,10,0,2026-06-08T15:52:01.228878,1,0.6982
EVT912966,P016,S01,household,11,30,16,0,2026-06-08T15:52:01.228881,1,0.7961
EVT827647,P009,S04,dairy,12,40,11,0,2026-06-08T15:52:01.228884,1,0.7289
EVT808384,P004,S03,frozen,35,45,6,0,2026-06-08T15:52:01.228886,1,0.4167
EVT850691,P007,S02,household,0,30,2,0,2026-06-08T15:52:01.228889,1,0.6889
EVT328581,P008,S04,household,22,30,4,0,2026-06-08T15:52:01.228897,1,0.3978
EVT185473,P019,S04,snacks,4,50,3,0,2026-06-08T15:52:01.228899,1,0.6723
EVT606229,P020,S01,household,24,30,5,0,2026-06-08T15:52:01.228902,0,0.3872
EVT251152,P007,S02,beverages,12,60,11,0,2026-06-08T15:52:01.228905,1,0.7739
EVT468632,P007,S04,snacks,2,50,1,0,2026-06-08T15:52:01.228907,0,0.6514
EVT715700,P019,S03,beverages,30,60,2,0,2026-06-08T15:52:01.228909,1,0.4639
EVT222512,P016,S04,frozen,9,45,3,0,2026-06-08T15:52:01.228912,1,0.6183
EVT777470,P017,S03,frozen,37,45,3,0,2026-06-08T15:52:01.228914,1,0.3383
EVT133809,P012,S04,snacks,6,50,8,1,2026-06-08T15:52:01.228917,0,0.5516
EVT219205,P005,S01,snacks,32,50,4,0,2026-06-08T15:52:01.228919,0,0.4398
EVT788074,P010,S01,dairy,16,40,8,0,2026-06-08T15:52:01.228922,1,0.6256
EVT969238,P015,S02,frozen,24,45,1,0,2026-06-08T15:52:01.228925,0,0.4294
EVT186484,P017,S04,snacks,9,50,6,1,2026-06-08T15:52:01.228928,1,0.4857
EVT707528,P006,S03,beverages,5,60,11,0,2026-06-08T15:52:01.228930,1,0.8264
EVT116476,P004,S04,snacks,39,50,1,0,2026-06-08T15:52:01.228933,1,0.3184
EVT617825,P009,S02,household,0,30,4,0,2026-06-08T15:52:01.228935,1,0.7278
EVT242621,P012,S02,bakery,17,35,7,1,2026-06-08T15:52:01.228937,0,0.3675
EVT423658,P010,S02,household,10,30,10,0,2026-06-08T15:52:01.228941,0,0.6944
EVT116336,P009,S03,snacks,2,50,0,0,2026-06-08T15:52:01.228944,1,0.632
EVT697886,P004,S04,dairy,5,40,14,0,2026-06-08T15:52:01.228948,1,0.866
EVT838512,P001,S03,frozen,29,45,0,0,2026-06-08T15:52:01.228952,0,0.36
EVT753962,P007,S04,snacks,32,50,2,0,2026-06-08T15:52:01.228955,0,0.4009
EVT255018,P016,S02,bakery,34,35,6,0,2026-06-08T15:52:01.228970,0,0.3295
EVT304768,P007,S03,beverages,33,60,2,0,2026-06-08T15:52:01.228973,1,0.4414
EVT109892,P014,S02,household,5,30,6,1,2026-06-08T15:52:01.228976,0,0.4917
EVT740542,P011,S02,bakery,27,35,3,0,2026-06-08T15:52:01.228979,1,0.3612
EVT529335,P005,S02,bakery,18,35,7,0,2026-06-08T15:52:01.228981,0,0.5547
EVT950315,P002,S02,household,27,30,5,0,2026-06-08T15:52:01.228984,0,0.3422
EVT379745,P009,S04,household,9,30,9,1,2026-06-08T15:52:01.228987,0,0.49
EVT400378,P013,S02,frozen,38,45,3,0,2026-06-08T15:52:01.228989,1,0.3283
EVT601741,P013,S03,household,5,30,8,1,2026-06-08T15:52:01.228992,1,0.5306
EVT204231,P001,S04,snacks,33,50,0,0,2026-06-08T15:52:01.228994,0,0.353
EVT381731,P001,S04,dairy,6,40,10,0,2026-06-08T15:52:01.228997,1,0.7769
EVT163292,P012,S04,frozen,17,45,10,0,2026-06-08T15:52:01.229000,1,0.6744
EVT367937,P004,S04,beverages,54,60,3,0,2026-06-08T15:52:01.229002,0,0.3033
EVT127244,P008,S01,dairy,28,40,5,0,2026-06-08T15:52:01.229005,0,0.4322
EVT894356,P002,S01,dairy,6,40,4,0,2026-06-08T15:52:01.229007,1,0.6603
EVT135531,P020,S04,bakery,9,35,10,0,2026-06-08T15:52:01.229010,1,0.7287
EVT420902,P018,S03,snacks,5,50,11,0,2026-06-08T15:52:01.229013,1,0.8189
EVT753011,P011,S04,frozen,26,45,0,0,2026-06-08T15:52:01.229018,0,0.39
EVT216779,P009,S03,frozen,40,45,2,1,2026-06-08T15:52:01.229021,0,0.0889
EVT186856,P020,S04,dairy,30,40,4,0,2026-06-08T15:52:01.229023,1,0.3903
EVT447553,P014,S01,beverages,31,60,2,0,2026-06-08T15:52:01.229026,0,0.4564
EVT154399,P005,S02,bakery,29,35,4,1,2026-06-08T15:52:01.229028,0,0.1549
EVT983593,P004,S04,bakery,35,35,3,0,2026-06-08T15:52:01.229031,0,0.2583
EVT154079,P014,S04,beverages,14,60,13,0,2026-06-08T15:52:01.229034,0,0.7978
EVT557287,P017,S04,household,9,30,3,0,2026-06-08T15:52:01.229036,0,0.5733
EVT543050,P006,S04,dairy,17,40,14,0,2026-06-08T15:52:01.229039,0,0.731
EVT175291,P015,S04,dairy,13,40,15,0,2026-06-08T15:52:01.229042,1,0.7954
EVT517558,P020,S03,beverages,30,60,4,0,2026-06-08T15:52:01.229045,1,0.5028
EVT818183,P011,S01,snacks,39,50,3,0,2026-06-08T15:52:01.229047,0,0.3573
EVT163371,P011,S03,frozen,44,45,4,1,2026-06-08T15:52:01.229050,0,0.0878
EVT315239,P001,S04,bakery,20,35,6,0,2026-06-08T15:52:01.229053,0,0.5095
EVT778978,P003,S03,dairy,17,40,9,0,2026-06-08T15:52:01.229055,1,0.6338
EVT298662,P005,S02,beverages,31,60,4,0,2026-06-08T15:52:01.229058,1,0.4953
EVT606477,P001,S02,snacks,5,50,1,0,2026-06-08T15:52:01.229060,1,0.6244
EVT785172,P017,S02,dairy,8,40,16,0,2026-06-08T15:52:01.229063,1,0.8711
EVT345613,P015,S03,dairy,5,40,13,0,2026-06-08T15:52:01.229066,1,0.8465
EVT732154,P013,S02,snacks,16,50,10,0,2026-06-08T15:52:01.229069,0,0.7004
EVT350601,P003,S03,bakery,15,35,8,0,2026-06-08T15:52:01.229072,0,0.6127
EVT788699,P006,S02,bakery,3,35,0,0,2026-06-08T15:52:01.229114,1,0.6114
EVT818920,P010,S01,snacks,42,50,6,0,2026-06-08T15:52:01.229124,1,0.3887
EVT595410,P006,S02,bakery,3,35,3,0,2026-06-08T15:52:01.229129,1,0.6698
EVT990647,P011,S03,beverages,43,60,0,0,2026-06-08T15:52:01.229132,0,0.3275
EVT819908,P011,S04,bakery,10,35,11,0,2026-06-08T15:52:01.229135,0,0.7353
EVT346082,P013,S02,bakery,35,35,5,1,2026-06-08T15:52:01.229138,0,0.0972
EVT808983,P004,S02,household,10,30,8,0,2026-06-08T15:52:01.229141,0,0.6556
EVT971892,P002,S01,bakery,18,35,1,0,2026-06-08T15:52:01.229144,1,0.438
EVT524658,P006,S04,household,3,30,2,0,2026-06-08T15:52:01.229146,1,0.6439
EVT477698,P019,S02,bakery,14,35,8,0,2026-06-08T15:52:01.229149,0,0.6256
EVT378859,P009,S02,snacks,1,50,16,0,2026-06-08T15:52:01.229152,1,0.95
EVT407595,P011,S04,frozen,1,45,14,0,2026-06-08T15:52:01.229155,1,0.9122
EVT820864,P007,S01,dairy,18,40,2,0,2026-06-08T15:52:01.229157,1,0.4864
EVT747461,P003,S04,bakery,29,35,6,0,2026-06-08T15:52:01.229160,0,0.3938
EVT131348,P019,S03,household,4,30,6,1,2026-06-08T15:52:01.229163,0,0.5067
EVT951651,P002,S02,dairy,18,40,9,0,2026-06-08T15:52:01.229165,0,0.6225
EVT664407,P018,S04,frozen,20,45,4,1,2026-06-08T15:52:01.229168,1,0.3278
EVT646540,P001,S02,beverages,12,60,11,1,2026-06-08T15:52:01.229171,1,0.5739
EVT957154,P009,S02,household,30,30,0,0,2026-06-08T15:52:01.229177,0,0.2
EVT215019,P011,S03,frozen,15,45,11,1,2026-06-08T15:52:01.229180,1,0.5139
EVT522081,P005,S02,beverages,57,60,5,1,2026-06-08T15:52:01.229182,0,0.1197
EVT239283,P007,S02,household,15,30,11,0,2026-06-08T15:52:01.229185,0,0.6389
EVT366320,P001,S02,household,9,30,14,0,2026-06-08T15:52:01.229188,1,0.7872
EVT682298,P019,S02,bakery,8,35,9,0,2026-06-08T15:52:01.229191,0,0.7221
EVT502576,P018,S04,snacks,0,50,5,0,2026-06-08T15:52:01.229194,1,0.7472
EVT418103,P009,S02,bakery,17,35,6,0,2026-06-08T15:52:01.229196,1,0.5481
EVT486458,P020,S04,household,9,30,9,1,2026-06-08T15:52:01.229199,0,0.49
EVT980798,P011,S02,beverages,5,60,17,0,2026-06-08T15:52:01.229202,1,0.9431
EVT413164,P013,S03,bakery,17,35,5,0,2026-06-08T15:52:01.229204,0,0.5287
EVT518406,P008,S01,snacks,20,50,11,0,2026-06-08T15:52:01.229207,1,0.6839
EVT276789,P018,S01,frozen,31,45,5,0,2026-06-08T15:52:01.229210,0,0.4372
EVT553396,P017,S01,frozen,32,45,0,0,2026-06-08T15:52:01.229212,0,0.33
EVT982927,P012,S02,frozen,43,45,1,0,2026-06-08T15:52:01.229215,0,0.2394
EVT990113,P013,S04,bakery,13,35,14,0,2026-06-08T15:52:01.229218,1,0.7551
EVT241323,P018,S02,dairy,18,40,8,0,2026-06-08T15:52:01.229220,0,0.6031
EVT690673,P016,S01,bakery,3,35,0,0,2026-06-08T15:52:01.229223,0,0.6114
EVT533571,P015,S03,household,13,30,7,0,2026-06-08T15:52:01.229225,1,0.5911
EVT806730,P001,S04,household,18,30,6,0,2026-06-08T15:52:01.229228,1,0.4967
EVT275794,P015,S01,beverages,18,60,8,0,2026-06-08T15:52:01.229231,1,0.6706
EVT757886,P009,S03,beverages,13,60,10,0,2026-06-08T15:52:01.229234,1,0.7469
EVT927526,P013,S02,bakery,10,35,8,1,2026-06-08T15:52:01.229236,0,0.477
EVT507497,P005,S04,household,2,30,15,1,2026-06-08T15:52:01.229239,1,0.7117
EVT827443,P014,S04,beverages,3,60,15,1,2026-06-08T15:52:01.229242,0,0.7192
EVT561862,P019,S04,beverages,31,60,0,0,2026-06-08T15:52:01.229244,0,0.4175
EVT200574,P007,S02,dairy,2,40,1,0,2026-06-08T15:52:01.229247,0,0.6469
EVT561514,P007,S02,household,0,30,9,1,2026-06-08T15:52:01.229249,1,0.625
EVT719280,P007,S02,beverages,29,60,5,0,2026-06-08T15:52:01.229252,1,0.5297
EVT472485,P006,S03,frozen,11,45,10,1,2026-06-08T15:52:01.229255,0,0.5344
EVT733908,P007,S03,dairy,38,40,1,0,2026-06-08T15:52:01.229257,0,0.2419
EVT234570,P008,S04,snacks,26,50,1,0,2026-06-08T15:52:01.229260,0,0.4354
EVT326196,P019,S03,household,10,30,9,0,2026-06-08T15:52:01.229263,0,0.675
EVT708273,P016,S02,snacks,8,50,12,0,2026-06-08T15:52:01.229266,1,0.8113
EVT320218,P004,S02,frozen,41,45,0,1,2026-06-08T15:52:01.229269,0,0.05
EVT507971,P006,S03,frozen,44,45,3,0,2026-06-08T15:52:01.229274,1,0.2683
EVT301240,P016,S03,dairy,4,40,9,1,2026-06-08T15:52:01.229277,1,0.58
EVT755657,P003,S03,dairy,24,40,5,0,2026-06-08T15:52:01.229280,0,0.4772
EVT333010,P019,S04,snacks,13,50,12,0,2026-06-08T15:52:01.229282,1,0.7663
EVT699263,P015,S02,snacks,9,50,9,0,2026-06-08T15:52:01.229285,1,0.744
EVT749571,P003,S01,dairy,4,40,12,0,2026-06-08T15:52:01.229288,1,0.8383
EVT709024,P011,S03,frozen,2,45,2,0,2026-06-08T15:52:01.229291,1,0.6689
EVT318827,P007,S01,beverages,25,60,16,0,2026-06-08T15:52:01.229293,0,0.7736
EVT158533,P012,S02,household,22,30,4,0,2026-06-08T15:52:01.229296,1,0.3978
EVT639318,P012,S01,snacks,12,50,12,1,2026-06-08T15:52:01.229298,0,0.5753
EVT302766,P013,S01,dairy,25,40,3,0,2026-06-08T15:52:01.229301,0,0.4271
EVT407009,P011,S01,frozen,42,45,6,1,2026-06-08T15:52:01.229304,0,0.1467
EVT733597,P004,S04,snacks,38,50,1,0,2026-06-08T15:52:01.229306,1,0.3274
EVT744806,P005,S03,dairy,6,40,0,0,2026-06-08T15:52:01.229309,0,0.5825
EVT809566,P012,S02,household,15,30,3,0,2026-06-08T15:52:01.229312,0,0.4833
EVT272015,P015,S03,frozen,13,45,6,0,2026-06-08T15:52:01.229314,1,0.6367
EVT421022,P008,S03,household,15,30,0,0,2026-06-08T15:52:01.229317,0,0.425
EVT641742,P009,S04,frozen,14,45,7,1,2026-06-08T15:52:01.229319,1,0.4461
EVT147398,P001,S04,snacks,0,50,10,0,2026-06-08T15:52:01.229322,1,0.8444
EVT335961,P019,S03,snacks,5,50,5,0,2026-06-08T15:52:01.229324,0,0.7022
EVT360660,P020,S01,bakery,21,35,3,0,2026-06-08T15:52:01.229327,1,0.4383
EVT308079,P019,S04,dairy,32,40,6,1,2026-06-08T15:52:01.229330,0,0.2067
EVT444346,P004,S01,beverages,1,60,0,0,2026-06-08T15:52:01.229332,1,0.6425
EVT977330,P006,S04,beverages,21,60,12,0,2026-06-08T15:52:01.229335,0,0.7258
EVT904920,P013,S03,snacks,17,50,9,0,2026-06-08T15:52:01.229338,1,0.672
EVT759819,P002,S01,beverages,7,60,8,1,2026-06-08T15:52:01.229341,1,0.5531
EVT333188,P005,S02,snacks,6,50,1,0,2026-06-08T15:52:01.229343,1,0.6154
EVT940737,P015,S02,beverages,1,60,16,0,2026-06-08T15:52:01.229345,1,0.95
EVT997204,P002,S04,frozen,10,45,3,0,2026-06-08T15:52:01.229348,0,0.6083
EVT242619,P016,S02,bakery,5,35,15,0,2026-06-08T15:52:01.229350,1,0.8774
EVT832587,P001,S04,frozen,1,45,18,0,2026-06-08T15:52:01.229353,1,0.95
EVT953189,P020,S03,bakery,6,35,17,0,2026-06-08T15:52:01.229356,1,0.9034
EVT959427,P004,S03,dairy,4,40,12,0,2026-06-08T15:52:01.229359,1,0.8383
EVT360606,P013,S01,dairy,29,40,3,0,2026-06-08T15:52:01.229361,0,0.3821
EVT413590,P016,S04,frozen,41,45,6,0,2026-06-08T15:52:01.229364,0,0.3567
EVT721051,P014,S02,snacks,45,50,2,0,2026-06-08T15:52:01.229366,0,0.2839
EVT752847,P013,S03,beverages,49,60,3,0,2026-06-08T15:52:01.229369,1,0.3408
EVT769538,P019,S01,beverages,51,60,6,0,2026-06-08T15:52:01.229372,0,0.3842
EVT497361,P017,S02,bakery,7,35,12,0,2026-06-08T15:52:01.229374,1,0.7933
EVT222165,P019,S04,household,27,30,4,0,2026-06-08T15:52:01.229377,0,0.3228
EVT847150,P010,S02,bakery,4,35,0,0,2026-06-08T15:52:01.229379,0,0.5986
EVT459782,P016,S02,dairy,11,40,9,0,2026-06-08T15:52:01.229382,0,0.7012
EVT509773,P012,S01,beverages,49,60,2,0,2026-06-08T15:52:01.229385,0,0.3214
EVT558962,P002,S03,dairy,17,40,6,0,2026-06-08T15:52:01.229390,1,0.5754
EVT587753,P008,S04,dairy,38,40,6,0,2026-06-08T15:52:01.229393,1,0.3392
EVT824690,P017,S04,beverages,24,60,11,0,2026-06-08T15:52:01.229395,1,0.6839
EVT391789,P010,S03,beverages,31,60,5,0,2026-06-08T15:52:01.229398,1,0.5147
EVT401905,P018,S02,dairy,14,40,8,0,2026-06-08T15:52:01.229400,0,0.6481
EVT659699,P019,S04,bakery,14,35,13,0,2026-06-08T15:52:01.229404,1,0.7228
EVT277590,P010,S01,dairy,12,40,13,0,2026-06-08T15:52:01.229406,1,0.7678
EVT191721,P008,S01,bakery,35,35,1,0,2026-06-08T15:52:01.229409,0,0.2194
EVT792928,P008,S01,bakery,0,35,13,1,2026-06-08T15:52:01.229412,0,0.7028
EVT102075,P011,S03,dairy,4,40,4,0,2026-06-08T15:52:01.229414,1,0.6828
EVT234604,P018,S01,snacks,6,50,11,0,2026-06-08T15:52:01.229417,1,0.8099
EVT821355,P003,S01,snacks,29,50,3,0,2026-06-08T15:52:01.229420,0,0.4473
EVT609848,P011,S02,beverages,39,60,3,0,2026-06-08T15:52:01.229422,0,0.4158
EVT466281,P017,S04,household,18,30,4,0,2026-06-08T15:52:01.229425,1,0.4578
EVT243338,P019,S02,dairy,10,40,13,0,2026-06-08T15:52:01.229428,1,0.7903
EVT905458,P005,S04,beverages,13,60,11,0,2026-06-08T15:52:01.229430,1,0.7664
EVT415423,P017,S03,snacks,50,50,3,0,2026-06-08T15:52:01.229433,0,0.2583
EVT624602,P009,S02,frozen,45,45,2,0,2026-06-08T15:52:01.229436,0,0.2389
EVT585435,P001,S01,bakery,6,35,8,1,2026-06-08T15:52:01.229438,1,0.5284
EVT441451,P019,S04,frozen,42,45,3,0,2026-06-08T15:52:01.229441,1,0.2883
EVT343224,P002,S01,dairy,4,40,2,0,2026-06-08T15:52:01.229444,1,0.6439
EVT800640,P013,S01,frozen,28,45,4,0,2026-06-08T15:52:01.229447,1,0.4478
EVT252806,P018,S02,household,27,30,0,0,2026-06-08T15:52:01.229450,0,0.245
EVT418394,P002,S02,frozen,5,45,7,1,2026-06-08T15:52:01.229452,0,0.5361
EVT640581,P008,S02,household,14,30,3,0,2026-06-08T15:52:01.229455,1,0.4983
EVT522827,P006,S04,frozen,41,45,1,0,2026-06-08T15:52:01.229458,1,0.2594
EVT824085,P009,S03,bakery,15,35,4,0,2026-06-08T15:52:01.229460,1,0.5349
EVT336428,P019,S01,household,8,30,9,0,2026-06-08T15:52:01.229463,0,0.705
EVT405378,P015,S03,beverages,0,60,14,0,2026-06-08T15:52:01.229466,1,0.9222
EVT684994,P001,S03,dairy,13,40,9,1,2026-06-08T15:52:01.229468,1,0.4788
EVT394711,P012,S03,snacks,5,50,13,0,2026-06-08T15:52:01.229471,0,0.8578
EVT628960,P013,S04,dairy,7,40,5,0,2026-06-08T15:52:01.229473,1,0.6685
EVT302448,P001,S03,frozen,26,45,4,1,2026-06-08T15:52:01.229476,0,0.2678
EVT532692,P010,S03,snacks,19,50,8,0,2026-06-08T15:52:01.229478,0,0.6346
EVT790179,P020,S03,snacks,16,50,10,0,2026-06-08T15:52:01.229481,1,0.7004
EVT726507,P008,S01,bakery,2,35,13,0,2026-06-08T15:52:01.229483,1,0.8771
EVT635141,P001,S02,bakery,6,35,15,0,2026-06-08T15:52:01.229486,1,0.8645
EVT115855,P009,S01,frozen,2,45,2,0,2026-06-08T15:52:01.229489,1,0.6689
EVT327688,P005,S04,household,26,30,5,0,2026-06-08T15:52:01.229492,0,0.3572
EVT339447,P011,S01,bakery,0,35,17,0,2026-06-08T15:52:01.229497,1,0.95
EVT536274,P006,S04,frozen,21,45,1,0,2026-06-08T15:52:01.229500,1,0.4594
EVT933652,P016,S04,dairy,28,40,5,0,2026-06-08T15:52:01.229503,1,0.4322
EVT671410,P018,S02,beverages,32,60,3,0,2026-06-08T15:52:01.229505,1,0.4683
EVT520773,P010,S02,frozen,36,45,3,0,2026-06-08T15:52:01.229507,1,0.3483
EVT599663,P011,S03,frozen,3,45,14,1,2026-06-08T15:52:01.229510,1,0.6922
EVT103251,P004,S04,bakery,10,35,3,0,2026-06-08T15:52:01.229512,0,0.5798
EVT466702,P016,S03,snacks,50,50,5,0,2026-06-08T15:52:01.229515,0,0.2972
EVT675465,P016,S04,frozen,21,45,1,0,2026-06-08T15:52:01.229517,1,0.4594
EVT961677,P015,S04,beverages,42,60,2,0,2026-06-08T15:52:01.229520,1,0.3739
EVT473674,P012,S03,frozen,34,45,6,0,2026-06-08T15:52:01.229522,1,0.4267
EVT777697,P019,S02,snacks,10,50,6,1,2026-06-08T15:52:01.229526,1,0.4767
EVT955996,P005,S01,dairy,18,40,13,0,2026-06-08T15:52:01.229528,1,0.7003
EVT979756,P003,S02,dairy,4,40,12,0,2026-06-08T15:52:01.229531,1,0.8383
EVT462449,P016,S03,beverages,18,60,9,0,2026-06-08T15:52:01.229534,0,0.69
EVT797144,P020,S01,dairy,16,40,10,0,2026-06-08T15:52:01.229536,0,0.6644
EVT997764,P002,S02,snacks,8,50,14,0,2026-06-08T15:52:01.229539,1,0.8502
EVT370977,P002,S03,dairy,32,40,5,0,2026-06-08T15:52:01.229542,1,0.3872
EVT550315,P009,S04,beverages,10,60,4,0,2026-06-08T15:52:01.229544,1,0.6528
EVT308994,P013,S01,dairy,14,40,14,0,2026-06-08T15:52:01.229548,1,0.7647
EVT699357,P010,S02,beverages,7,60,14,0,2026-06-08T15:52:01.229559,1,0.8697
EVT667621,P007,S02,dairy,9,40,10,0,2026-06-08T15:52:01.229562,0,0.7432
EVT966152,P006,S04,snacks,47,50,3,1,2026-06-08T15:52:01.229564,0,0.0853
EVT752684,P018,S04,beverages,12,60,16,0,2026-06-08T15:52:01.229567,1,0.8711
EVT205518,P001,S01,frozen,7,45,15,0,2026-06-08T15:52:01.229569,1,0.8717
EVT320022,P020,S04,household,24,30,6,0,2026-06-08T15:52:01.229572,0,0.4067
EVT185500,P006,S03,bakery,33,35,5,0,2026-06-08T15:52:01.229574,1,0.3229
EVT120713,P006,S02,bakery,19,35,0,0,2026-06-08T15:52:01.229576,1,0.4057
EVT637482,P020,S04,beverages,0,60,2,0,2026-06-08T15:52:01.229579,1,0.6889
EVT938430,P013,S01,dairy,24,40,0,0,2026-06-08T15:52:01.229581,0,0.38
EVT233468,P015,S02,bakery,8,35,6,1,2026-06-08T15:52:01.229583,0,0.4638
EVT151314,P014,S01,beverages,51,60,4,0,2026-06-08T15:52:01.229586,0,0.3453
EVT354932,P001,S02,household,6,30,10,0,2026-06-08T15:52:01.229588,1,0.7544
EVT899469,P004,S01,household,28,30,5,0,2026-06-08T15:52:01.229590,0,0.3272
EVT767451,P004,S02,household,20,30,1,0,2026-06-08T15:52:01.229593,0,0.3694
EVT741533,P012,S02,dairy,3,40,2,0,2026-06-08T15:52:01.229595,1,0.6551
EVT547152,P001,S02,bakery,5,35,0,0,2026-06-08T15:52:01.229598,0,0.5857
EVT722068,P006,S02,beverages,39,60,5,1,2026-06-08T15:52:01.229600,0,0.2547
EVT290801,P019,S02,frozen,11,45,13,1,2026-06-08T15:52:01.229602,1,0.5928
EVT958846,P019,S02,frozen,38,45,3,0,2026-06-08T15:52:01.229607,0,0.3283
EVT504516,P016,S02,beverages,45,60,3,0,2026-06-08T15:52:01.229610,1,0.3708
EVT828736,P018,S01,snacks,22,50,9,0,2026-06-08T15:52:01.229613,1,0.627
EVT216998,P007,S03,household,5,30,14,0,2026-06-08T15:52:01.229615,1,0.8472
EVT350623,P018,S04,snacks,4,50,15,0,2026-06-08T15:52:01.229617,1,0.9057
EVT127969,P008,S03,bakery,5,35,11,0,2026-06-08T15:52:01.229619,0,0.7996
EVT109268,P018,S04,dairy,40,40,1,0,2026-06-08T15:52:01.229622,0,0.2194
EVT951999,P009,S03,frozen,26,45,4,0,2026-06-08T15:52:01.229625,1,0.4678
EVT804549,P017,S01,frozen,28,45,0,0,2026-06-08T15:52:01.229627,0,0.37
EVT703699,P014,S01,household,7,30,16,0,2026-06-08T15:52:01.229629,1,0.8561
EVT498302,P017,S04,beverages,9,60,6,1,2026-06-08T15:52:01.229632,0,0.4992
EVT588332,P006,S01,frozen,12,45,6,0,2026-06-08T15:52:01.229634,0,0.6467
EVT748718,P001,S01,beverages,31,60,5,1,2026-06-08T15:52:01.229636,0,0.3147
EVT512828,P005,S03,beverages,7,60,12,0,2026-06-08T15:52:01.229639,1,0.8308
EVT260931,P002,S01,frozen,9,45,9,0,2026-06-08T15:52:01.229641,1,0.735
EVT637958,P011,S04,household,5,30,0,0,2026-06-08T15:52:01.229644,1,0.575
EVT288699,P008,S04,dairy,9,40,2,0,2026-06-08T15:52:01.229646,1,0.5876
EVT384085,P015,S03,dairy,9,40,4,0,2026-06-08T15:52:01.229648,1,0.6265
EVT618621,P015,S01,snacks,2,50,13,0,2026-06-08T15:52:01.229651,1,0.8848
EVT566403,P013,S02,frozen,2,45,7,1,2026-06-08T15:52:01.229653,1,0.5661
EVT807283,P001,S01,dairy,19,40,4,0,2026-06-08T15:52:01.229656,1,0.514
EVT358395,P006,S04,dairy,15,40,15,0,2026-06-08T15:52:01.229658,1,0.7729
EVT704060,P001,S02,beverages,48,60,3,0,2026-06-08T15:52:01.229661,0,0.3483
EVT710010,P009,S03,household,8,30,8,0,2026-06-08T15:52:01.229663,1,0.6856
EVT750519,P012,S02,snacks,9,50,14,1,2026-06-08T15:52:01.229666,1,0.6412
EVT545349,P002,S04,bakery,0,35,8,1,2026-06-08T15:52:01.229668,0,0.6056
EVT860819,P003,S03,snacks,38,50,1,0,2026-06-08T15:52:01.229670,0,0.3274
EVT154070,P007,S03,snacks,11,50,10,0,2026-06-08T15:52:01.229673,1,0.7454
EVT162856,P004,S03,snacks,48,50,0,0,2026-06-08T15:52:01.229675,0,0.218
EVT725812,P011,S03,dairy,1,40,6,1,2026-06-08T15:52:01.229677,0,0.5554
EVT649099,P010,S04,snacks,19,50,16,0,2026-06-08T15:52:01.229680,1,0.7901
EVT168442,P008,S02,frozen,5,45,13,0,2026-06-08T15:52:01.229683,1,0.8528
EVT562870,P012,S01,beverages,59,60,6,0,2026-06-08T15:52:01.229685,0,0.3242
EVT257300,P011,S02,frozen,23,45,4,0,2026-06-08T15:52:01.229688,0,0.4978
EVT800077,P004,S01,dairy,22,40,4,1,2026-06-08T15:52:01.229690,0,0.2803
EVT452378,P014,S03,frozen,10,45,8,0,2026-06-08T15:52:01.229692,1,0.7056
EVT343264,P003,S04,frozen,27,45,3,0,2026-06-08T15:52:01.229695,0,0.4383
EVT711382,P007,S02,snacks,43,50,0,0,2026-06-08T15:52:01.229697,0,0.263
EVT341345,P010,S02,household,12,30,10,0,2026-06-08T15:52:01.229702,0,0.6644
EVT474273,P019,S01,beverages,28,60,4,0,2026-06-08T15:52:01.229706,0,0.5178
EVT586293,P010,S01,beverages,10,60,14,1,2026-06-08T15:52:01.229708,1,0.6472
EVT810137,P010,S04,beverages,10,60,4,0,2026-06-08T15:52:01.229710,1,0.6528
EVT823136,P002,S04,frozen,10,45,5,0,2026-06-08T15:52:01.229713,0,0.6472
EVT604941,P016,S01,snacks,15,50,11,0,2026-06-08T15:52:01.229715,1,0.7289
EVT483039,P014,S03,household,21,30,1,0,2026-06-08T15:52:01.229718,1,0.3544
EVT698286,P003,S04,dairy,3,40,14,1,2026-06-08T15:52:01.229720,0,0.6885
EVT181704,P006,S04,frozen,42,45,0,0,2026-06-08T15:52:01.229723,0,0.23
EVT128237,P004,S04,frozen,4,45,16,0,2026-06-08T15:52:01.229725,1,0.9211
EVT759521,P013,S04,household,11,30,10,0,2026-06-08T15:52:01.229728,1,0.6794
EVT891610,P007,S02,frozen,6,45,14,0,2026-06-08T15:52:01.229730,1,0.8622
EVT553959,P018,S01,household,9,30,0,0,2026-06-08T15:52:01.229732,0,0.515
EVT602199,P003,S01,snacks,19,50,15,0,2026-06-08T15:52:01.229735,1,0.7707
EVT813514,P003,S01,bakery,3,35,14,0,2026-06-08T15:52:01.229737,1,0.8837
EVT630585,P018,S03,bakery,22,35,4,0,2026-06-08T15:52:01.229740,1,0.4449
EVT759576,P013,S02,bakery,7,35,7,1,2026-06-08T15:52:01.229742,0,0.4961
EVT406116,P012,S03,snacks,35,50,2,0,2026-06-08T15:52:01.229744,1,0.3739
EVT610108,P006,S01,frozen,16,45,9,0,2026-06-08T15:52:01.229747,1,0.665
EVT517993,P015,S02,snacks,46,50,4,0,2026-06-08T15:52:01.229749,0,0.3138
EVT826507,P001,S01,snacks,2,50,6,1,2026-06-08T15:52:01.229752,1,0.5487
EVT182743,P011,S04,household,16,30,8,0,2026-06-08T15:52:01.229754,1,0.5656
EVT695701,P009,S02,frozen,9,45,4,0,2026-06-08T15:52:01.229757,0,0.6378
EVT690346,P002,S02,dairy,18,40,11,1,2026-06-08T15:52:01.229759,0,0.4614
EVT401242,P013,S03,snacks,6,50,3,0,2026-06-08T15:52:01.229761,0,0.6543
EVT680338,P013,S01,beverages,27,60,2,0,2026-06-08T15:52:01.229764,1,0.4864
EVT375437,P015,S01,snacks,22,50,11,0,2026-06-08T15:52:01.229766,1,0.6659
EVT932699,P013,S02,household,21,30,1,0,2026-06-08T15:52:01.229768,0,0.3544
EVT954065,P020,S04,dairy,30,40,6,0,2026-06-08T15:52:01.229771,1,0.4292
EVT868707,P009,S01,beverages,19,60,8,0,2026-06-08T15:52:01.229773,1,0.6631
EVT571255,P016,S02,snacks,45,50,5,0,2026-06-08T15:52:01.229776,0,0.3422
EVT774645,P020,S03,snacks,18,50,8,1,2026-06-08T15:52:01.229778,0,0.4436
EVT222981,P016,S04,household,8,30,3,0,2026-06-08T15:52:01.229781,1,0.5883
EVT212079,P014,S04,bakery,33,35,1,0,2026-06-08T15:52:01.229783,0,0.2452
EVT729335,P009,S04,beverages,15,60,8,0,2026-06-08T15:52:01.229786,1,0.6931
EVT324216,P004,S01,household,25,30,0,0,2026-06-08T15:52:01.229794,0,0.275
EVT396767,P012,S01,frozen,6,45,14,0,2026-06-08T15:52:01.229797,1,0.8622
EVT975215,P010,S02,bakery,28,35,5,0,2026-06-08T15:52:01.229799,0,0.3872
EVT982525,P012,S04,snacks,12,50,12,1,2026-06-08T15:52:01.229802,1,0.5753
EVT351260,P011,S01,frozen,35,45,6,0,2026-06-08T15:52:01.229804,0,0.4167
EVT597039,P019,S01,frozen,20,45,0,0,2026-06-08T15:52:01.229809,0,0.45
EVT287258,P016,S04,bakery,33,35,5,0,2026-06-08T15:52:01.229812,1,0.3229
EVT912915,P015,S02,household,18,30,11,1,2026-06-08T15:52:01.229814,1,0.3939
EVT491387,P011,S03,bakery,17,35,3,0,2026-06-08T15:52:01.229816,0,0.4898
EVT554236,P008,S04,frozen,0,45,18,0,2026-06-08T15:52:01.229819,1,0.95
EVT247965,P008,S01,bakery,15,35,12,0,2026-06-08T15:52:01.229822,1,0.6905
EVT898095,P020,S03,dairy,5,40,18,0,2026-06-08T15:52:01.229824,1,0.9437
EVT453096,P019,S02,snacks,31,50,4,0,2026-06-08T15:52:01.229827,0,0.4488
EVT358852,P016,S04,bakery,12,35,13,0,2026-06-08T15:52:01.229829,1,0.7485
EVT189130,P017,S04,frozen,2,45,10,1,2026-06-08T15:52:01.229832,0,0.6244
EVT115669,P008,S02,dairy,40,40,4,0,2026-06-08T15:52:01.229834,0,0.2778
EVT767071,P002,S02,frozen,1,45,11,0,2026-06-08T15:52:01.229836,1,0.8539
EVT244330,P004,S03,frozen,21,45,5,0,2026-06-08T15:52:01.229838,1,0.5372
EVT925616,P016,S04,household,9,30,5,0,2026-06-08T15:52:01.229841,1,0.6122
EVT280725,P019,S02,frozen,0,45,12,0,2026-06-08T15:52:01.229843,1,0.8833
EVT311390,P003,S03,frozen,23,45,4,0,2026-06-08T15:52:01.229846,1,0.4978
EVT289339,P006,S01,beverages,36,60,0,1,2026-06-08T15:52:01.229848,1,0.18
EVT304984,P009,S03,snacks,7,50,12,0,2026-06-08T15:52:01.229850,1,0.8203
EVT632980,P018,S01,beverages,13,60,11,0,2026-06-08T15:52:01.229853,1,0.7664
EVT174644,P009,S04,frozen,40,45,5,0,2026-06-08T15:52:01.229856,1,0.3472
EVT566968,P011,S02,snacks,49,50,6,0,2026-06-08T15:52:01.229858,0,0.3257
EVT148904,P016,S01,snacks,24,50,5,0,2026-06-08T15:52:01.229860,1,0.5312
EVT721778,P002,S04,snacks,2,50,5,0,2026-06-08T15:52:01.229863,0,0.7292
EVT529579,P010,S04,snacks,23,50,1,0,2026-06-08T15:52:01.229865,0,0.4624
EVT405275,P005,S02,beverages,13,60,13,0,2026-06-08T15:52:01.229868,1,0.8053
EVT886466,P013,S01,snacks,24,50,4,1,2026-06-08T15:52:01.229870,0,0.3118
EVT528317,P007,S01,snacks,27,50,5,0,2026-06-08T15:52:01.229873,0,0.5042
EVT566753,P014,S03,snacks,20,50,15,0,2026-06-08T15:52:01.229875,1,0.7617
EVT432962,P008,S02,household,13,30,10,0,2026-06-08T15:52:01.229878,1,0.6494
EVT796355,P010,S03,frozen,1,45,13,1,2026-06-08T15:52:01.229880,1,0.6928
EVT931071,P011,S02,dairy,36,40,6,0,2026-06-08T15:52:01.229882,1,0.3617
EVT627210,P003,S04,snacks,12,50,6,1,2026-06-08T15:52:01.229885,0,0.4587
EVT809672,P016,S03,frozen,12,45,10,1,2026-06-08T15:52:01.229887,0,0.5244
EVT975257,P009,S02,snacks,47,50,5,0,2026-06-08T15:52:01.229890,0,0.3242
EVT600164,P009,S04,frozen,2,45,16,0,2026-06-08T15:52:01.229892,1,0.9411
EVT437297,P003,S04,frozen,44,45,2,0,2026-06-08T15:52:01.229894,0,0.2489
EVT281320,P009,S03,dairy,25,40,0,0,2026-06-08T15:52:01.229897,1,0.3688
EVT985171,P009,S03,household,0,30,12,0,2026-06-08T15:52:01.229899,0,0.8833
EVT191004,P011,S01,bakery,8,35,12,1,2026-06-08T15:52:01.229901,1,0.5805
EVT280518,P012,S04,frozen,0,45,3,0,2026-06-08T15:52:01.229906,0,0.7083
EVT739315,P003,S04,dairy,23,40,2,0,2026-06-08T15:52:01.229909,0,0.4301
EVT104056,P013,S04,beverages,42,60,2,0,2026-06-08T15:52:01.229911,1,0.3739
EVT161147,P009,S01,dairy,19,40,2,0,2026-06-08T15:52:01.229914,1,0.4751
EVT702096,P017,S04,household,2,30,5,0,2026-06-08T15:52:01.229916,0,0.7172
EVT401597,P007,S01,dairy,6,40,2,0,2026-06-08T15:52:01.229918,1,0.6214
EVT682548,P019,S02,household,2,30,4,0,2026-06-08T15:52:01.229921,1,0.6978
EVT156306,P020,S04,beverages,43,60,1,0,2026-06-08T15:52:01.229923,0,0.3469
EVT496623,P017,S02,household,24,30,5,0,2026-06-08T15:52:01.229925,0,0.3872
EVT570720,P009,S01,beverages,7,60,4,0,2026-06-08T15:52:01.229928,1,0.6753
EVT935484,P006,S03,frozen,41,45,6,0,2026-06-08T15:52:01.229930,0,0.3567
EVT730848,P003,S01,bakery,8,35,8,0,2026-06-08T15:52:01.229933,1,0.7027
EVT642519,P017,S02,snacks,0,50,4,0,2026-06-08T15:52:01.229935,0,0.7278
EVT129798,P011,S04,frozen,37,45,3,0,2026-06-08T15:52:01.229937,1,0.3383
EVT699161,P019,S03,dairy,30,40,6,0,2026-06-08T15:52:01.229940,1,0.4292
EVT835720,P008,S02,household,13,30,0,0,2026-06-08T15:52:01.229942,1,0.455
EVT863245,P009,S02,snacks,0,50,0,0,2026-06-08T15:52:01.229945,0,0.65
EVT483265,P004,S03,beverages,3,60,11,0,2026-06-08T15:52:01.229948,1,0.8414
EVT473806,P002,S04,frozen,6,45,7,1,2026-06-08T15:52:01.229950,0,0.5261
EVT851631,P005,S04,beverages,45,60,5,1,2026-06-08T15:52:01.229953,0,0.2097
EVT801470,P004,S02,bakery,1,35,17,0,2026-06-08T15:52:01.229955,1,0.95
EVT169138,P001,S02,household,10,30,2,0,2026-06-08T15:52:01.229958,0,0.5389
EVT495950,P016,S01,household,5,30,15,1,2026-06-08T15:52:01.229960,0,0.6667
EVT668973,P009,S01,frozen,16,45,11,1,2026-06-08T15:52:01.229962,0,0.5039
EVT794149,P008,S01,dairy,3,40,16,0,2026-06-08T15:52:01.229965,1,0.9274
EVT318683,P008,S03,frozen,19,45,8,0,2026-06-08T15:52:01.229967,0,0.6156
EVT352320,P013,S04,beverages,6,60,4,0,2026-06-08T15:52:01.229969,1,0.6828
EVT110638,P010,S01,bakery,10,35,1,0,2026-06-08T15:52:01.229972,0,0.5409
EVT942385,P001,S02,bakery,27,35,2,0,2026-06-08T15:52:01.229974,0,0.3417
EVT702114,P019,S02,bakery,34,35,4,0,2026-06-08T15:52:01.229976,0,0.2906
EVT586833,P008,S02,dairy,8,40,15,0,2026-06-08T15:52:01.229978,1,0.8517
EVT676014,P010,S02,frozen,7,45,10,0,2026-06-08T15:52:01.229981,1,0.7744
EVT718058,P010,S03,snacks,23,50,2,0,2026-06-08T15:52:01.229983,1,0.4819
EVT217013,P004,S03,snacks,11,50,14,0,2026-06-08T15:52:01.229985,1,0.8232
EVT266526,P005,S04,bakery,19,35,6,0,2026-06-08T15:52:01.229988,1,0.5224
EVT633782,P013,S04,household,15,30,2,1,2026-06-08T15:52:01.229990,0,0.2639
EVT775404,P020,S04,beverages,27,60,5,0,2026-06-08T15:52:01.229993,1,0.5447
EVT687669,P018,S04,household,6,30,4,0,2026-06-08T15:52:01.229995,1,0.6378
EVT397283,P007,S02,bakery,9,35,16,0,2026-06-08T15:52:01.229997,1,0.8454
EVT537308,P010,S04,frozen,6,45,14,0,2026-06-08T15:52:01.230002,1,0.8622
EVT992118,P020,S03,bakery,29,35,5,0,2026-06-08T15:52:01.230004,0,0.3744
EVT963718,P012,S01,household,6,30,13,1,2026-06-08T15:52:01.230007,1,0.6128
EVT416986,P006,S04,beverages,28,60,6,0,2026-06-08T15:52:01.230009,1,0.5567
EVT901787,P002,S01,bakery,5,35,10,0,2026-06-08T15:52:01.230011,1,0.7802
EVT835943,P019,S01,frozen,37,45,1,0,2026-06-08T15:52:01.230014,1,0.2994
EVT183398,P005,S01,dairy,7,40,6,1,2026-06-08T15:52:01.230016,0,0.4879
EVT315604,P007,S03,dairy,7,40,13,1,2026-06-08T15:52:01.230018,1,0.624
EVT418602,P014,S03,household,6,30,5,0,2026-06-08T15:52:01.230021,1,0.6572
EVT351923,P012,S04,frozen,2,45,3,0,2026-06-08T15:52:01.230024,0,0.6883
EVT651078,P003,S02,beverages,4,60,6,1,2026-06-08T15:52:01.230026,0,0.5367
EVT271024,P016,S01,snacks,1,50,6,1,2026-06-08T15:52:01.230028,1,0.5577
EVT992753,P002,S02,beverages,12,60,15,0,2026-06-08T15:52:01.230031,1,0.8517
EVT850236,P008,S02,dairy,20,40,2,0,2026-06-08T15:52:01.230033,1,0.4639
EVT831456,P002,S03,snacks,35,50,3,0,2026-06-08T15:52:01.230035,1,0.3933
EVT956933,P012,S04,frozen,15,45,13,0,2026-06-08T15:52:01.230038,1,0.7528
EVT787184,P017,S04,household,12,30,9,0,2026-06-08T15:52:01.230040,1,0.645
EVT605210,P020,S02,household,5,30,13,0,2026-06-08T15:52:01.230043,0,0.8278
EVT270562,P020,S01,frozen,11,45,9,0,2026-06-08T15:52:01.230045,1,0.715
EVT887099,P003,S03,bakery,28,35,2,0,2026-06-08T15:52:01.230048,0,0.3289
EVT778885,P016,S01,dairy,31,40,0,0,2026-06-08T15:52:01.230050,1,0.3012
EVT521913,P019,S02,dairy,28,40,1,0,2026-06-08T15:52:01.230053,0,0.3544
EVT643130,P015,S02,snacks,4,50,10,0,2026-06-08T15:52:01.230055,1,0.8084
EVT447032,P001,S02,household,8,30,2,0,2026-06-08T15:52:01.230057,0,0.5689
EVT901553,P011,S03,frozen,4,45,0,0,2026-06-08T15:52:01.230060,0,0.61
EVT309657,P002,S01,dairy,17,40,8,0,2026-06-08T15:52:01.230062,1,0.6143
EVT825025,P009,S03,beverages,54,60,1,0,2026-06-08T15:52:01.230065,1,0.2644
EVT107424,P014,S04,beverages,31,60,4,0,2026-06-08T15:52:01.230067,1,0.4953
EVT155203,P015,S02,snacks,34,50,5,0,2026-06-08T15:52:01.230070,1,0.4412
EVT473573,P009,S01,bakery,1,35,5,0,2026-06-08T15:52:01.230073,0,0.7344
EVT595073,P016,S01,bakery,11,35,10,0,2026-06-08T15:52:01.230075,1,0.703
EVT952217,P010,S01,household,8,30,2,0,2026-06-08T15:52:01.230077,0,0.5689
EVT280318,P020,S01,bakery,34,35,5,0,2026-06-08T15:52:01.230080,0,0.3101
EVT456828,P004,S02,beverages,59,60,5,0,2026-06-08T15:52:01.230082,1,0.3047
EVT440928,P014,S02,household,3,30,12,0,2026-06-08T15:52:01.230085,1,0.8383
EVT881357,P014,S01,dairy,23,40,3,0,2026-06-08T15:52:01.230087,0,0.4496
EVT874731,P004,S04,household,14,30,6,1,2026-06-08T15:52:01.230090,0,0.3567
EVT591516,P018,S03,snacks,28,50,4,1,2026-06-08T15:52:01.230092,0,0.2758
EVT532731,P001,S01,snacks,49,50,5,0,2026-06-08T15:52:01.230095,1,0.3062
EVT923729,P014,S02,dairy,12,40,15,0,2026-06-08T15:52:01.230099,1,0.8067
EVT798380,P007,S01,dairy,21,40,1,0,2026-06-08T15:52:01.230102,1,0.4332
EVT676712,P010,S03,dairy,12,40,12,1,2026-06-08T15:52:01.230104,0,0.5483
EVT229366,P020,S04,beverages,19,60,13,0,2026-06-08T15:52:01.230107,1,0.7603
EVT810783,P002,S01,beverages,37,60,2,0,2026-06-08T15:52:01.230109,1,0.4114
EVT406143,P010,S04,dairy,6,40,0,0,2026-06-08T15:52:01.230112,1,0.5825
EVT315257,P011,S01,household,10,30,9,1,2026-06-08T15:52:01.230114,0,0.475
EVT595970,P009,S01,household,3,30,5,0,2026-06-08T15:52:01.230116,1,0.7022
EVT292495,P019,S01,snacks,44,50,3,0,2026-06-08T15:52:01.230119,0,0.3123
EVT373402,P018,S01,household,2,30,10,0,2026-06-08T15:52:01.230121,0,0.8144
EVT307040,P015,S04,beverages,57,60,0,1,2026-06-08T15:52:01.230123,0,0.05
EVT577837,P012,S03,household,26,30,3,0,2026-06-08T15:52:01.230126,0,0.3183
EVT625778,P004,S04,dairy,23,40,3,0,2026-06-08T15:52:01.230128,1,0.4496
EVT848033,P017,S02,dairy,12,40,14,1,2026-06-08T15:52:01.230130,1,0.5872
EVT116693,P007,S03,dairy,25,40,0,0,2026-06-08T15:52:01.230133,0,0.3688
EVT165226,P007,S02,frozen,24,45,3,0,2026-06-08T15:52:01.230135,1,0.4683
EVT258723,P018,S03,household,6,30,4,0,2026-06-08T15:52:01.230137,1,0.6378
EVT278677,P001,S01,frozen,6,45,13,0,2026-06-08T15:52:01.230140,1,0.8428
EVT248902,P007,S03,beverages,48,60,2,0,2026-06-08T15:52:01.230142,0,0.3289
EVT852893,P002,S03,snacks,44,50,2,0,2026-06-08T15:52:01.230145,0,0.2929
EVT461434,P011,S01,snacks,41,50,0,0,2026-06-08T15:52:01.230147,0,0.281
EVT971843,P013,S04,bakery,18,35,4,1,2026-06-08T15:52:01.230149,0,0.2963
EVT682452,P013,S04,bakery,0,35,0,0,2026-06-08T15:52:01.230152,1,0.65
EVT834511,P007,S03,frozen,45,45,1,0,2026-06-08T15:52:01.230154,0,0.2194
EVT433818,P015,S02,beverages,12,60,9,1,2026-06-08T15:52:01.230156,0,0.535
EVT148584,P018,S03,beverages,30,60,6,0,2026-06-08T15:52:01.230159,0,0.5417
EVT910652,P010,S04,dairy,36,40,5,0,2026-06-08T15:52:01.230161,0,0.3422
EVT369705,P001,S04,beverages,18,60,6,1,2026-06-08T15:52:01.230164,0,0.4317
EVT723653,P010,S01,bakery,30,35,0,0,2026-06-08T15:52:01.230166,0,0.2643
EVT344530,P017,S02,frozen,34,45,3,0,2026-06-08T15:52:01.230168,0,0.3683
EVT407848,P003,S04,household,27,30,3,0,2026-06-08T15:52:01.230171,0,0.3033
EVT162375,P016,S01,beverages,6,60,15,0,2026-06-08T15:52:01.230173,1,0.8967
EVT718914,P007,S02,bakery,3,35,14,1,2026-06-08T15:52:01.230175,1,0.6837
EVT792614,P011,S03,frozen,34,45,0,0,2026-06-08T15:52:01.230178,0,0.31
EVT830816,P016,S04,dairy,11,40,9,1,2026-06-08T15:52:01.230180,1,0.5012
EVT877870,P010,S03,household,12,30,14,0,2026-06-08T15:52:01.230183,1,0.7422
EVT584329,P002,S03,bakery,3,35,1,0,2026-06-08T15:52:01.230185,0,0.6309
EVT799869,P013,S02,household,10,30,9,0,2026-06-08T15:52:01.230188,1,0.675
EVT653790,P002,S04,dairy,5,40,4,0,2026-06-08T15:52:01.230190,0,0.6715
EVT365024,P001,S02,snacks,8,50,0,0,2026-06-08T15:52:01.230195,1,0.578
EVT816755,P008,S02,dairy,29,40,6,0,2026-06-08T15:52:01.230197,1,0.4404
EVT143327,P002,S02,bakery,0,35,5,0,2026-06-08T15:52:01.230200,1,0.7472
EVT904455,P006,S01,household,2,30,11,0,2026-06-08T15:52:01.230202,1,0.8339
EVT739106,P018,S04,dairy,36,40,6,0,2026-06-08T15:52:01.230204,1,0.3617
EVT885436,P017,S03,frozen,6,45,12,0,2026-06-08T15:52:01.230207,1,0.8233
EVT224878,P013,S03,beverages,0,60,2,0,2026-06-08T15:52:01.230209,0,0.6889
EVT941423,P005,S04,bakery,8,35,11,1,2026-06-08T15:52:01.230212,0,0.561
EVT260584,P012,S01,bakery,7,35,7,1,2026-06-08T15:52:01.230214,1,0.4961
EVT239018,P009,S04,bakery,19,35,6,1,2026-06-08T15:52:01.230216,1,0.3224
EVT303158,P009,S03,frozen,15,45,15,0,2026-06-08T15:52:01.230219,0,0.7917
EVT337699,P004,S02,frozen,6,45,16,0,2026-06-08T15:52:01.230222,1,0.9011
EVT967291,P016,S03,dairy,27,40,3,0,2026-06-08T15:52:01.230224,1,0.4046
EVT559514,P004,S04,household,15,30,10,0,2026-06-08T15:52:01.230226,1,0.6194
EVT999605,P004,S02,snacks,1,50,15,0,2026-06-08T15:52:01.230228,1,0.9327
EVT983139,P012,S04,dairy,8,40,14,0,2026-06-08T15:52:01.230231,0,0.8322
EVT945024,P003,S02,household,8,30,13,0,2026-06-08T15:52:01.230233,1,0.7828
EVT616117,P011,S03,household,7,30,10,1,2026-06-08T15:52:01.230235,0,0.5394
EVT961007,P017,S01,household,24,30,6,0,2026-06-08T15:52:01.230238,1,0.4067
EVT799293,P012,S02,dairy,8,40,6,1,2026-06-08T15:52:01.230241,1,0.4767
EVT797264,P019,S01,dairy,27,40,6,0,2026-06-08T15:52:01.230243,0,0.4629
EVT410292,P006,S01,bakery,31,35,2,0,2026-06-08T15:52:01.230245,1,0.2903
EVT508598,P018,S01,beverages,4,60,0,0,2026-06-08T15:52:01.230248,1,0.62
EVT277921,P001,S01,dairy,7,40,5,0,2026-06-08T15:52:01.230250,1,0.6685
EVT311314,P002,S03,frozen,3,45,6,1,2026-06-08T15:52:01.230252,1,0.5367
EVT825490,P004,S02,frozen,17,45,6,1,2026-06-08T15:52:01.230255,0,0.3967
EVT998349,P013,S01,dairy,2,40,8,1,2026-06-08T15:52:01.230257,0,0.5831
EVT315841,P012,S03,beverages,0,60,4,0,2026-06-08T15:52:01.230260,1,0.7278
EVT656441,P005,S04,dairy,5,40,9,1,2026-06-08T15:52:01.230262,1,0.5688
EVT301453,P020,S03,snacks,19,50,11,0,2026-06-08T15:52:01.230265,0,0.6929
EVT499928,P020,S04,snacks,40,50,6,1,2026-06-08T15:52:01.230267,0,0.2067
EVT364043,P020,S01,bakery,16,35,2,0,2026-06-08T15:52:01.230269,0,0.4832
EVT988361,P008,S03,beverages,28,60,2,0,2026-06-08T15:52:01.230272,1,0.4789
EVT486191,P002,S04,beverages,5,60,11,1,2026-06-08T15:52:01.230274,0,0.6264
EVT269653,P012,S04,beverages,34,60,1,0,2026-06-08T15:52:01.230277,1,0.4144
EVT669351,P004,S01,frozen,12,45,10,0,2026-06-08T15:52:01.230279,1,0.7244
EVT379146,P018,S04,bakery,24,35,2,0,2026-06-08T15:52:01.230282,1,0.3803
EVT608589,P020,S04,household,3,30,2,0,2026-06-08T15:52:01.230284,1,0.6439
EVT712058,P005,S03,beverages,16,60,7,0,2026-06-08T15:52:01.230286,1,0.6661
EVT497418,P017,S04,household,13,30,4,0,2026-06-08T15:52:01.230293,1,0.5328
EVT445949,P005,S02,dairy,24,40,3,0,2026-06-08T15:52:01.230296,0,0.4383
EVT658993,P017,S03,bakery,30,35,4,0,2026-06-08T15:52:01.230298,1,0.3421
EVT108142,P002,S01,frozen,17,45,8,0,2026-06-08T15:52:01.230300,1,0.6356
EVT644001,P009,S02,dairy,21,40,3,0,2026-06-08T15:52:01.230303,1,0.4721
EVT279043,P001,S01,beverages,13,60,9,0,2026-06-08T15:52:01.230305,1,0.7275
EVT975427,P011,S03,bakery,11,35,6,0,2026-06-08T15:52:01.230307,1,0.6252
EVT652035,P020,S03,beverages,54,60,5,1,2026-06-08T15:52:01.230310,0,0.1422
EVT916688,P007,S01,beverages,56,60,0,0,2026-06-08T15:52:01.230312,0,0.23
EVT599882,P018,S04,household,4,30,4,0,2026-06-08T15:52:01.230315,0,0.6678
EVT429113,P013,S02,snacks,30,50,3,0,2026-06-08T15:52:01.230317,0,0.4383
EVT949203,P003,S04,frozen,29,45,2,0,2026-06-08T15:52:01.230319,0,0.3989
EVT988650,P006,S01,bakery,16,35,1,0,2026-06-08T15:52:01.230322,0,0.4637
EVT956582,P007,S02,household,10,30,0,0,2026-06-08T15:52:01.230325,0,0.5
EVT882304,P001,S04,dairy,33,40,3,0,2026-06-08T15:52:01.230327,0,0.3371
EVT665136,P020,S02,household,5,30,13,0,2026-06-08T15:52:01.230330,1,0.8278
EVT245335,P004,S04,dairy,7,40,13,1,2026-06-08T15:52:01.230332,0,0.624
EVT395745,P004,S02,bakery,24,35,1,0,2026-06-08T15:52:01.230334,0,0.3609
EVT690625,P006,S03,dairy,2,40,12,0,2026-06-08T15:52:01.230337,1,0.8608
EVT787959,P014,S02,bakery,5,35,2,0,2026-06-08T15:52:01.230339,1,0.6246
EVT619305,P016,S01,bakery,21,35,3,0,2026-06-08T15:52:01.230342,1,0.4383
EVT103119,P016,S02,snacks,12,50,10,1,2026-06-08T15:52:01.230345,1,0.5364
EVT841161,P011,S03,bakery,27,35,2,0,2026-06-08T15:52:01.230348,0,0.3417
EVT294353,P002,S04,beverages,58,60,0,0,2026-06-08T15:52:01.230350,0,0.215
EVT685812,P011,S01,bakery,18,35,3,0,2026-06-08T15:52:01.230352,1,0.4769
EVT427929,P019,S01,dairy,22,40,6,0,2026-06-08T15:52:01.230355,0,0.5192
EVT979987,P019,S01,frozen,32,45,2,0,2026-06-08T15:52:01.230357,0,0.3689
EVT821109,P003,S02,beverages,0,60,12,0,2026-06-08T15:52:01.230359,1,0.8833
EVT714414,P013,S02,frozen,3,45,10,1,2026-06-08T15:52:01.230362,1,0.6144
EVT114163,P011,S03,household,2,30,0,0,2026-06-08T15:52:01.230364,1,0.62
EVT482501,P020,S01,bakery,9,35,5,0,2026-06-08T15:52:01.230366,0,0.6315
EVT923624,P020,S01,household,4,30,15,0,2026-06-08T15:52:01.230369,1,0.8817
EVT513844,P003,S01,household,16,30,5,0,2026-06-08T15:52:01.230371,0,0.5072
EVT254349,P019,S04,snacks,0,50,17,0,2026-06-08T15:52:01.230373,1,0.95
EVT879235,P013,S03,dairy,36,40,3,0,2026-06-08T15:52:01.230376,0,0.3033
EVT243389,P017,S03,frozen,8,45,11,1,2026-06-08T15:52:01.230378,1,0.5839
EVT295783,P010,S04,snacks,36,50,6,0,2026-06-08T15:52:01.230380,1,0.4427
EVT755605,P009,S01,household,6,30,13,0,2026-06-08T15:52:01.230383,1,0.8128
EVT718207,P001,S02,frozen,14,45,8,0,2026-06-08T15:52:01.230385,1,0.6656
EVT344465,P020,S02,household,22,30,2,0,2026-06-08T15:52:01.230392,0,0.3589
EVT668362,P012,S01,bakery,3,35,13,0,2026-06-08T15:52:01.230395,1,0.8642
EVT345102,P015,S02,snacks,35,50,5,0,2026-06-08T15:52:01.230397,0,0.4322
EVT388916,P019,S03,dairy,20,40,6,0,2026-06-08T15:52:01.230399,1,0.5417
EVT482415,P010,S03,snacks,46,50,6,0,2026-06-08T15:52:01.230402,1,0.3527
EVT269068,P020,S01,bakery,25,35,1,0,2026-06-08T15:52:01.230404,1,0.348
EVT435923,P020,S02,bakery,20,35,2,0,2026-06-08T15:52:01.230407,1,0.4317
EVT319333,P003,S04,dairy,28,40,2,0,2026-06-08T15:52:01.230409,0,0.3739
EVT744099,P016,S04,household,5,30,14,0,2026-06-08T15:52:01.230411,1,0.8472
EVT772277,P020,S02,beverages,35,60,5,0,2026-06-08T15:52:01.230413,0,0.4847
EVT126522,P013,S02,frozen,1,45,0,0,2026-06-08T15:52:01.230416,0,0.64
EVT180948,P006,S02,household,13,30,9,0,2026-06-08T15:52:01.230418,1,0.63
EVT196126,P008,S01,beverages,9,60,11,1,2026-06-08T15:52:01.230421,1,0.5964
EVT592173,P016,S01,household,29,30,2,0,2026-06-08T15:52:01.230424,0,0.2539
EVT962827,P004,S03,frozen,40,45,5,0,2026-06-08T15:52:01.230426,1,0.3472
EVT636534,P020,S02,frozen,20,45,6,0,2026-06-08T15:52:01.230429,0,0.5667
EVT494399,P014,S02,household,21,30,0,0,2026-06-08T15:52:01.230431,1,0.335
EVT801061,P004,S04,frozen,3,45,10,1,2026-06-08T15:52:01.230433,0,0.6144
EVT441568,P018,S01,snacks,36,50,5,0,2026-06-08T15:52:01.230436,0,0.4232
EVT349617,P010,S02,snacks,29,50,2,0,2026-06-08T15:52:01.230438,1,0.4279
EVT305007,P019,S04,snacks,49,50,5,0,2026-06-08T15:52:01.230441,1,0.3062
EVT664863,P007,S03,beverages,43,60,1,0,2026-06-08T15:52:01.230443,0,0.3469
EVT408396,P018,S04,bakery,4,35,3,0,2026-06-08T15:52:01.230446,1,0.6569
EVT915765,P007,S03,frozen,44,45,0,0,2026-06-08T15:52:01.230448,0,0.21
EVT989550,P007,S04,household,6,30,4,0,2026-06-08T15:52:01.230450,1,0.6378
EVT855436,P005,S04,dairy,30,40,2,0,2026-06-08T15:52:01.230453,1,0.3514
EVT905801,P006,S03,dairy,29,40,4,0,2026-06-08T15:52:01.230455,0,0.4015
EVT846251,P018,S04,bakery,17,35,3,0,2026-06-08T15:52:01.230458,0,0.4898
EVT848022,P013,S01,dairy,7,40,11,1,2026-06-08T15:52:01.230460,1,0.5851
EVT459032,P002,S02,snacks,20,50,10,0,2026-06-08T15:52:01.230463,0,0.6644
EVT857454,P007,S04,beverages,28,60,0,0,2026-06-08T15:52:01.230465,1,0.44
EVT741679,P007,S01,dairy,29,40,3,0,2026-06-08T15:52:01.230467,1,0.3821
EVT422854,P006,S03,household,22,30,5,0,2026-06-08T15:52:01.230470,0,0.4172
EVT694937,P011,S02,household,18,30,6,0,2026-06-08T15:52:01.230472,0,0.4967
EVT968645,P012,S04,frozen,23,45,2,1,2026-06-08T15:52:01.230474,1,0.2589
EVT514828,P006,S01,bakery,23,35,4,0,2026-06-08T15:52:01.230477,1,0.4321
EVT511186,P002,S02,snacks,30,50,3,0,2026-06-08T15:52:01.230479,0,0.4383
EVT786904,P020,S02,beverages,13,60,11,0,2026-06-08T15:52:01.230482,0,0.7664
EVT724063,P010,S04,bakery,19,35,6,0,2026-06-08T15:52:01.230484,1,0.5224
EVT275251,P014,S04,household,27,30,0,0,2026-06-08T15:52:01.230491,0,0.245
EVT114926,P008,S02,beverages,46,60,1,0,2026-06-08T15:52:01.230494,0,0.3244
EVT150063,P001,S01,bakery,14,35,10,0,2026-06-08T15:52:01.230497,1,0.6644
EVT490120,P018,S04,frozen,18,45,9,0,2026-06-08T15:52:01.230499,1,0.645
EVT270216,P018,S02,dairy,32,40,4,0,2026-06-08T15:52:01.230502,1,0.3678
EVT816586,P019,S04,household,26,30,3,1,2026-06-08T15:52:01.230504,0,0.1183
EVT499489,P012,S01,snacks,1,50,18,0,2026-06-08T15:52:01.230507,1,0.95
EVT852541,P012,S02,snacks,5,50,15,1,2026-06-08T15:52:01.230510,0,0.6967
EVT576737,P003,S03,dairy,35,40,3,0,2026-06-08T15:52:01.230512,0,0.3146
EVT340425,P003,S01,beverages,17,60,15,0,2026-06-08T15:52:01.230515,1,0.8142
EVT490763,P013,S01,bakery,19,35,2,0,2026-06-08T15:52:01.230517,0,0.4446
EVT192520,P006,S02,dairy,14,40,16,0,2026-06-08T15:52:01.230520,1,0.8036
EVT837210,P007,S01,beverages,10,60,0,0,2026-06-08T15:52:01.230522,1,0.575
EVT496146,P017,S03,household,13,30,5,0,2026-06-08T15:52:01.230524,0,0.5522
EVT405344,P007,S03,snacks,29,50,4,0,2026-06-08T15:52:01.230527,1,0.4668
EVT500128,P004,S01,dairy,5,40,15,0,2026-06-08T15:52:01.230529,1,0.8854
EVT132669,P017,S04,dairy,25,40,5,0,2026-06-08T15:52:01.230531,0,0.466
EVT285351,P010,S04,snacks,11,50,8,0,2026-06-08T15:52:01.230534,1,0.7066
EVT909735,P012,S03,dairy,33,40,4,0,2026-06-08T15:52:01.230536,0,0.3565
EVT839891,P019,S03,dairy,40,40,1,0,2026-06-08T15:52:01.230539,1,0.2194
EVT185738,P014,S01,dairy,4,40,3,0,2026-06-08T15:52:01.230541,1,0.6633
EVT944341,P011,S01,dairy,8,40,9,0,2026-06-08T15:52:01.230544,1,0.735
EVT376526,P007,S03,dairy,12,40,12,0,2026-06-08T15:52:01.230546,1,0.7483
EVT355636,P017,S02,household,15,30,5,1,2026-06-08T15:52:01.230549,0,0.3222
EVT664690,P013,S01,dairy,34,40,4,1,2026-06-08T15:52:01.230551,0,0.1453
EVT438928,P003,S03,frozen,28,45,5,1,2026-06-08T15:52:01.230553,0,0.2672
EVT934805,P012,S03,snacks,10,50,11,0,2026-06-08T15:52:01.230555,1,0.7739
EVT204204,P018,S01,beverages,1,60,5,0,2026-06-08T15:52:01.230558,1,0.7397
EVT231793,P011,S03,beverages,8,60,12,0,2026-06-08T15:52:01.230560,1,0.8233
EVT994513,P010,S02,snacks,44,50,0,0,2026-06-08T15:52:01.230562,1,0.254
EVT506358,P012,S04,snacks,0,50,5,0,2026-06-08T15:52:01.230565,0,0.7472
EVT145608,P020,S01,bakery,25,35,1,0,2026-06-08T15:52:01.230567,0,0.348
EVT669414,P002,S02,household,5,30,9,1,2026-06-08T15:52:01.230569,1,0.55
EVT497876,P015,S04,frozen,32,45,1,0,2026-06-08T15:52:01.230572,0,0.3494
EVT354260,P010,S04,bakery,11,35,6,0,2026-06-08T15:52:01.230574,1,0.6252
EVT774551,P012,S04,frozen,32,45,2,0,2026-06-08T15:52:01.230577,1,0.3689
EVT604838,P013,S03,frozen,22,45,5,0,2026-06-08T15:52:01.230579,1,0.5272
EVT822217,P003,S01,snacks,47,50,1,0,2026-06-08T15:52:01.230582,0,0.2464
EVT433957,P014,S01,bakery,3,35,8,1,2026-06-08T15:52:01.230590,0,0.567
EVT470447,P007,S04,household,2,30,0,0,2026-06-08T15:52:01.230593,1,0.62
EVT179117,P008,S04,frozen,9,45,0,0,2026-06-08T15:52:01.230595,0,0.56
EVT316726,P001,S03,snacks,35,50,4,0,2026-06-08T15:52:01.230598,0,0.4128
EVT895268,P010,S04,beverages,1,60,10,0,2026-06-08T15:52:01.230600,0,0.8369
EVT609359,P003,S03,snacks,10,50,14,0,2026-06-08T15:52:01.230602,1,0.8322
EVT483546,P001,S04,frozen,0,45,3,0,2026-06-08T15:52:01.230605,1,0.7083
EVT775547,P002,S04,household,14,30,3,0,2026-06-08T15:52:01.230607,0,0.4983
EVT491029,P007,S03,dairy,2,40,14,1,2026-06-08T15:52:01.230609,1,0.6997
EVT162843,P020,S04,frozen,23,45,4,0,2026-06-08T15:52:01.230612,0,0.4978
EVT502425,P017,S01,household,8,30,11,0,2026-06-08T15:52:01.230614,0,0.7439
EVT611180,P006,S02,bakery,34,35,1,0,2026-06-08T15:52:01.230617,1,0.2323
EVT256226,P008,S03,snacks,41,50,6,0,2026-06-08T15:52:01.230619,0,0.3977
EVT298714,P010,S04,frozen,4,45,2,0,2026-06-08T15:52:01.230621,0,0.6489
EVT132950,P017,S04,dairy,33,40,1,0,2026-06-08T15:52:01.230624,0,0.2982
EVT749043,P020,S01,household,14,30,5,1,2026-06-08T15:52:01.230626,0,0.3372
EVT455223,P013,S04,beverages,3,60,12,0,2026-06-08T15:52:01.230628,0,0.8608
EVT396341,P001,S01,household,7,30,10,0,2026-06-08T15:52:01.230631,1,0.7394
EVT321280,P009,S01,household,20,30,0,1,2026-06-08T15:52:01.230633,0,0.15
EVT670109,P005,S04,household,11,30,13,1,2026-06-08T15:52:01.230635,0,0.5378
EVT556098,P018,S02,beverages,10,60,4,0,2026-06-08T15:52:01.230638,0,0.6528
EVT689835,P004,S03,snacks,9,50,9,0,2026-06-08T15:52:01.230641,1,0.744
EVT309936,P004,S04,frozen,7,45,5,0,2026-06-08T15:52:01.230643,1,0.6772
EVT240644,P013,S01,bakery,30,35,6,1,2026-06-08T15:52:01.230645,0,0.181
EVT388296,P015,S01,dairy,2,40,17,0,2026-06-08T15:52:01.230647,1,0.95
EVT547980,P001,S02,household,6,30,1,0,2026-06-08T15:52:01.230650,1,0.5794
EVT819736,P017,S01,dairy,4,40,15,0,2026-06-08T15:52:01.230652,1,0.8967
EVT169608,P012,S01,dairy,27,40,0,0,2026-06-08T15:52:01.230654,0,0.3462
EVT161997,P007,S01,snacks,34,50,4,0,2026-06-08T15:52:01.230657,0,0.4218
EVT435587,P017,S01,frozen,32,45,1,0,2026-06-08T15:52:01.230659,0,0.3494
EVT222707,P013,S01,dairy,21,40,6,0,2026-06-08T15:52:01.230661,1,0.5304
EVT341584,P017,S04,bakery,33,35,4,0,2026-06-08T15:52:01.230664,0,0.3035
EVT319819,P008,S04,frozen,30,45,4,1,2026-06-08T15:52:01.230667,0,0.2278
EVT927185,P013,S02,snacks,3,50,10,0,2026-06-08T15:52:01.230669,1,0.8174
EVT265958,P009,S01,household,5,30,12,0,2026-06-08T15:52:01.230671,1,0.8083
EVT782809,P003,S01,frozen,6,45,0,0,2026-06-08T15:52:01.230674,0,0.59
EVT509854,P013,S04,frozen,11,45,12,0,2026-06-08T15:52:01.230676,0,0.7733
EVT277993,P006,S01,bakery,9,35,14,1,2026-06-08T15:52:01.230679,0,0.6065
EVT585494,P008,S02,frozen,25,45,0,0,2026-06-08T15:52:01.230681,0,0.4
EVT425079,P008,S03,bakery,2,35,8,1,2026-06-08T15:52:01.230683,0,0.5798
EVT904181,P010,S03,snacks,48,50,2,0,2026-06-08T15:52:01.230689,0,0.2569
EVT109529,P001,S04,bakery,17,35,4,0,2026-06-08T15:52:01.230691,0,0.5092
EVT943389,P001,S02,beverages,57,60,3,0,2026-06-08T15:52:01.230693,0,0.2808
EVT388523,P013,S03,household,8,30,9,0,2026-06-08T15:52:01.230696,0,0.705
EVT750866,P010,S01,beverages,28,60,2,0,2026-06-08T15:52:01.230698,1,0.4789
EVT466687,P020,S02,snacks,30,50,6,0,2026-06-08T15:52:01.230700,1,0.4967
EVT668260,P018,S02,household,5,30,12,1,2026-06-08T15:52:01.230703,0,0.6083
EVT925981,P003,S04,snacks,25,50,5,0,2026-06-08T15:52:01.230705,1,0.5222
EVT771801,P009,S01,snacks,5,50,5,0,2026-06-08T15:52:01.230707,0,0.7022
EVT109175,P019,S02,beverages,2,60,8,1,2026-06-08T15:52:01.230710,1,0.5906
EVT220505,P015,S04,snacks,9,50,1,0,2026-06-08T15:52:01.230713,0,0.5884
EVT210497,P011,S01,bakery,27,35,0,0,2026-06-08T15:52:01.230715,0,0.3029
EVT778825,P020,S01,snacks,8,50,11,1,2026-06-08T15:52:01.230717,1,0.5919
EVT405913,P018,S03,bakery,17,35,3,0,2026-06-08T15:52:01.230720,0,0.4898
EVT489906,P019,S02,dairy,37,40,4,0,2026-06-08T15:52:01.230722,0,0.3115
EVT271836,P017,S04,household,13,30,9,0,2026-06-08T15:52:01.230725,1,0.63
EVT440153,P007,S02,beverages,3,60,9,1,2026-06-08T15:52:01.230727,0,0.6025
EVT780385,P019,S02,frozen,30,45,2,0,2026-06-08T15:52:01.230729,0,0.3889
EVT116993,P015,S02,frozen,5,45,12,0,2026-06-08T15:52:01.230732,1,0.8333
EVT430766,P011,S04,beverages,44,60,1,0,2026-06-08T15:52:01.230735,1,0.3394
EVT424418,P015,S04,bakery,22,35,5,0,2026-06-08T15:52:01.230737,0,0.4644
EVT453125,P009,S04,frozen,10,45,11,1,2026-06-08T15:52:01.230739,1,0.5639
EVT870244,P018,S03,beverages,10,60,9,0,2026-06-08T15:52:01.230742,1,0.75
EVT719132,P002,S01,beverages,27,60,15,0,2026-06-08T15:52:01.230744,1,0.7392
EVT111725,P020,S02,beverages,3,60,10,0,2026-06-08T15:52:01.230747,1,0.8219
EVT332401,P007,S02,dairy,5,40,3,0,2026-06-08T15:52:01.230749,0,0.6521
EVT920007,P020,S04,bakery,0,35,2,0,2026-06-08T15:52:01.230751,1,0.6889
EVT649514,P004,S03,bakery,12,35,12,1,2026-06-08T15:52:01.230754,1,0.529
EVT295667,P006,S03,beverages,11,60,6,1,2026-06-08T15:52:01.230756,0,0.4842
EVT361252,P004,S02,bakery,4,35,13,0,2026-06-08T15:52:01.230759,1,0.8513
EVT684502,P003,S04,household,9,30,7,0,2026-06-08T15:52:01.230761,0,0.6511
EVT854053,P011,S04,dairy,0,40,0,0,2026-06-08T15:52:01.230763,1,0.65
EVT150099,P013,S02,dairy,2,40,6,1,2026-06-08T15:52:01.230766,0,0.5442
EVT946304,P018,S02,dairy,12,40,10,0,2026-06-08T15:52:01.230768,0,0.7094
EVT283876,P007,S04,beverages,57,60,6,0,2026-06-08T15:52:01.230770,0,0.3392
EVT957207,P006,S01,frozen,3,45,4,0,2026-06-08T15:52:01.230773,1,0.6978
EVT163695,P002,S03,bakery,33,35,1,0,2026-06-08T15:52:01.230775,0,0.2452
EVT258121,P006,S01,frozen,19,45,12,0,2026-06-08T15:52:01.230778,0,0.6933
EVT892047,P011,S01,frozen,6,45,15,1,2026-06-08T15:52:01.230780,1,0.6817
EVT558673,P010,S01,beverages,35,60,6,0,2026-06-08T15:52:01.230786,1,0.5042
EVT592952,P015,S03,household,23,30,4,0,2026-06-08T15:52:01.230801,1,0.3828
EVT472102,P008,S04,snacks,2,50,2,0,2026-06-08T15:52:01.230805,0,0.6709
EVT790691,P003,S03,snacks,9,50,8,1,2026-06-08T15:52:01.230808,0,0.5246
EVT698129,P019,S02,bakery,24,35,5,0,2026-06-08T15:52:01.230811,0,0.4387
EVT206119,P014,S02,dairy,27,40,5,0,2026-06-08T15:52:01.230814,0,0.4435
EVT264996,P016,S04,frozen,26,45,5,0,2026-06-08T15:52:01.230817,0,0.4872
EVT328892,P009,S04,household,19,30,0,0,2026-06-08T15:52:01.230821,0,0.365
EVT646700,P016,S02,frozen,0,45,4,0,2026-06-08T15:52:01.230824,1,0.7278
EVT818470,P014,S02,frozen,20,45,0,0,2026-06-08T15:52:01.230828,0,0.45
EVT917009,P002,S01,bakery,6,35,11,0,2026-06-08T15:52:01.230831,1,0.7867
EVT435389,P005,S04,bakery,2,35,15,0,2026-06-08T15:52:01.230834,1,0.916
EVT255551,P005,S04,frozen,42,45,0,0,2026-06-08T15:52:01.230838,0,0.23
EVT918738,P009,S04,dairy,12,40,15,1,2026-06-08T15:52:01.230840,1,0.6067
EVT798070,P012,S02,snacks,50,50,6,0,2026-06-08T15:52:01.230843,0,0.3167
EVT465585,P019,S04,household,28,30,6,0,2026-06-08T15:52:01.230846,1,0.3467
EVT723773,P015,S02,bakery,1,35,14,1,2026-06-08T15:52:01.230849,0,0.7094
EVT984864,P014,S04,snacks,50,50,2,0,2026-06-08T15:52:01.230851,0,0.2389
EVT881855,P001,S04,beverages,45,60,2,0,2026-06-08T15:52:01.230854,0,0.3514
EVT179747,P019,S01,bakery,4,35,5,0,2026-06-08T15:52:01.230857,1,0.6958
EVT477382,P012,S02,frozen,2,45,4,0,2026-06-08T15:52:01.230860,1,0.7078
EVT361295,P010,S02,snacks,4,50,3,0,2026-06-08T15:52:01.230863,1,0.6723
EVT203508,P001,S01,bakery,0,35,5,0,2026-06-08T15:52:01.230865,1,0.7472
EVT328505,P016,S03,dairy,7,40,3,0,2026-06-08T15:52:01.230868,1,0.6296
EVT205741,P015,S02,beverages,38,60,6,1,2026-06-08T15:52:01.230871,1,0.2817
EVT387542,P004,S03,dairy,33,40,5,0,2026-06-08T15:52:01.230873,0,0.376
EVT662716,P015,S01,frozen,7,45,9,1,2026-06-08T15:52:01.230876,1,0.555
EVT460931,P001,S03,dairy,18,40,5,0,2026-06-08T15:52:01.230878,1,0.5447
EVT163930,P004,S02,household,20,30,4,1,2026-06-08T15:52:01.230881,0,0.2278
EVT238476,P019,S01,beverages,0,60,18,0,2026-06-08T15:52:01.230884,1,0.95
EVT904849,P001,S01,household,9,30,15,0,2026-06-08T15:52:01.230886,1,0.8067
EVT441221,P015,S02,snacks,50,50,4,0,2026-06-08T15:52:01.230889,0,0.2778
EVT204895,P001,S01,household,17,30,5,0,2026-06-08T15:52:01.230892,0,0.4922
EVT637758,P002,S04,dairy,17,40,16,0,2026-06-08T15:52:01.230894,1,0.7699
EVT735210,P008,S02,dairy,11,40,9,0,2026-06-08T15:52:01.230897,1,0.7012
EVT805101,P002,S04,beverages,10,60,11,1,2026-06-08T15:52:01.230900,0,0.5889
EVT842938,P004,S02,beverages,53,60,4,0,2026-06-08T15:52:01.230902,0,0.3303
EVT362503,P008,S01,bakery,8,35,16,0,2026-06-08T15:52:01.230904,1,0.8583
EVT764021,P015,S02,frozen,17,45,11,0,2026-06-08T15:52:01.230907,1,0.6939
EVT346260,P008,S01,beverages,60,60,4,0,2026-06-08T15:52:01.230913,1,0.2778
EVT217965,P011,S03,household,24,30,6,1,2026-06-08T15:52:01.230916,0,0.2067
EVT330732,P013,S04,bakery,11,35,12,0,2026-06-08T15:52:01.230919,1,0.7419
EVT827604,P008,S03,snacks,9,50,14,1,2026-06-08T15:52:01.230922,1,0.6412
EVT156366,P014,S02,bakery,23,35,2,1,2026-06-08T15:52:01.230924,0,0.1932
EVT856950,P001,S04,snacks,22,50,14,0,2026-06-08T15:52:01.230927,0,0.7242
EVT483551,P007,S03,beverages,4,60,8,1,2026-06-08T15:52:01.230929,1,0.5756
EVT919443,P010,S04,beverages,41,60,1,0,2026-06-08T15:52:01.230932,0,0.3619
EVT758541,P018,S03,beverages,52,60,5,0,2026-06-08T15:52:01.230935,0,0.3572
EVT986208,P016,S04,snacks,8,50,13,1,2026-06-08T15:52:01.230938,1,0.6308
EVT807838,P017,S02,beverages,29,60,6,0,2026-06-08T15:52:01.230941,0,0.5492
EVT878586,P020,S03,household,5,30,10,0,2026-06-08T15:52:01.230943,1,0.7694
EVT886287,P015,S04,bakery,9,35,8,1,2026-06-08T15:52:01.230946,1,0.4898
EVT156549,P011,S03,snacks,44,50,0,1,2026-06-08T15:52:01.230948,0,0.054
EVT782017,P002,S02,frozen,11,45,8,1,2026-06-08T15:52:01.230951,0,0.4956
EVT608086,P013,S01,beverages,56,60,0,0,2026-06-08T15:52:01.230954,0,0.23
EVT940639,P011,S03,bakery,27,35,6,1,2026-06-08T15:52:01.230956,0,0.2195
EVT722660,P011,S01,beverages,3,60,6,1,2026-06-08T15:52:01.230958,1,0.5442
EVT538304,P001,S02,frozen,15,45,10,0,2026-06-08T15:52:01.230961,1,0.6944
EVT622657,P018,S03,bakery,27,35,1,0,2026-06-08T15:52:01.230964,0,0.3223
EVT419182,P017,S03,beverages,10,60,7,0,2026-06-08T15:52:01.230967,1,0.7111
EVT379733,P015,S03,household,5,30,10,0,2026-06-08T15:52:01.230969,1,0.7694
EVT754652,P002,S04,beverages,30,60,3,0,2026-06-08T15:52:01.230972,1,0.4833
EVT978045,P009,S02,dairy,39,40,4,1,2026-06-08T15:52:01.230974,0,0.089
EVT132297,P018,S04,beverages,2,60,15,1,2026-06-08T15:52:01.230977,1,0.7267
EVT323133,P020,S01,beverages,59,60,2,0,2026-06-08T15:52:01.230979,0,0.2464
EVT494721,P007,S04,frozen,43,45,4,0,2026-06-08T15:52:01.230982,1,0.2978
EVT898695,P017,S04,frozen,38,45,6,0,2026-06-08T15:52:01.230985,0,0.3867
EVT771871,P002,S04,dairy,15,40,9,0,2026-06-08T15:52:01.230987,1,0.6562
EVT481625,P013,S02,snacks,46,50,0,0,2026-06-08T15:52:01.230990,1,0.236
EVT998486,P008,S02,beverages,6,60,9,1,2026-06-08T15:52:01.230992,1,0.58
EVT740470,P008,S04,bakery,4,35,11,0,2026-06-08T15:52:01.230995,1,0.8125
EVT202691,P018,S03,dairy,27,40,0,0,2026-06-08T15:52:01.230998,0,0.3462
EVT183919,P001,S03,beverages,5,60,2,0,2026-06-08T15:52:01.231000,1,0.6514
EVT426564,P005,S04,dairy,24,40,6,1,2026-06-08T15:52:01.231003,0,0.2967
EVT440007,P004,S02,snacks,18,50,16,0,2026-06-08T15:52:01.231006,1,0.7991
EVT868830,P008,S04,frozen,10,45,5,0,2026-06-08T15:52:01.231009,0,0.6472
EVT363353,P006,S01,frozen,24,45,4,0,2026-06-08T15:52:01.231011,1,0.4878
EVT736491,P017,S04,bakery,3,35,3,0,2026-06-08T15:52:01.231014,1,0.6698
EVT732675,P003,S03,snacks,11,50,11,0,2026-06-08T15:52:01.231022,1,0.7649
EVT940819,P001,S03,bakery,6,35,0,0,2026-06-08T15:52:01.231025,0,0.5729
EVT288705,P006,S03,frozen,23,45,6,0,2026-06-08T15:52:01.231028,1,0.5367
EVT722973,P011,S01,beverages,4,60,15,0,2026-06-08T15:52:01.231031,1,0.9117
EVT201974,P002,S04,beverages,5,60,18,0,2026-06-08T15:52:01.231033,1,0.95
EVT413447,P004,S01,household,17,30,3,0,2026-06-08T15:52:01.231036,0,0.4533
EVT788348,P019,S02,snacks,35,50,3,0,2026-06-08T15:52:01.231038,1,0.3933
EVT840052,P008,S01,beverages,3,60,17,0,2026-06-08T15:52:01.231041,1,0.95
EVT816171,P017,S04,snacks,3,50,13,0,2026-06-08T15:52:01.231044,1,0.8758
EVT331061,P005,S04,household,8,30,3,0,2026-06-08T15:52:01.231046,0,0.5883
EVT398921,P001,S03,frozen,8,45,15,0,2026-06-08T15:52:01.231049,1,0.8617
EVT561982,P012,S04,frozen,17,45,16,0,2026-06-08T15:52:01.231052,1,0.7911
EVT938098,P010,S03,beverages,5,60,3,0,2026-06-08T15:52:01.231054,0,0.6708
EVT858212,P020,S04,household,7,30,15,1,2026-06-08T15:52:01.231057,1,0.6367
EVT637398,P011,S04,beverages,44,60,4,0,2026-06-08T15:52:01.231059,1,0.3978
EVT872912,P005,S01,snacks,43,50,5,0,2026-06-08T15:52:01.231062,1,0.3602
EVT681863,P013,S04,dairy,14,40,9,0,2026-06-08T15:52:01.231065,1,0.6675
EVT712770,P016,S04,dairy,0,40,0,0,2026-06-08T15:52:01.231067,1,0.65
EVT264282,P013,S02,frozen,35,45,5,0,2026-06-08T15:52:01.231070,0,0.3972
EVT706809,P013,S03,bakery,18,35,3,0,2026-06-08T15:52:01.231073,0,0.4769
EVT770367,P008,S02,dairy,39,40,0,0,2026-06-08T15:52:01.231076,0,0.2112
EVT931870,P007,S04,beverages,59,60,0,0,2026-06-08T15:52:01.231078,1,0.2075
EVT801110,P017,S01,beverages,41,60,4,1,2026-06-08T15:52:01.231081,0,0.2203
EVT256215,P018,S04,bakery,2,35,16,0,2026-06-08T15:52:01.231083,1,0.9354
EVT579379,P015,S02,beverages,34,60,2,0,2026-06-08T15:52:01.231086,0,0.4339
EVT810711,P014,S03,dairy,19,40,4,0,2026-06-08T15:52:01.231089,1,0.514
EVT240081,P001,S04,dairy,4,40,4,0,2026-06-08T15:52:01.231091,1,0.6828
EVT501433,P020,S04,household,14,30,3,0,2026-06-08T15:52:01.231094,1,0.4983
EVT165639,P020,S03,frozen,15,45,9,0,2026-06-08T15:52:01.231096,1,0.675
EVT947642,P004,S01,household,26,30,1,1,2026-06-08T15:52:01.231099,0,0.0794
EVT561647,P001,S04,snacks,7,50,13,0,2026-06-08T15:52:01.231101,1,0.8398
EVT351015,P006,S04,dairy,4,40,3,0,2026-06-08T15:52:01.231104,1,0.6633
EVT272301,P018,S02,household,13,30,10,1,2026-06-08T15:52:01.231107,0,0.4494
EVT821730,P011,S03,snacks,35,50,4,0,2026-06-08T15:52:01.231109,0,0.4128
EVT832135,P014,S01,snacks,26,50,0,1,2026-06-08T15:52:01.231112,0,0.216
EVT963056,P017,S02,household,13,30,2,0,2026-06-08T15:52:01.231115,0,0.4939
EVT972752,P004,S01,bakery,1,35,16,0,2026-06-08T15:52:01.231117,0,0.9483
EVT247884,P012,S01,beverages,5,60,16,0,2026-06-08T15:52:01.231120,1,0.9236
EVT743756,P014,S03,household,25,30,1,1,2026-06-08T15:52:01.231122,0,0.0944
EVT624033,P005,S03,snacks,19,50,11,0,2026-06-08T15:52:01.231128,1,0.6929
EVT100129,P012,S04,bakery,10,35,3,0,2026-06-08T15:52:01.231130,1,0.5798
EVT337979,P001,S04,snacks,37,50,3,0,2026-06-08T15:52:01.231133,0,0.3753
EVT141377,P010,S04,beverages,3,60,10,0,2026-06-08T15:52:01.231136,0,0.8219
EVT748410,P004,S02,dairy,30,40,5,0,2026-06-08T15:52:01.231138,0,0.4097
EVT923922,P012,S04,dairy,9,40,1,0,2026-06-08T15:52:01.231141,1,0.5682
EVT297643,P002,S03,frozen,36,45,5,0,2026-06-08T15:52:01.231143,0,0.3872
EVT904544,P019,S01,snacks,40,50,0,0,2026-06-08T15:52:01.231146,0,0.29
EVT743609,P008,S04,household,10,30,10,0,2026-06-08T15:52:01.231153,0,0.6944
EVT561410,P001,S04,dairy,2,40,10,0,2026-06-08T15:52:01.231156,1,0.8219
EVT656810,P002,S01,beverages,44,60,2,1,2026-06-08T15:52:01.231159,0,0.1589
EVT942841,P014,S01,household,30,30,6,0,2026-06-08T15:52:01.231161,0,0.3167
EVT821069,P003,S03,bakery,8,35,4,0,2026-06-08T15:52:01.231164,1,0.6249
EVT642523,P013,S03,dairy,22,40,6,0,2026-06-08T15:52:01.231166,1,0.5192
EVT833561,P015,S03,bakery,1,35,0,0,2026-06-08T15:52:01.231169,0,0.6371
EVT214812,P002,S02,bakery,18,35,2,0,2026-06-08T15:52:01.231172,0,0.4575
EVT689400,P014,S04,snacks,42,50,1,0,2026-06-08T15:52:01.231174,0,0.2914
EVT936521,P019,S03,beverages,44,60,6,1,2026-06-08T15:52:01.231177,0,0.2367
EVT998252,P010,S04,dairy,33,40,4,0,2026-06-08T15:52:01.231179,1,0.3565
EVT457263,P003,S04,snacks,49,50,4,1,2026-06-08T15:52:01.231184,0,0.0868
EVT364835,P008,S03,dairy,9,40,11,0,2026-06-08T15:52:01.231187,1,0.7626
EVT694885,P011,S03,household,3,30,16,0,2026-06-08T15:52:01.231190,1,0.9161
EVT869044,P008,S04,household,16,30,4,0,2026-06-08T15:52:01.231192,0,0.4878
EVT893207,P002,S02,snacks,2,50,18,0,2026-06-08T15:52:01.231195,1,0.95
EVT610637,P010,S02,frozen,3,45,16,0,2026-06-08T15:52:01.231198,1,0.9311
EVT204952,P019,S03,beverages,23,60,16,0,2026-06-08T15:52:01.231200,1,0.7886
EVT293253,P003,S02,beverages,28,60,1,1,2026-06-08T15:52:01.231203,0,0.2594
EVT581055,P020,S01,dairy,9,40,1,0,2026-06-08T15:52:01.231206,1,0.5682
EVT476686,P006,S01,bakery,8,35,2,0,2026-06-08T15:52:01.231209,1,0.586
EVT728807,P020,S04,dairy,15,40,11,0,2026-06-08T15:52:01.231211,1,0.6951
EVT117867,P019,S04,frozen,8,45,12,0,2026-06-08T15:52:01.231214,0,0.8033
EVT812283,P012,S01,beverages,18,60,9,0,2026-06-08T15:52:01.231216,1,0.69
EVT121112,P010,S04,frozen,33,45,0,0,2026-06-08T15:52:01.231219,1,0.32
EVT264015,P017,S03,bakery,15,35,14,0,2026-06-08T15:52:01.231221,0,0.7294
EVT733764,P009,S02,dairy,5,40,6,1,2026-06-08T15:52:01.231224,0,0.5104
EVT838066,P005,S04,beverages,2,60,13,0,2026-06-08T15:52:01.231226,1,0.8878
EVT535313,P006,S03,beverages,44,60,6,0,2026-06-08T15:52:01.231229,1,0.4367
EVT245119,P020,S02,bakery,14,35,12,0,2026-06-08T15:52:01.231231,1,0.7033
EVT629550,P017,S03,beverages,4,60,15,0,2026-06-08T15:52:01.231234,1,0.9117
EVT290494,P015,S02,frozen,15,45,12,0,2026-06-08T15:52:01.231239,1,0.7333
EVT515074,P018,S03,snacks,1,50,6,1,2026-06-08T15:52:01.231242,1,0.5577
EVT254535,P013,S04,bakery,5,35,2,0,2026-06-08T15:52:01.231244,1,0.6246
EVT794855,P016,S03,household,13,30,14,0,2026-06-08T15:52:01.231246,1,0.7272
EVT831316,P008,S01,snacks,21,50,10,0,2026-06-08T15:52:01.231249,1,0.6554
EVT924420,P011,S02,snacks,20,50,14,0,2026-06-08T15:52:01.231251,0,0.7422
EVT944181,P006,S03,snacks,4,50,7,1,2026-06-08T15:52:01.231254,1,0.5501
EVT497673,P017,S04,snacks,28,50,6,0,2026-06-08T15:52:01.231256,0,0.5147
EVT185701,P017,S04,dairy,8,40,16,0,2026-06-08T15:52:01.231258,1,0.8711
EVT752477,P006,S01,dairy,18,40,10,0,2026-06-08T15:52:01.231261,1,0.6419
EVT299017,P012,S02,dairy,5,40,0,0,2026-06-08T15:52:01.231263,1,0.5938
EVT247855,P007,S01,frozen,12,45,12,0,2026-06-08T15:52:01.231266,0,0.7633
EVT807825,P007,S01,bakery,4,35,1,0,2026-06-08T15:52:01.231268,0,0.618
EVT969379,P010,S01,snacks,40,50,3,1,2026-06-08T15:52:01.231270,1,0.1483
EVT478354,P011,S04,beverages,56,60,3,0,2026-06-08T15:52:01.231273,1,0.2883
EVT400600,P020,S01,bakery,8,35,11,1,2026-06-08T15:52:01.231275,0,0.561
EVT382270,P001,S04,frozen,45,45,2,0,2026-06-08T15:52:01.231277,0,0.2389
EVT762867,P017,S03,dairy,8,40,17,0,2026-06-08T15:52:01.231280,1,0.8906
EVT860785,P012,S01,frozen,2,45,10,0,2026-06-08T15:52:01.231282,1,0.8244
EVT371868,P001,S03,bakery,16,35,10,0,2026-06-08T15:52:01.231285,0,0.6387
EVT570339,P004,S04,bakery,14,35,9,0,2026-06-08T15:52:01.231288,0,0.645
EVT211812,P016,S04,bakery,22,35,1,0,2026-06-08T15:52:01.231291,0,0.3866
EVT399834,P008,S02,frozen,27,45,4,0,2026-06-08T15:52:01.231293,0,0.4578
EVT270847,P013,S01,dairy,0,40,0,0,2026-06-08T15:52:01.231296,1,0.65
EVT991377,P009,S02,dairy,9,40,4,0,2026-06-08T15:52:01.231298,1,0.6265
EVT451816,P015,S04,frozen,11,45,9,0,2026-06-08T15:52:01.231300,1,0.715
EVT418697,P001,S04,beverages,44,60,6,0,2026-06-08T15:52:01.231303,1,0.4367
EVT673192,P012,S03,bakery,19,35,3,0,2026-06-08T15:52:01.231305,1,0.464
EVT327022,P005,S01,snacks,29,50,0,0,2026-06-08T15:52:01.231307,1,0.389
EVT507894,P006,S04,beverages,13,60,9,0,2026-06-08T15:52:01.231310,1,0.7275
EVT551115,P001,S03,dairy,21,40,1,0,2026-06-08T15:52:01.231312,0,0.4332
EVT167436,P014,S02,dairy,23,40,5,0,2026-06-08T15:52:01.231315,1,0.4885
EVT844859,P008,S03,beverages,1,60,18,0,2026-06-08T15:52:01.231317,1,0.95
EVT972174,P018,S03,frozen,4,45,17,0,2026-06-08T15:52:01.231319,1,0.9406
EVT522869,P001,S03,beverages,20,60,8,0,2026-06-08T15:52:01.231322,1,0.6556
EVT220094,P017,S03,beverages,36,60,5,0,2026-06-08T15:52:01.231324,0,0.4772
EVT183939,P008,S02,bakery,2,35,11,1,2026-06-08T15:52:01.231326,0,0.6382
EVT617814,P010,S02,beverages,31,60,2,0,2026-06-08T15:52:01.231329,0,0.4564
EVT322101,P013,S03,snacks,45,50,3,0,2026-06-08T15:52:01.231331,1,0.3033
EVT423729,P001,S02,frozen,7,45,11,0,2026-06-08T15:52:01.231338,1,0.7939
EVT815108,P011,S04,beverages,0,60,10,0,2026-06-08T15:52:01.231341,1,0.8444
EVT768379,P016,S03,household,15,30,5,0,2026-06-08T15:52:01.231343,1,0.5222
EVT160043,P014,S01,snacks,34,50,0,0,2026-06-08T15:52:01.231345,1,0.344
EVT938158,P001,S04,beverages,35,60,5,0,2026-06-08T15:52:01.231348,1,0.4847
EVT926795,P002,S03,bakery,34,35,4,0,2026-06-08T15:52:01.231350,0,0.2906
EVT823267,P012,S01,dairy,8,40,17,0,2026-06-08T15:52:01.231352,1,0.8906
EVT411409,P005,S03,dairy,0,40,8,1,2026-06-08T15:52:01.231355,1,0.6056
EVT836744,P016,S01,beverages,33,60,0,1,2026-06-08T15:52:01.231357,0,0.2025
EVT901869,P018,S04,beverages,9,60,5,0,2026-06-08T15:52:01.231359,0,0.6797
EVT780607,P014,S02,beverages,55,60,1,0,2026-06-08T15:52:01.231362,1,0.2569
EVT973871,P010,S04,frozen,11,45,13,0,2026-06-08T15:52:01.231364,0,0.7928
EVT509380,P001,S04,frozen,4,45,14,0,2026-06-08T15:52:01.231367,1,0.8822
EVT762162,P017,S02,snacks,16,50,12,0,2026-06-08T15:52:01.231370,0,0.7393
EVT723360,P012,S03,snacks,10,50,5,0,2026-06-08T15:52:01.231372,0,0.6572
EVT777660,P006,S02,frozen,2,45,15,1,2026-06-08T15:52:01.231374,1,0.7217
EVT184229,P015,S04,dairy,12,40,9,0,2026-06-08T15:52:01.231377,0,0.69
EVT260185,P017,S04,bakery,35,35,4,0,2026-06-08T15:52:01.231379,0,0.2778
EVT801898,P014,S04,beverages,3,60,17,0,2026-06-08T15:52:01.231382,1,0.95
EVT964759,P010,S03,household,3,30,10,0,2026-06-08T15:52:01.231384,0,0.7994
EVT747113,P016,S04,household,15,30,5,0,2026-06-08T15:52:01.231387,0,0.5222
EVT581696,P007,S03,dairy,25,40,6,0,2026-06-08T15:52:01.231389,1,0.4854
EVT619342,P020,S03,beverages,2,60,13,0,2026-06-08T15:52:01.231391,1,0.8878
EVT276425,P004,S02,snacks,31,50,6,0,2026-06-08T15:52:01.231394,0,0.4877
EVT737494,P006,S01,frozen,21,45,1,0,2026-06-08T15:52:01.231396,0,0.4594
EVT623812,P018,S04,bakery,27,35,1,0,2026-06-08T15:52:01.231398,0,0.3223
EVT704460,P017,S01,household,11,30,16,0,2026-06-08T15:52:01.231401,1,0.7961
EVT864244,P011,S01,beverages,28,60,3,0,2026-06-08T15:52:01.231403,1,0.4983
EVT100312,P007,S04,frozen,9,45,4,0,2026-06-08T15:52:01.231406,0,0.6378
EVT671819,P011,S03,bakery,12,35,9,0,2026-06-08T15:52:01.231408,1,0.6707
EVT283389,P005,S02,dairy,18,40,13,0,2026-06-08T15:52:01.231411,0,0.7003
EVT554101,P007,S02,household,6,30,10,1,2026-06-08T15:52:01.231414,0,0.5544
EVT438050,P003,S04,frozen,17,45,7,0,2026-06-08T15:52:01.231416,1,0.6161
EVT845629,P020,S04,frozen,8,45,2,0,2026-06-08T15:52:01.231418,1,0.6089
EVT688473,P012,S02,frozen,8,45,12,0,2026-06-08T15:52:01.231421,1,0.8033
EVT713619,P010,S03,frozen,12,45,13,0,2026-06-08T15:52:01.231423,0,0.7828
EVT784289,P004,S03,bakery,32,35,5,0,2026-06-08T15:52:01.231426,0,0.3358
EVT636034,P013,S02,household,10,30,10,1,2026-06-08T15:52:01.231428,1,0.4944
EVT308465,P018,S03,snacks,4,50,8,1,2026-06-08T15:52:01.231430,1,0.5696
EVT518231,P010,S02,dairy,6,40,18,0,2026-06-08T15:52:01.231435,1,0.9325
EVT389057,P002,S02,dairy,34,40,0,1,2026-06-08T15:52:01.231438,0,0.0675
EVT299437,P013,S02,snacks,43,50,5,0,2026-06-08T15:52:01.231440,0,0.3602
EVT152835,P004,S04,snacks,6,50,12,0,2026-06-08T15:52:01.231442,1,0.8293
EVT166379,P019,S02,frozen,41,45,5,0,2026-06-08T15:52:01.231445,1,0.3372
EVT336853,P011,S01,snacks,11,50,11,0,2026-06-08T15:52:01.231448,0,0.7649
EVT174052,P003,S04,household,29,30,5,0,2026-06-08T15:52:01.231450,0,0.3122
EVT306091,P013,S03,snacks,30,50,2,0,2026-06-08T15:52:01.231453,0,0.4189
EVT271880,P019,S02,household,25,30,0,0,2026-06-08T15:52:01.231455,1,0.275
EVT311899,P014,S02,household,23,30,0,0,2026-06-08T15:52:01.231457,0,0.305
EVT969922,P017,S03,frozen,4,45,10,0,2026-06-08T15:52:01.231459,0,0.8044
EVT948111,P013,S01,beverages,30,60,5,0,2026-06-08T15:52:01.231462,1,0.5222
EVT959500,P010,S02,household,4,30,13,0,2026-06-08T15:52:01.231464,1,0.8428
EVT299614,P005,S01,dairy,38,40,2,0,2026-06-08T15:52:01.231467,0,0.2614
EVT936689,P009,S04,household,13,30,6,0,2026-06-08T15:52:01.231469,1,0.5717
EVT874906,P017,S02,bakery,4,35,4,0,2026-06-08T15:52:01.231471,1,0.6763
EVT374959,P019,S02,dairy,4,40,10,0,2026-06-08T15:52:01.231474,1,0.7994
EVT922414,P018,S03,dairy,9,40,15,0,2026-06-08T15:52:01.231476,1,0.8404
EVT464017,P020,S02,beverages,41,60,5,0,2026-06-08T15:52:01.231479,1,0.4397
EVT148612,P020,S04,bakery,12,35,11,1,2026-06-08T15:52:01.231482,1,0.5096
EVT564262,P007,S03,dairy,33,40,3,0,2026-06-08T15:52:01.231484,0,0.3371
EVT299564,P012,S02,bakery,1,35,18,0,2026-06-08T15:52:01.231486,1,0.95
EVT598995,P002,S01,beverages,10,60,5,0,2026-06-08T15:52:01.231488,1,0.6722
EVT629952,P005,S01,bakery,9,35,14,1,2026-06-08T15:52:01.231491,0,0.6065
EVT434215,P007,S01,household,25,30,1,0,2026-06-08T15:52:01.231493,0,0.2944
EVT207583,P014,S01,dairy,19,40,0,0,2026-06-08T15:52:01.231495,0,0.4362
EVT562958,P009,S04,frozen,25,45,5,0,2026-06-08T15:52:01.231498,1,0.4972
EVT899846,P005,S02,snacks,45,50,0,0,2026-06-08T15:52:01.231500,0,0.245
EVT237423,P005,S04,household,20,30,6,0,2026-06-08T15:52:01.231502,0,0.4667
EVT402872,P013,S02,dairy,37,40,3,1,2026-06-08T15:52:01.231505,0,0.0921
EVT301286,P014,S01,snacks,5,50,13,0,2026-06-08T15:52:01.231507,0,0.8578
EVT200209,P005,S03,snacks,0,50,14,0,2026-06-08T15:52:01.231509,1,0.9222
EVT420084,P014,S02,bakery,20,35,1,0,2026-06-08T15:52:01.231511,1,0.4123
EVT471589,P013,S04,frozen,17,45,13,0,2026-06-08T15:52:01.231514,1,0.7328
EVT290621,P001,S02,beverages,11,60,9,1,2026-06-08T15:52:01.231516,0,0.5425
EVT930013,P004,S01,snacks,23,50,0,0,2026-06-08T15:52:01.231518,1,0.443
EVT667624,P012,S03,beverages,51,60,1,0,2026-06-08T15:52:01.231521,1,0.2869
EVT152026,P012,S04,household,12,30,16,0,2026-06-08T15:52:01.231524,1,0.7811
EVT237952,P001,S02,frozen,21,45,1,0,2026-06-08T15:52:01.231526,1,0.4594
EVT341736,P003,S03,bakery,15,35,3,0,2026-06-08T15:52:01.231532,1,0.5155
EVT153028,P015,S01,frozen,1,45,10,0,2026-06-08T15:52:01.231535,1,0.8344
EVT367736,P015,S04,beverages,44,60,6,0,2026-06-08T15:52:01.231537,1,0.4367
EVT151997,P020,S01,snacks,7,50,18,0,2026-06-08T15:52:01.231541,1,0.937
EVT691860,P012,S01,snacks,28,50,2,0,2026-06-08T15:52:01.231544,0,0.4369
EVT106335,P019,S01,bakery,7,35,17,0,2026-06-08T15:52:01.231546,1,0.8906
EVT888032,P019,S04,frozen,29,45,1,0,2026-06-08T15:52:01.231549,0,0.3794
EVT974605,P005,S04,frozen,30,45,0,0,2026-06-08T15:52:01.231551,1,0.35
EVT755486,P001,S04,bakery,15,35,9,0,2026-06-08T15:52:01.231554,1,0.6321
EVT716001,P012,S01,dairy,18,40,11,0,2026-06-08T15:52:01.231556,1,0.6614
EVT390666,P004,S01,dairy,26,40,2,0,2026-06-08T15:52:01.231558,0,0.3964
EVT795098,P008,S04,dairy,36,40,4,0,2026-06-08T15:52:01.231561,0,0.3228
EVT205347,P017,S04,snacks,15,50,9,0,2026-06-08T15:52:01.231563,0,0.69
EVT591240,P012,S01,dairy,7,40,5,0,2026-06-08T15:52:01.231566,1,0.6685
EVT175993,P013,S02,snacks,14,50,6,1,2026-06-08T15:52:01.231568,0,0.4407
EVT646044,P018,S01,bakery,29,35,0,0,2026-06-08T15:52:01.231570,0,0.2771
EVT542912,P020,S03,bakery,10,35,3,0,2026-06-08T15:52:01.231573,1,0.5798
EVT834653,P004,S04,bakery,29,35,3,0,2026-06-08T15:52:01.231575,0,0.3355
EVT265181,P008,S03,frozen,14,45,13,0,2026-06-08T15:52:01.231578,1,0.7628
EVT935986,P017,S02,bakery,9,35,7,1,2026-06-08T15:52:01.231580,1,0.4704
EVT926918,P017,S02,dairy,8,40,7,0,2026-06-08T15:52:01.231583,1,0.6961
EVT196489,P007,S04,snacks,43,50,2,0,2026-06-08T15:52:01.231585,0,0.3019
EVT490054,P020,S01,snacks,2,50,2,0,2026-06-08T15:52:01.231588,0,0.6709
EVT101927,P020,S03,household,1,30,4,0,2026-06-08T15:52:01.231590,1,0.7128
EVT152653,P001,S02,snacks,9,50,4,0,2026-06-08T15:52:01.231592,1,0.6468
EVT283581,P008,S02,frozen,0,45,15,0,2026-06-08T15:52:01.231595,1,0.9417
EVT665319,P008,S03,bakery,31,35,5,0,2026-06-08T15:52:01.231597,1,0.3487
EVT463391,P002,S04,bakery,6,35,2,0,2026-06-08T15:52:01.231599,0,0.6117
EVT580098,P010,S01,frozen,20,45,13,0,2026-06-08T15:52:01.231602,1,0.7028
EVT355032,P019,S04,frozen,23,45,3,0,2026-06-08T15:52:01.231605,0,0.4783
EVT133901,P011,S02,snacks,3,50,16,0,2026-06-08T15:52:01.231607,0,0.9341
EVT490086,P016,S01,snacks,28,50,5,0,2026-06-08T15:52:01.231610,1,0.4952
EVT515735,P015,S04,household,5,30,10,0,2026-06-08T15:52:01.231612,1,0.7694
EVT897122,P011,S04,household,14,30,3,0,2026-06-08T15:52:01.231615,0,0.4983
EVT302015,P005,S01,snacks,44,50,1,0,2026-06-08T15:52:01.231617,1,0.2734
EVT393431,P003,S02,household,16,30,1,0,2026-06-08T15:52:01.231619,1,0.4294
EVT219488,P016,S04,beverages,48,60,0,0,2026-06-08T15:52:01.231622,0,0.29
EVT246744,P018,S01,household,2,30,18,0,2026-06-08T15:52:01.231624,1,0.95
EVT246047,P019,S01,snacks,42,50,3,0,2026-06-08T15:52:01.231626,0,0.3303
EVT207588,P008,S01,beverages,19,60,9,0,2026-06-08T15:52:01.231632,0,0.6825
EVT646024,P011,S01,beverages,31,60,1,0,2026-06-08T15:52:01.231634,1,0.4369
EVT997888,P016,S02,snacks,32,50,1,0,2026-06-08T15:52:01.231637,0,0.3814
EVT282793,P018,S03,snacks,36,50,0,0,2026-06-08T15:52:01.231639,0,0.326
EVT269848,P017,S01,dairy,2,40,13,0,2026-06-08T15:52:01.231642,1,0.8803
EVT788771,P009,S01,bakery,32,35,2,0,2026-06-08T15:52:01.231644,1,0.2775
EVT471951,P006,S02,dairy,0,40,5,0,2026-06-08T15:52:01.231646,1,0.7472
EVT457644,P009,S04,beverages,32,60,4,0,2026-06-08T15:52:01.231649,0,0.4878
EVT496417,P005,S04,frozen,18,45,11,0,2026-06-08T15:52:01.231651,1,0.6839
EVT798699,P017,S02,frozen,13,45,11,0,2026-06-08T15:52:01.231654,1,0.7339
EVT260038,P006,S01,bakery,2,35,9,1,2026-06-08T15:52:01.231656,1,0.5993
EVT960789,P011,S02,dairy,9,40,11,0,2026-06-08T15:52:01.231658,1,0.7626
EVT593347,P009,S03,frozen,43,45,2,0,2026-06-08T15:52:01.231661,0,0.2589
EVT113311,P020,S02,beverages,48,60,2,0,2026-06-08T15:52:01.231663,0,0.3289
EVT554936,P005,S02,snacks,26,50,1,0,2026-06-08T15:52:01.231665,0,0.4354
EVT924590,P001,S04,household,0,30,1,0,2026-06-08T15:52:01.231668,1,0.6694
EVT110901,P002,S04,snacks,36,50,2,1,2026-06-08T15:52:01.231670,0,0.1649
EVT447524,P004,S04,snacks,12,50,10,0,2026-06-08T15:52:01.231673,0,0.7364
EVT188992,P014,S04,snacks,4,50,6,1,2026-06-08T15:52:01.231676,1,0.5307
EVT146759,P006,S04,frozen,9,45,16,0,2026-06-08T15:52:01.231678,1,0.8711
EVT826962,P016,S02,household,13,30,10,0,2026-06-08T15:52:01.231681,0,0.6494
EVT510741,P019,S01,snacks,3,50,16,0,2026-06-08T15:52:01.231684,1,0.9341
EVT861093,P005,S02,bakery,22,35,4,0,2026-06-08T15:52:01.231686,0,0.4449
EVT481314,P010,S02,bakery,10,35,13,0,2026-06-08T15:52:01.231689,0,0.7742
EVT568470,P008,S01,bakery,27,35,3,0,2026-06-08T15:52:01.231691,1,0.3612
EVT780417,P002,S04,snacks,38,50,3,0,2026-06-08T15:52:01.231694,1,0.3663
EVT462749,P019,S02,snacks,1,50,16,0,2026-06-08T15:52:01.231696,1,0.95
EVT562192,P016,S01,beverages,1,60,14,0,2026-06-08T15:52:01.231698,1,0.9147
EVT348061,P013,S03,household,29,30,3,0,2026-06-08T15:52:01.231700,1,0.2733
EVT741538,P020,S03,dairy,28,40,6,0,2026-06-08T15:52:01.231703,0,0.4517
EVT291876,P015,S03,beverages,44,60,1,0,2026-06-08T15:52:01.231705,1,0.3394
EVT868638,P016,S02,frozen,12,45,13,0,2026-06-08T15:52:01.231708,1,0.7828
EVT345336,P003,S03,household,30,30,3,0,2026-06-08T15:52:01.231710,0,0.2583
EVT423411,P010,S04,dairy,1,40,3,0,2026-06-08T15:52:01.231713,1,0.6971
EVT365464,P009,S03,dairy,17,40,8,0,2026-06-08T15:52:01.231715,1,0.6143
EVT103386,P015,S04,snacks,34,50,0,0,2026-06-08T15:52:01.231718,0,0.344
EVT155223,P008,S04,snacks,24,50,2,0,2026-06-08T15:52:01.231720,1,0.4729
EVT221850,P017,S03,dairy,9,40,8,0,2026-06-08T15:52:01.231722,1,0.7043
EVT983525,P003,S04,frozen,10,45,12,0,2026-06-08T15:52:01.231725,0,0.7833
EVT295163,P001,S04,snacks,31,50,0,1,2026-06-08T15:52:01.231730,0,0.171
EVT442719,P003,S04,frozen,27,45,5,0,2026-06-08T15:52:01.231733,1,0.4772
EVT403104,P010,S04,dairy,30,40,2,0,2026-06-08T15:52:01.231735,0,0.3514
EVT142912,P006,S03,dairy,5,40,3,0,2026-06-08T15:52:01.231737,1,0.6521
EVT859680,P020,S01,snacks,8,50,14,0,2026-06-08T15:52:01.231740,1,0.8502
EVT972412,P018,S01,beverages,45,60,2,0,2026-06-08T15:52:01.231742,0,0.3514
EVT556167,P012,S02,snacks,42,50,3,0,2026-06-08T15:52:01.231744,1,0.3303
EVT421898,P007,S01,dairy,8,40,14,0,2026-06-08T15:52:01.231747,1,0.8322
EVT933231,P013,S01,snacks,33,50,1,0,2026-06-08T15:52:01.231749,0,0.3724
EVT523179,P001,S03,household,27,30,0,0,2026-06-08T15:52:01.231751,1,0.245
EVT494649,P017,S01,frozen,14,45,8,0,2026-06-08T15:52:01.231754,0,0.6656
EVT150825,P008,S03,frozen,36,45,3,0,2026-06-08T15:52:01.231756,0,0.3483
EVT433274,P008,S01,frozen,3,45,13,0,2026-06-08T15:52:01.231758,1,0.8728
EVT329473,P013,S04,beverages,56,60,5,0,2026-06-08T15:52:01.231761,0,0.3272
EVT922300,P008,S02,dairy,40,40,0,0,2026-06-08T15:52:01.231763,0,0.2
EVT835482,P015,S01,household,24,30,1,0,2026-06-08T15:52:01.231766,0,0.3094
EVT163350,P002,S02,household,13,30,10,0,2026-06-08T15:52:01.231769,1,0.6494
EVT892223,P012,S01,dairy,9,40,5,0,2026-06-08T15:52:01.231771,1,0.646
EVT973004,P017,S02,dairy,9,40,11,0,2026-06-08T15:52:01.231774,1,0.7626
EVT254002,P002,S03,bakery,6,35,10,1,2026-06-08T15:52:01.231776,1,0.5673
EVT694065,P004,S04,frozen,34,45,3,0,2026-06-08T15:52:01.231779,1,0.3683
EVT488056,P014,S01,beverages,4,60,18,0,2026-06-08T15:52:01.231781,1,0.95
EVT689613,P003,S04,frozen,3,45,3,0,2026-06-08T15:52:01.231783,1,0.6783
EVT925170,P001,S01,beverages,8,60,2,0,2026-06-08T15:52:01.231786,0,0.6289
EVT368017,P001,S03,frozen,40,45,1,0,2026-06-08T15:52:01.231809,1,0.2694
EVT857004,P010,S01,bakery,16,35,11,0,2026-06-08T15:52:01.231813,1,0.6582
EVT416205,P002,S04,household,1,30,10,0,2026-06-08T15:52:01.231815,1,0.8294
EVT348986,P014,S02,dairy,2,40,7,1,2026-06-08T15:52:01.231818,1,0.5636
EVT562781,P014,S02,snacks,5,50,6,1,2026-06-08T15:52:01.231821,1,0.5217
EVT487589,P008,S02,beverages,41,60,0,0,2026-06-08T15:52:01.231823,1,0.3425
EVT871062,P003,S02,frozen,9,45,3,0,2026-06-08T15:52:01.231826,1,0.6183
EVT250507,P008,S01,household,13,30,7,0,2026-06-08T15:52:01.231828,1,0.5911
EVT745184,P007,S01,beverages,22,60,15,0,2026-06-08T15:52:01.231831,1,0.7767
EVT644666,P007,S01,beverages,0,60,2,0,2026-06-08T15:52:01.231834,1,0.6889
EVT858845,P006,S02,dairy,34,40,1,0,2026-06-08T15:52:01.231836,0,0.2869
EVT278888,P003,S01,frozen,25,45,2,0,2026-06-08T15:52:01.231839,1,0.4389
EVT420627,P015,S04,snacks,45,50,4,0,2026-06-08T15:52:01.231841,1,0.3228
EVT286358,P020,S04,frozen,31,45,3,0,2026-06-08T15:52:01.231844,1,0.3983
EVT612598,P018,S04,bakery,32,35,3,0,2026-06-08T15:52:01.231846,1,0.2969
EVT328694,P006,S03,snacks,43,50,3,0,2026-06-08T15:52:01.231854,0,0.3213
EVT183924,P002,S02,beverages,8,60,2,0,2026-06-08T15:52:01.231856,0,0.6289
EVT752821,P002,S04,snacks,8,50,9,0,2026-06-08T15:52:01.231859,0,0.753
EVT352880,P007,S02,beverages,27,60,0,0,2026-06-08T15:52:01.231862,0,0.4475
EVT819470,P012,S01,bakery,7,35,0,0,2026-06-08T15:52:01.231864,1,0.56
EVT420137,P017,S03,household,0,30,13,0,2026-06-08T15:52:01.231867,1,0.9028
EVT297912,P013,S01,frozen,43,45,5,0,2026-06-08T15:52:01.231869,0,0.3172
EVT949718,P009,S04,snacks,43,50,5,0,2026-06-08T15:52:01.231872,0,0.3602
EVT151569,P006,S03,beverages,2,60,1,0,2026-06-08T15:52:01.231874,0,0.6544
EVT965910,P006,S02,bakery,8,35,9,0,2026-06-08T15:52:01.231878,0,0.7221
EVT771908,P017,S04,dairy,29,40,6,0,2026-06-08T15:52:01.231880,1,0.4404
EVT917985,P020,S02,bakery,23,35,3,0,2026-06-08T15:52:01.231882,0,0.4126
EVT174654,P003,S04,beverages,3,60,12,1,2026-06-08T15:52:01.231885,0,0.6608
EVT148334,P012,S03,snacks,2,50,11,0,2026-06-08T15:52:01.231888,1,0.8459
EVT900207,P020,S02,snacks,26,50,5,0,2026-06-08T15:52:01.231890,0,0.5132
EVT822098,P013,S01,dairy,7,40,14,0,2026-06-08T15:52:01.231893,1,0.8435
EVT316262,P017,S04,beverages,0,60,1,0,2026-06-08T15:52:01.231895,0,0.6694
EVT799415,P018,S01,frozen,5,45,17,0,2026-06-08T15:52:01.231898,1,0.9306
EVT767095,P008,S04,snacks,40,50,4,0,2026-06-08T15:52:01.231900,1,0.3678
EVT471269,P008,S03,snacks,34,50,0,0,2026-06-08T15:52:01.231903,0,0.344
EVT877441,P001,S04,household,17,30,1,0,2026-06-08T15:52:01.231906,1,0.4144
EVT289815,P008,S03,household,25,30,5,0,2026-06-08T15:52:01.231908,0,0.3722
EVT280407,P019,S03,beverages,0,60,0,0,2026-06-08T15:52:01.231911,0,0.65
EVT569854,P012,S02,bakery,31,35,3,0,2026-06-08T15:52:01.231913,0,0.3098
EVT751733,P007,S01,household,11,30,14,0,2026-06-08T15:52:01.231916,0,0.7572
EVT289753,P018,S04,beverages,35,60,1,0,2026-06-08T15:52:01.231918,1,0.4069
EVT737686,P018,S01,frozen,1,45,14,1,2026-06-08T15:52:01.231921,1,0.7122
EVT194306,P020,S04,bakery,20,35,6,0,2026-06-08T15:52:01.231923,1,0.5095
EVT484678,P002,S04,dairy,18,40,4,0,2026-06-08T15:52:01.231926,1,0.5253
EVT377125,P009,S01,snacks,19,50,13,0,2026-06-08T15:52:01.231929,1,0.7318
EVT387463,P005,S02,dairy,0,40,9,1,2026-06-08T15:52:01.231931,1,0.625
EVT824335,P011,S03,bakery,15,35,15,0,2026-06-08T15:52:01.231934,1,0.7488
EVT930591,P016,S01,snacks,25,50,0,0,2026-06-08T15:52:01.231936,0,0.425
EVT684349,P003,S02,household,11,30,11,0,2026-06-08T15:52:01.231939,0,0.6989
EVT945275,P015,S01,beverages,36,60,5,0,2026-06-08T15:52:01.231941,1,0.4772
EVT116123,P005,S01,snacks,2,50,12,0,2026-06-08T15:52:01.231944,0,0.8653
EVT128673,P019,S02,snacks,9,50,14,1,2026-06-08T15:52:01.231946,1,0.6412
EVT533332,P001,S03,snacks,14,50,6,0,2026-06-08T15:52:01.231948,1,0.6407
EVT234763,P017,S02,snacks,2,50,14,0,2026-06-08T15:52:01.231951,1,0.9042
EVT356739,P006,S03,beverages,40,60,6,0,2026-06-08T15:52:01.231954,1,0.4667
EVT743006,P014,S01,snacks,30,50,4,0,2026-06-08T15:52:01.231959,1,0.4578
EVT275332,P018,S02,bakery,7,35,1,0,2026-06-08T15:52:01.231962,1,0.5794
EVT196877,P014,S04,bakery,9,35,5,0,2026-06-08T15:52:01.231965,1,0.6315
EVT363453,P009,S02,household,5,30,11,0,2026-06-08T15:52:01.231967,1,0.7889
EVT436722,P004,S02,bakery,12,35,10,1,2026-06-08T15:52:01.231970,0,0.4902
EVT285114,P016,S03,frozen,6,45,14,1,2026-06-08T15:52:01.231972,1,0.6622
EVT867390,P001,S01,frozen,6,45,1,0,2026-06-08T15:52:01.231975,0,0.6094
EVT114030,P020,S03,frozen,1,45,12,0,2026-06-08T15:52:01.231977,1,0.8733
EVT883579,P020,S01,household,2,30,3,0,2026-06-08T15:52:01.231980,0,0.6783
EVT504001,P015,S02,household,5,30,5,0,2026-06-08T15:52:01.231982,0,0.6722
EVT588905,P014,S02,snacks,10,50,16,0,2026-06-08T15:52:01.231985,0,0.8711
EVT970758,P002,S01,household,22,30,6,1,2026-06-08T15:52:01.231987,0,0.2367
EVT670711,P004,S03,snacks,10,50,5,0,2026-06-08T15:52:01.231990,1,0.6572
EVT687429,P006,S03,snacks,11,50,11,0,2026-06-08T15:52:01.231992,1,0.7649
EVT335587,P004,S01,dairy,16,40,14,0,2026-06-08T15:52:01.231995,1,0.7422
EVT186867,P006,S01,dairy,32,40,3,1,2026-06-08T15:52:01.231998,0,0.1483
EVT232393,P013,S03,bakery,0,35,10,1,2026-06-08T15:52:01.232000,1,0.6444
EVT569000,P012,S04,bakery,4,35,3,0,2026-06-08T15:52:01.232003,1,0.6569
EVT931223,P011,S04,frozen,44,45,2,0,2026-06-08T15:52:01.232006,0,0.2489
EVT232436,P013,S01,bakery,31,35,0,0,2026-06-08T15:52:01.232008,1,0.2514
EVT711253,P012,S04,bakery,33,35,0,0,2026-06-08T15:52:01.232011,0,0.2257
EVT470972,P011,S04,frozen,10,45,15,1,2026-06-08T15:52:01.232013,0,0.6417
EVT840747,P001,S01,household,17,30,6,0,2026-06-08T15:52:01.232016,1,0.5117
EVT305616,P017,S03,snacks,41,50,3,0,2026-06-08T15:52:01.232018,0,0.3393
EVT897906,P014,S03,frozen,43,45,2,0,2026-06-08T15:52:01.232021,0,0.2589
EVT385123,P008,S02,snacks,1,50,14,1,2026-06-08T15:52:01.232023,1,0.7132
EVT563675,P017,S02,household,1,30,10,0,2026-06-08T15:52:01.232026,1,0.8294
EVT937656,P006,S02,frozen,18,45,11,0,2026-06-08T15:52:01.232029,1,0.6839
EVT248064,P016,S02,frozen,13,45,13,0,2026-06-08T15:52:01.232031,1,0.7728
EVT849133,P009,S02,dairy,7,40,17,0,2026-06-08T15:52:01.232034,1,0.9018
EVT249531,P008,S01,household,5,30,12,0,2026-06-08T15:52:01.232036,0,0.8083
EVT453988,P014,S03,snacks,44,50,0,0,2026-06-08T15:52:01.232039,0,0.254
EVT267949,P007,S03,beverages,32,60,5,0,2026-06-08T15:52:01.232042,1,0.5072
EVT897132,P017,S03,beverages,34,60,6,0,2026-06-08T15:52:01.232044,1,0.5117
EVT509623,P015,S04,bakery,1,35,12,1,2026-06-08T15:52:01.232047,1,0.6705
EVT121162,P005,S02,dairy,11,40,15,0,2026-06-08T15:52:01.232050,1,0.8179
EVT444036,P013,S03,household,13,30,16,0,2026-06-08T15:52:01.232052,1,0.7661
EVT374800,P003,S04,frozen,6,45,10,0,2026-06-08T15:52:01.232055,1,0.7844
EVT815534,P010,S02,household,8,30,14,1,2026-06-08T15:52:01.232061,1,0.6022
EVT497437,P010,S04,dairy,12,40,9,0,2026-06-08T15:52:01.232064,0,0.69
EVT561862,P019,S04,frozen,20,45,6,0,2026-06-08T15:52:01.232066,1,0.5667
EVT554019,P005,S04,beverages,60,60,1,0,2026-06-08T15:52:01.232069,0,0.2194
EVT262709,P007,S02,snacks,4,50,2,0,2026-06-08T15:52:01.232072,1,0.6529
EVT624221,P011,S04,beverages,32,60,6,0,2026-06-08T15:52:01.232074,0,0.5267
EVT621199,P010,S03,bakery,15,35,10,0,2026-06-08T15:52:01.232077,1,0.6516
EVT246574,P007,S04,snacks,8,50,11,0,2026-06-08T15:52:01.232079,1,0.7919
EVT134975,P004,S04,bakery,27,35,6,0,2026-06-08T15:52:01.232082,0,0.4195
EVT748463,P002,S02,dairy,25,40,3,0,2026-06-08T15:52:01.232084,0,0.4271
EVT441767,P010,S02,frozen,2,45,0,0,2026-06-08T15:52:01.232087,1,0.63
EVT209287,P018,S02,dairy,0,40,4,0,2026-06-08T15:52:01.232089,1,0.7278
EVT754166,P012,S03,frozen,37,45,1,0,2026-06-08T15:52:01.232092,0,0.2994
EVT279063,P014,S04,bakery,30,35,6,0,2026-06-08T15:52:01.232095,0,0.381
EVT476881,P017,S02,dairy,5,40,1,0,2026-06-08T15:52:01.232097,1,0.6132
EVT404516,P015,S03,frozen,30,45,3,0,2026-06-08T15:52:01.232099,0,0.4083
EVT498152,P015,S02,snacks,29,50,4,0,2026-06-08T15:52:01.232102,1,0.4668
EVT836476,P018,S01,beverages,2,60,4,0,2026-06-08T15:52:01.232104,1,0.7128
EVT144117,P001,S01,dairy,21,40,3,0,2026-06-08T15:52:01.232107,1,0.4721
EVT867060,P009,S04,bakery,11,35,11,0,2026-06-08T15:52:01.232111,1,0.7225
EVT339843,P008,S04,frozen,7,45,16,0,2026-06-08T15:52:01.232113,1,0.8911
EVT701709,P007,S02,beverages,52,60,5,0,2026-06-08T15:52:01.232116,1,0.3572
EVT770451,P016,S03,beverages,46,60,1,0,2026-06-08T15:52:01.232118,0,0.3244
EVT230446,P001,S02,beverages,55,60,6,0,2026-06-08T15:52:01.232121,1,0.3542
EVT380837,P005,S02,dairy,25,40,5,0,2026-06-08T15:52:01.232123,0,0.466
EVT472747,P006,S02,bakery,26,35,0,0,2026-06-08T15:52:01.232126,0,0.3157
EVT558572,P001,S01,beverages,42,60,4,1,2026-06-08T15:52:01.232128,0,0.2128
EVT412031,P014,S01,bakery,2,35,12,0,2026-06-08T15:52:01.232131,1,0.8576
EVT511362,P020,S02,dairy,35,40,1,0,2026-06-08T15:52:01.232133,0,0.2757
EVT616878,P019,S03,beverages,32,60,4,0,2026-06-08T15:52:01.232136,1,0.4878
EVT305653,P004,S01,household,25,30,6,0,2026-06-08T15:52:01.232138,0,0.3917
EVT435702,P012,S01,dairy,34,40,2,0,2026-06-08T15:52:01.232141,1,0.3064
EVT244510,P004,S04,snacks,8,50,11,0,2026-06-08T15:52:01.232143,1,0.7919
EVT282665,P018,S04,beverages,26,60,14,0,2026-06-08T15:52:01.232146,1,0.7272
EVT232987,P011,S04,snacks,49,50,4,0,2026-06-08T15:52:01.232149,1,0.2868
EVT179922,P013,S01,beverages,54,60,4,0,2026-06-08T15:52:01.232151,0,0.3228
EVT929438,P010,S04,beverages,51,60,0,0,2026-06-08T15:52:01.232154,1,0.2675
EVT120246,P019,S02,household,1,30,0,0,2026-06-08T15:52:01.232156,1,0.635
EVT598834,P015,S02,dairy,40,40,4,0,2026-06-08T15:52:01.232159,0,0.2778
EVT368407,P002,S04,frozen,5,45,4,0,2026-06-08T15:52:01.232164,1,0.6778
EVT873050,P003,S01,frozen,8,45,11,1,2026-06-08T15:52:01.232167,1,0.5839
EVT372442,P020,S01,beverages,5,60,14,0,2026-06-08T15:52:01.232169,1,0.8847
EVT775008,P003,S02,beverages,25,60,14,0,2026-06-08T15:52:01.232172,0,0.7347
EVT890880,P009,S03,household,24,30,6,0,2026-06-08T15:52:01.232174,1,0.4067
EVT990174,P010,S01,beverages,1,60,16,0,2026-06-08T15:52:01.232177,1,0.95
EVT321063,P010,S04,dairy,8,40,1,0,2026-06-08T15:52:01.232179,0,0.5794
EVT690034,P016,S03,beverages,59,60,4,0,2026-06-08T15:52:01.232182,0,0.2853
EVT711927,P005,S04,beverages,45,60,2,0,2026-06-08T15:52:01.232184,0,0.3514
EVT105358,P008,S03,bakery,9,35,10,1,2026-06-08T15:52:01.232186,0,0.5287
EVT662107,P005,S04,frozen,11,45,7,1,2026-06-08T15:52:01.232189,1,0.4761
EVT501104,P018,S02,bakery,14,35,6,1,2026-06-08T15:52:01.232191,0,0.3867
EVT284365,P019,S01,beverages,4,60,9,1,2026-06-08T15:52:01.232193,0,0.595
EVT338167,P008,S03,household,24,30,1,0,2026-06-08T15:52:01.232196,0,0.3094
EVT703824,P013,S03,snacks,48,50,1,0,2026-06-08T15:52:01.232198,0,0.2374
EVT972864,P020,S02,beverages,2,60,18,0,2026-06-08T15:52:01.232201,1,0.95
EVT747126,P009,S03,bakery,30,35,4,0,2026-06-08T15:52:01.232203,0,0.3421
EVT980256,P007,S03,snacks,11,50,14,0,2026-06-08T15:52:01.232205,1,0.8232
EVT702593,P002,S02,dairy,20,40,3,0,2026-06-08T15:52:01.232208,0,0.4833
EVT645879,P011,S04,frozen,17,45,9,1,2026-06-08T15:52:01.232211,0,0.455
EVT441025,P010,S02,household,3,30,7,1,2026-06-08T15:52:01.232214,0,0.5411
EVT740492,P014,S01,beverages,3,60,13,0,2026-06-08T15:52:01.232216,1,0.8803
EVT592260,P017,S01,dairy,32,40,1,0,2026-06-08T15:52:01.232218,0,0.3094
EVT392915,P017,S02,bakery,3,35,12,0,2026-06-08T15:52:01.232221,1,0.8448
EVT474268,P002,S03,beverages,12,60,14,0,2026-06-08T15:52:01.232223,1,0.8322
EVT942611,P020,S01,beverages,54,60,6,1,2026-06-08T15:52:01.232226,0,0.1617
EVT376142,P020,S04,frozen,27,45,1,0,2026-06-08T15:52:01.232229,0,0.3994
EVT333546,P018,S03,beverages,27,60,2,0,2026-06-08T15:52:01.232231,1,0.4864
EVT316748,P013,S04,household,4,30,14,0,2026-06-08T15:52:01.232233,1,0.8622
EVT932153,P004,S04,dairy,3,40,12,0,2026-06-08T15:52:01.232236,1,0.8496
EVT455012,P005,S01,household,9,30,0,0,2026-06-08T15:52:01.232238,0,0.515
EVT406255,P001,S04,household,23,30,6,0,2026-06-08T15:52:01.232240,0,0.4217
EVT484429,P004,S02,bakery,33,35,3,0,2026-06-08T15:52:01.232243,0,0.284
EVT849253,P005,S03,frozen,3,45,11,0,2026-06-08T15:52:01.232245,1,0.8339
EVT480624,P019,S03,bakery,27,35,3,0,2026-06-08T15:52:01.232248,1,0.3612
EVT310473,P003,S01,household,19,30,0,0,2026-06-08T15:52:01.232250,0,0.365
EVT339635,P018,S01,household,19,30,1,0,2026-06-08T15:52:01.232252,1,0.3844
EVT954018,P002,S02,frozen,1,45,4,0,2026-06-08T15:52:01.232255,1,0.7178
EVT626573,P008,S04,bakery,18,35,3,0,2026-06-08T15:52:01.232257,0,0.4769
EVT141575,P009,S01,snacks,9,50,2,0,2026-06-08T15:52:01.232262,0,0.6079
EVT520953,P007,S01,dairy,26,40,0,0,2026-06-08T15:52:01.232265,1,0.3575
EVT311176,P010,S03,snacks,39,50,4,0,2026-06-08T15:52:01.232267,1,0.3768
EVT827251,P014,S01,dairy,24,40,2,0,2026-06-08T15:52:01.232269,0,0.4189
EVT836724,P020,S01,beverages,17,60,8,0,2026-06-08T15:52:01.232272,0,0.6781
EVT471685,P003,S03,frozen,5,45,16,0,2026-06-08T15:52:01.232274,1,0.9111
EVT591542,P008,S01,dairy,5,40,18,0,2026-06-08T15:52:01.232276,1,0.9437
EVT180215,P015,S04,frozen,20,45,11,0,2026-06-08T15:52:01.232279,1,0.6639
EVT151791,P014,S01,beverages,7,60,12,0,2026-06-08T15:52:01.232281,1,0.8308
EVT398776,P009,S03,dairy,18,40,8,0,2026-06-08T15:52:01.232284,0,0.6031
EVT748849,P004,S01,beverages,46,60,0,0,2026-06-08T15:52:01.232286,1,0.305
EVT966411,P011,S02,bakery,24,35,0,0,2026-06-08T15:52:01.232289,1,0.3414
EVT346647,P013,S04,snacks,10,50,7,0,2026-06-08T15:52:01.232291,0,0.6961
EVT354395,P001,S02,beverages,60,60,3,0,2026-06-08T15:52:01.232294,0,0.2583
EVT286358,P019,S03,frozen,37,45,3,0,2026-06-08T15:52:01.232296,0,0.3383
EVT637824,P014,S02,dairy,8,40,10,0,2026-06-08T15:52:01.232298,1,0.7544
EVT601196,P007,S01,frozen,35,45,3,0,2026-06-08T15:52:01.232301,0,0.3583
EVT173888,P020,S04,household,13,30,5,0,2026-06-08T15:52:01.232303,1,0.5522
EVT116261,P018,S04,household,9,30,16,0,2026-06-08T15:52:01.232306,1,0.8261
EVT931525,P014,S01,beverages,53,60,5,1,2026-06-08T15:52:01.232308,0,0.1497
EVT720792,P004,S03,beverages,24,60,10,0,2026-06-08T15:52:01.232311,1,0.6644
EVT433525,P017,S01,beverages,44,60,2,0,2026-06-08T15:52:01.232313,0,0.3589
EVT761492,P001,S01,bakery,17,35,0,0,2026-06-08T15:52:01.232315,0,0.4314
EVT774946,P001,S04,household,0,30,12,1,2026-06-08T15:52:01.232318,0,0.6833
EVT285787,P016,S03,beverages,27,60,11,0,2026-06-08T15:52:01.232320,1,0.6614
EVT532463,P005,S01,bakery,8,35,5,0,2026-06-08T15:52:01.232323,1,0.6444
EVT986211,P008,S02,dairy,8,40,16,0,2026-06-08T15:52:01.232325,1,0.8711
EVT821737,P013,S02,snacks,29,50,6,0,2026-06-08T15:52:01.232327,1,0.5057
EVT142248,P003,S02,dairy,32,40,6,0,2026-06-08T15:52:01.232330,1,0.4067
EVT841307,P002,S04,household,10,30,10,0,2026-06-08T15:52:01.232333,1,0.6944
EVT408323,P012,S03,dairy,25,40,1,0,2026-06-08T15:52:01.232335,0,0.3882
EVT221482,P016,S04,frozen,7,45,1,0,2026-06-08T15:52:01.232338,1,0.5994
EVT591177,P003,S01,beverages,14,60,10,0,2026-06-08T15:52:01.232340,0,0.7394
EVT382848,P007,S02,dairy,39,40,6,0,2026-06-08T15:52:01.232343,1,0.3279
EVT693119,P003,S02,frozen,8,45,12,1,2026-06-08T15:52:01.232345,1,0.6033
EVT723374,P007,S01,beverages,28,60,5,0,2026-06-08T15:52:01.232347,1,0.5372
EVT320456,P003,S04,dairy,3,40,12,0,2026-06-08T15:52:01.232350,1,0.8496
EVT354306,P009,S04,frozen,20,45,2,0,2026-06-08T15:52:01.232352,1,0.4889
EVT561257,P003,S03,bakery,11,35,12,0,2026-06-08T15:52:01.232355,0,0.7419
EVT808501,P018,S01,snacks,19,50,13,0,2026-06-08T15:52:01.232360,1,0.7318
EVT325527,P012,S02,snacks,6,50,1,0,2026-06-08T15:52:01.232363,1,0.6154
EVT676721,P002,S04,beverages,13,60,9,0,2026-06-08T15:52:01.232365,1,0.7275
EVT140315,P003,S04,beverages,7,60,5,0,2026-06-08T15:52:01.232368,1,0.6947
EVT239521,P017,S04,beverages,53,60,2,0,2026-06-08T15:52:01.232370,0,0.2914
EVT533842,P017,S04,bakery,3,35,0,0,2026-06-08T15:52:01.232373,1,0.6114
EVT978455,P005,S02,household,26,30,6,0,2026-06-08T15:52:01.232375,0,0.3767
EVT741642,P001,S01,snacks,1,50,3,0,2026-06-08T15:52:01.232378,1,0.6993
EVT870200,P004,S02,dairy,31,40,1,0,2026-06-08T15:52:01.232380,0,0.3207
EVT873919,P008,S01,beverages,12,60,14,1,2026-06-08T15:52:01.232382,0,0.6322
EVT930038,P004,S01,bakery,18,35,0,0,2026-06-08T15:52:01.232385,0,0.4186
EVT382500,P003,S04,beverages,4,60,9,1,2026-06-08T15:52:01.232387,1,0.595
EVT855397,P009,S02,bakery,28,35,2,0,2026-06-08T15:52:01.232389,0,0.3289
EVT635986,P002,S03,bakery,7,35,12,1,2026-06-08T15:52:01.232392,1,0.5933
EVT153836,P012,S01,dairy,23,40,3,0,2026-06-08T15:52:01.232394,1,0.4496
EVT629079,P013,S04,beverages,35,60,0,0,2026-06-08T15:52:01.232396,1,0.3875
EVT465805,P016,S02,dairy,7,40,13,1,2026-06-08T15:52:01.232399,0,0.624
EVT295099,P007,S01,snacks,47,50,0,0,2026-06-08T15:52:01.232401,0,0.227
EVT516012,P005,S03,snacks,9,50,1,0,2026-06-08T15:52:01.232403,0,0.5884
EVT659040,P002,S03,household,1,30,7,1,2026-06-08T15:52:01.232406,1,0.5711
EVT157764,P011,S02,household,23,30,6,0,2026-06-08T15:52:01.232408,0,0.4217
EVT240653,P011,S01,beverages,57,60,0,0,2026-06-08T15:52:01.232411,0,0.2225
EVT244073,P007,S02,dairy,29,40,2,1,2026-06-08T15:52:01.232413,1,0.1626
EVT173647,P006,S01,dairy,6,40,7,1,2026-06-08T15:52:01.232416,1,0.5186
EVT132265,P001,S03,dairy,4,40,18,0,2026-06-08T15:52:01.232418,1,0.95
EVT323272,P010,S04,bakery,24,35,3,1,2026-06-08T15:52:01.232420,0,0.1998
EVT375085,P007,S04,beverages,51,60,2,0,2026-06-08T15:52:01.232423,1,0.3064
EVT143257,P007,S01,frozen,36,45,0,0,2026-06-08T15:52:01.232425,0,0.29
EVT796964,P018,S03,beverages,59,60,4,0,2026-06-08T15:52:01.232428,0,0.2853
EVT437499,P006,S04,beverages,31,60,3,0,2026-06-08T15:52:01.232430,0,0.4758
EVT710409,P017,S03,beverages,11,60,8,0,2026-06-08T15:52:01.232432,1,0.7231
EVT879462,P014,S01,frozen,8,45,10,0,2026-06-08T15:52:01.232435,1,0.7644
EVT694189,P018,S01,household,12,30,13,0,2026-06-08T15:52:01.232437,0,0.7228
EVT797419,P012,S02,household,15,30,6,0,2026-06-08T15:52:01.232440,1,0.5417
EVT900525,P005,S04,beverages,43,60,3,0,2026-06-08T15:52:01.232442,0,0.3858
EVT962383,P018,S01,household,28,30,1,0,2026-06-08T15:52:01.232444,1,0.2494
EVT136131,P016,S04,household,2,30,1,0,2026-06-08T15:52:01.232447,1,0.6394
EVT602903,P019,S01,bakery,27,35,2,1,2026-06-08T15:52:01.232450,0,0.1417
EVT736484,P014,S04,bakery,7,35,12,0,2026-06-08T15:52:01.232452,1,0.7933
EVT382015,P012,S03,dairy,33,40,5,0,2026-06-08T15:52:01.232458,0,0.376
EVT882566,P017,S04,bakery,4,35,4,0,2026-06-08T15:52:01.232461,1,0.6763
EVT101959,P006,S02,snacks,34,50,5,0,2026-06-08T15:52:01.232463,1,0.4412
EVT566149,P007,S04,household,10,30,6,1,2026-06-08T15:52:01.232466,1,0.4167
EVT895089,P005,S04,bakery,16,35,6,0,2026-06-08T15:52:01.232468,1,0.561
EVT920475,P010,S02,household,2,30,10,0,2026-06-08T15:52:01.232470,1,0.8144
EVT425264,P003,S03,household,16,30,9,1,2026-06-08T15:52:01.232473,1,0.385
EVT955074,P010,S03,beverages,37,60,0,0,2026-06-08T15:52:01.232475,1,0.3725
EVT687749,P003,S01,beverages,33,60,5,0,2026-06-08T15:52:01.232477,1,0.4997
EVT689434,P003,S03,frozen,4,45,7,1,2026-06-08T15:52:01.232480,1,0.5461
EVT762307,P004,S03,snacks,36,50,2,0,2026-06-08T15:52:01.232482,1,0.3649
EVT704752,P002,S01,bakery,1,35,12,0,2026-06-08T15:52:01.232485,0,0.8705
EVT179206,P016,S03,snacks,41,50,0,0,2026-06-08T15:52:01.232487,0,0.281
EVT948778,P008,S02,household,7,30,1,0,2026-06-08T15:52:01.232490,1,0.5644
EVT378007,P012,S01,frozen,24,45,2,0,2026-06-08T15:52:01.232492,0,0.4489
EVT133383,P017,S01,dairy,21,40,6,0,2026-06-08T15:52:01.232494,0,0.5304
EVT209650,P010,S03,snacks,10,50,14,0,2026-06-08T15:52:01.232497,1,0.8322
EVT674120,P012,S04,household,3,30,9,1,2026-06-08T15:52:01.232499,1,0.58
EVT549365,P011,S03,snacks,1,50,10,0,2026-06-08T15:52:01.232501,1,0.8354
EVT507856,P002,S02,dairy,2,40,9,1,2026-06-08T15:52:01.232504,1,0.6025
EVT955195,P004,S02,beverages,6,60,12,0,2026-06-08T15:52:01.232506,1,0.8383
EVT388723,P018,S04,beverages,0,60,4,0,2026-06-08T15:52:01.232509,0,0.7278
EVT779230,P009,S04,beverages,39,60,6,0,2026-06-08T15:52:01.232511,1,0.4742
EVT471143,P003,S02,beverages,49,60,1,0,2026-06-08T15:52:01.232513,0,0.3019
EVT667783,P001,S01,frozen,29,45,1,0,2026-06-08T15:52:01.232516,1,0.3794
EVT487118,P005,S03,household,16,30,6,0,2026-06-08T15:52:01.232518,0,0.5267
EVT506982,P019,S02,dairy,22,40,5,1,2026-06-08T15:52:01.232521,0,0.2997
EVT307501,P016,S03,frozen,3,45,18,0,2026-06-08T15:52:01.232523,1,0.95
EVT847472,P017,S01,snacks,0,50,10,1,2026-06-08T15:52:01.232526,1,0.6444
EVT217915,P010,S01,household,10,30,10,0,2026-06-08T15:52:01.232528,1,0.6944
EVT499162,P004,S03,dairy,40,40,4,0,2026-06-08T15:52:01.232531,0,0.2778
EVT789050,P003,S01,beverages,49,60,4,0,2026-06-08T15:52:01.232533,1,0.3603
EVT172985,P011,S03,dairy,16,40,14,0,2026-06-08T15:52:01.232536,1,0.7422
EVT359669,P011,S04,frozen,2,45,1,0,2026-06-08T15:52:01.232538,1,0.6494
EVT235432,P017,S04,snacks,21,50,9,0,2026-06-08T15:52:01.232541,1,0.636
EVT934517,P017,S03,bakery,32,35,4,0,2026-06-08T15:52:01.232543,0,0.3163
EVT887937,P017,S03,dairy,3,40,10,0,2026-06-08T15:52:01.232546,1,0.8107
EVT265718,P014,S04,beverages,39,60,2,0,2026-06-08T15:52:01.232548,0,0.3964
EVT554088,P020,S01,frozen,18,45,14,0,2026-06-08T15:52:01.232551,0,0.7422
EVT386995,P005,S02,bakery,12,35,7,1,2026-06-08T15:52:01.232555,0,0.4318
EVT428818,P014,S04,frozen,32,45,0,0,2026-06-08T15:52:01.232558,1,0.33
EVT423032,P005,S03,dairy,23,40,0,0,2026-06-08T15:52:01.232560,0,0.3913
EVT805022,P003,S02,household,10,30,13,0,2026-06-08T15:52:01.232563,1,0.7528
EVT954502,P002,S03,frozen,9,45,3,0,2026-06-08T15:52:01.232565,1,0.6183
EVT475393,P005,S04,household,1,30,10,0,2026-06-08T15:52:01.232567,0,0.8294
EVT835194,P012,S04,dairy,8,40,3,0,2026-06-08T15:52:01.232570,0,0.6183
EVT554350,P016,S02,dairy,28,40,1,0,2026-06-08T15:52:01.232572,0,0.3544
EVT755542,P011,S03,snacks,2,50,18,0,2026-06-08T15:52:01.232575,1,0.95
EVT732278,P009,S02,beverages,7,60,10,0,2026-06-08T15:52:01.232577,1,0.7919
EVT297532,P013,S03,frozen,1,45,4,0,2026-06-08T15:52:01.232579,1,0.7178
EVT842398,P012,S02,beverages,8,60,9,0,2026-06-08T15:52:01.232582,1,0.765
EVT862403,P015,S04,household,23,30,5,0,2026-06-08T15:52:01.232584,1,0.4022
EVT944157,P011,S01,snacks,10,50,10,1,2026-06-08T15:52:01.232586,1,0.5544
EVT558108,P016,S01,snacks,38,50,4,0,2026-06-08T15:52:01.232589,1,0.3858
EVT721661,P007,S04,snacks,1,50,2,0,2026-06-08T15:52:01.232591,0,0.6799
EVT319311,P016,S01,snacks,34,50,0,0,2026-06-08T15:52:01.232593,1,0.344
EVT206857,P013,S02,beverages,52,60,1,0,2026-06-08T15:52:01.232596,1,0.2794
EVT751325,P003,S03,household,27,30,2,1,2026-06-08T15:52:01.232598,0,0.0839
EVT492675,P013,S02,snacks,25,50,2,0,2026-06-08T15:52:01.232601,1,0.4639
EVT287376,P018,S02,frozen,3,45,5,0,2026-06-08T15:52:01.232603,0,0.7172
EVT177721,P017,S03,frozen,0,45,13,0,2026-06-08T15:52:01.232606,1,0.9028
EVT964532,P011,S03,dairy,34,40,4,0,2026-06-08T15:52:01.232609,1,0.3453
EVT558090,P004,S04,frozen,41,45,6,0,2026-06-08T15:52:01.232611,0,0.3567
EVT121977,P018,S03,dairy,38,40,3,0,2026-06-08T15:52:01.232614,0,0.2808
EVT541027,P005,S04,dairy,7,40,16,0,2026-06-08T15:52:01.232616,1,0.8824
EVT518651,P002,S03,bakery,0,35,18,0,2026-06-08T15:52:01.232618,1,0.95
EVT271675,P019,S04,beverages,54,60,0,0,2026-06-08T15:52:01.232621,0,0.245
EVT147245,P001,S02,household,16,30,4,0,2026-06-08T15:52:01.232623,0,0.4878
EVT663561,P004,S04,frozen,35,45,4,0,2026-06-08T15:52:01.232626,1,0.3778
EVT363400,P014,S04,bakery,11,35,15,1,2026-06-08T15:52:01.232628,0,0.6002
EVT353285,P018,S04,dairy,11,40,8,1,2026-06-08T15:52:01.232630,0,0.4818
EVT697084,P010,S04,snacks,22,50,8,0,2026-06-08T15:52:01.232633,1,0.6076
EVT461496,P006,S01,bakery,13,35,9,0,2026-06-08T15:52:01.232635,0,0.6579
EVT719733,P003,S03,frozen,0,45,17,0,2026-06-08T15:52:01.232637,1,0.95
EVT487104,P004,S03,household,1,30,15,1,2026-06-08T15:52:01.232640,0,0.7267
EVT199797,P014,S03,household,11,30,9,1,2026-06-08T15:52:01.232642,0,0.46
EVT882657,P017,S01,frozen,43,45,4,0,2026-06-08T15:52:01.232644,1,0.2978
EVT662527,P012,S03,frozen,24,45,2,0,2026-06-08T15:52:01.232647,1,0.4489
EVT959609,P007,S04,bakery,18,35,4,0,2026-06-08T15:52:01.232653,0,0.4963
EVT761677,P012,S04,bakery,10,35,14,0,2026-06-08T15:52:01.232656,1,0.7937
EVT762312,P016,S03,beverages,2,60,13,0,2026-06-08T15:52:01.232658,1,0.8878
EVT943963,P013,S03,snacks,15,50,13,0,2026-06-08T15:52:01.232660,1,0.7678
EVT465031,P011,S02,dairy,29,40,4,0,2026-06-08T15:52:01.232663,0,0.4015
EVT508126,P011,S01,frozen,0,45,13,1,2026-06-08T15:52:01.232665,1,0.7028
EVT902038,P014,S03,frozen,7,45,11,0,2026-06-08T15:52:01.232667,1,0.7939
EVT874293,P016,S01,dairy,3,40,9,1,2026-06-08T15:52:01.232670,0,0.5913
EVT289631,P020,S02,dairy,20,40,4,0,2026-06-08T15:52:01.232672,0,0.5028
EVT211453,P007,S04,bakery,27,35,5,0,2026-06-08T15:52:01.232674,0,0.4001
EVT819923,P006,S02,frozen,11,45,9,0,2026-06-08T15:52:01.232677,0,0.715
EVT474694,P011,S01,beverages,4,60,13,1,2026-06-08T15:52:01.232679,1,0.6728
EVT491702,P008,S04,bakery,17,35,11,0,2026-06-08T15:52:01.232681,1,0.6453
EVT507693,P010,S03,frozen,7,45,4,0,2026-06-08T15:52:01.232684,1,0.6578
EVT883995,P003,S04,snacks,49,50,5,0,2026-06-08T15:52:01.232686,1,0.3062
EVT311550,P017,S01,snacks,1,50,11,1,2026-06-08T15:52:01.232689,1,0.6549
EVT326747,P012,S02,dairy,9,40,6,1,2026-06-08T15:52:01.232691,0,0.4654
EVT300189,P014,S03,dairy,10,40,7,0,2026-06-08T15:52:01.232693,0,0.6736
EVT957379,P004,S02,bakery,24,35,2,0,2026-06-08T15:52:01.232696,0,0.3803
EVT194936,P005,S03,household,29,30,4,0,2026-06-08T15:52:01.232699,1,0.2928
EVT431989,P011,S04,snacks,5,50,10,1,2026-06-08T15:52:01.232701,1,0.5994
EVT528762,P004,S03,bakery,0,35,17,0,2026-06-08T15:52:01.232704,1,0.95
EVT678748,P014,S02,snacks,26,50,0,0,2026-06-08T15:52:01.232706,0,0.416
EVT744746,P001,S02,snacks,5,50,9,1,2026-06-08T15:52:01.232708,0,0.58
EVT634588,P020,S04,dairy,12,40,13,1,2026-06-08T15:52:01.232710,0,0.5678
EVT489749,P010,S02,frozen,19,45,12,0,2026-06-08T15:52:01.232713,1,0.6933
EVT972693,P018,S01,frozen,26,45,1,0,2026-06-08T15:52:01.232715,1,0.4094
EVT551868,P010,S04,dairy,13,40,7,1,2026-06-08T15:52:01.232718,0,0.4399
EVT806964,P007,S02,frozen,0,45,4,0,2026-06-08T15:52:01.232720,0,0.7278
EVT402442,P017,S03,frozen,1,45,17,0,2026-06-08T15:52:01.232722,1,0.95
EVT785616,P020,S04,bakery,25,35,1,0,2026-06-08T15:52:01.232725,0,0.348
EVT870479,P014,S03,dairy,28,40,5,0,2026-06-08T15:52:01.232727,1,0.4322
EVT386553,P019,S01,household,14,30,8,1,2026-06-08T15:52:01.232729,1,0.3956
EVT898151,P018,S01,bakery,22,35,6,0,2026-06-08T15:52:01.232732,1,0.4838
EVT392207,P003,S04,beverages,35,60,0,0,2026-06-08T15:52:01.232734,1,0.3875
EVT500677,P011,S02,snacks,20,50,9,0,2026-06-08T15:52:01.232737,1,0.645
EVT926271,P011,S03,snacks,20,50,15,0,2026-06-08T15:52:01.232740,0,0.7617
EVT336959,P007,S03,snacks,30,50,1,0,2026-06-08T15:52:01.232742,0,0.3994
EVT197125,P007,S04,frozen,10,45,12,1,2026-06-08T15:52:01.232744,1,0.5833
EVT253305,P006,S02,dairy,6,40,10,0,2026-06-08T15:52:01.232750,1,0.7769
EVT715781,P001,S02,frozen,14,45,8,0,2026-06-08T15:52:01.232752,1,0.6656
EVT991664,P004,S04,frozen,12,45,11,0,2026-06-08T15:52:01.232755,0,0.7439
EVT343976,P009,S03,snacks,6,50,18,0,2026-06-08T15:52:01.232757,1,0.946
EVT396621,P006,S03,dairy,11,40,8,1,2026-06-08T15:52:01.232759,0,0.4818
EVT653146,P007,S02,bakery,6,35,12,0,2026-06-08T15:52:01.232762,1,0.8062
EVT896559,P015,S04,household,5,30,12,0,2026-06-08T15:52:01.232764,1,0.8083
EVT425832,P008,S01,snacks,50,50,6,1,2026-06-08T15:52:01.232766,0,0.1167
EVT781013,P020,S04,snacks,23,50,1,0,2026-06-08T15:52:01.232769,0,0.4624
EVT595695,P017,S01,bakery,16,35,4,0,2026-06-08T15:52:01.232771,1,0.5221
EVT150841,P009,S03,household,6,30,0,0,2026-06-08T15:52:01.232774,1,0.56
EVT566448,P009,S03,snacks,17,50,12,0,2026-06-08T15:52:01.232776,0,0.7303
EVT202666,P007,S03,beverages,12,60,8,1,2026-06-08T15:52:01.232779,0,0.5156
EVT629389,P011,S02,dairy,13,40,15,0,2026-06-08T15:52:01.232781,1,0.7954
EVT508169,P002,S04,frozen,36,45,4,1,2026-06-08T15:52:01.232783,0,0.1678
EVT915828,P008,S04,beverages,4,60,0,0,2026-06-08T15:52:01.232786,1,0.62
EVT139007,P015,S04,bakery,2,35,17,0,2026-06-08T15:52:01.232801,1,0.95
EVT834410,P015,S03,dairy,4,40,2,0,2026-06-08T15:52:01.232805,1,0.6439
EVT777966,P001,S03,dairy,0,40,10,0,2026-06-08T15:52:01.232808,1,0.8444
EVT667702,P020,S01,snacks,7,50,13,0,2026-06-08T15:52:01.232812,1,0.8398
EVT461729,P014,S04,frozen,17,45,15,0,2026-06-08T15:52:01.232815,0,0.7717
EVT276267,P016,S04,bakery,23,35,5,0,2026-06-08T15:52:01.232819,0,0.4515
EVT701883,P016,S03,snacks,27,50,1,0,2026-06-08T15:52:01.232823,1,0.4264
EVT586843,P008,S01,dairy,27,40,3,0,2026-06-08T15:52:01.232826,1,0.4046
EVT390079,P009,S04,frozen,5,45,12,0,2026-06-08T15:52:01.232829,0,0.8333
EVT319956,P015,S02,bakery,32,35,5,0,2026-06-08T15:52:01.232833,0,0.3358
EVT607517,P010,S02,frozen,4,45,13,0,2026-06-08T15:52:01.232836,1,0.8628
EVT270872,P008,S02,snacks,49,50,6,0,2026-06-08T15:52:01.232838,0,0.3257
EVT169892,P007,S02,bakery,1,35,15,0,2026-06-08T15:52:01.232841,1,0.9288
EVT505718,P008,S01,beverages,0,60,7,1,2026-06-08T15:52:01.232843,1,0.5861
EVT140491,P018,S03,frozen,0,45,1,0,2026-06-08T15:52:01.232846,1,0.6694
EVT840723,P017,S04,frozen,19,45,13,0,2026-06-08T15:52:01.232849,1,0.7128
EVT683433,P010,S01,snacks,20,50,10,0,2026-06-08T15:52:01.232852,1,0.6644
EVT411581,P015,S02,household,16,30,0,0,2026-06-08T15:52:01.232854,0,0.41
EVT208138,P004,S04,bakery,31,35,4,0,2026-06-08T15:52:01.232857,1,0.3292
EVT437644,P018,S01,household,23,30,4,0,2026-06-08T15:52:01.232859,1,0.3828
EVT367468,P014,S04,dairy,6,40,5,0,2026-06-08T15:52:01.232862,1,0.6797
EVT628106,P015,S02,beverages,56,60,0,0,2026-06-08T15:52:01.232864,1,0.23
EVT767691,P013,S01,household,19,30,0,0,2026-06-08T15:52:01.232867,1,0.365
EVT809491,P005,S01,beverages,60,60,1,0,2026-06-08T15:52:01.232870,0,0.2194
EVT410232,P017,S04,frozen,23,45,3,0,2026-06-08T15:52:01.232877,1,0.4783
EVT623057,P005,S01,household,13,30,15,0,2026-06-08T15:52:01.232880,1,0.7467
EVT309577,P012,S04,dairy,19,40,4,0,2026-06-08T15:52:01.232883,0,0.514
EVT175412,P001,S04,household,15,30,4,1,2026-06-08T15:52:01.232885,1,0.3028
EVT400602,P002,S01,frozen,4,45,13,0,2026-06-08T15:52:01.232888,0,0.8628
EVT499940,P017,S01,beverages,3,60,17,0,2026-06-08T15:52:01.232890,1,0.95
EVT729682,P019,S02,snacks,1,50,5,0,2026-06-08T15:52:01.232894,0,0.7382
EVT719684,P018,S04,dairy,40,40,5,0,2026-06-08T15:52:01.232897,0,0.2972
EVT259030,P011,S04,beverages,21,60,12,0,2026-06-08T15:52:01.233226,1,0.7258
EVT778312,P008,S02,frozen,3,45,8,1,2026-06-08T15:52:01.233229,0,0.5756
EVT150154,P018,S04,beverages,6,60,2,0,2026-06-08T15:52:01.233231,0,0.6439
EVT514821,P015,S04,beverages,30,60,1,0,2026-06-08T15:52:01.233233,1,0.4444
EVT609791,P004,S01,dairy,31,40,1,0,2026-06-08T15:52:01.233236,0,0.3207
EVT846232,P017,S01,frozen,13,45,12,0,2026-06-08T15:52:01.233238,1,0.7533
EVT655964,P009,S03,household,12,30,15,0,2026-06-08T15:52:01.233241,0,0.7617
EVT928954,P004,S03,snacks,47,50,5,0,2026-06-08T15:52:01.233243,0,0.3242
EVT834518,P003,S04,beverages,25,60,14,0,2026-06-08T15:52:01.233246,1,0.7347
EVT726628,P018,S02,dairy,17,40,16,0,2026-06-08T15:52:01.233248,1,0.7699
EVT232948,P004,S02,dairy,2,40,11,0,2026-06-08T15:52:01.233251,1,0.8414
EVT721020,P003,S03,beverages,58,60,0,0,2026-06-08T15:52:01.233253,0,0.215
EVT542118,P001,S03,bakery,33,35,4,0,2026-06-08T15:52:01.233256,0,0.3035
EVT992760,P009,S02,household,21,30,5,0,2026-06-08T15:52:01.233258,1,0.4322
EVT550478,P014,S01,beverages,42,60,4,0,2026-06-08T15:52:01.233260,0,0.4128
EVT854921,P017,S01,frozen,45,45,1,0,2026-06-08T15:52:01.233263,0,0.2194
EVT133300,P002,S02,frozen,9,45,15,0,2026-06-08T15:52:01.233265,0,0.8517
EVT802888,P016,S02,beverages,0,60,4,0,2026-06-08T15:52:01.233267,1,0.7278
EVT326683,P001,S04,bakery,4,35,12,1,2026-06-08T15:52:01.233270,1,0.6319
EVT572648,P012,S02,dairy,1,40,16,0,2026-06-08T15:52:01.233272,1,0.9499
EVT612137,P013,S02,frozen,2,45,17,0,2026-06-08T15:52:01.233274,1,0.95
EVT424688,P006,S01,frozen,32,45,5,1,2026-06-08T15:52:01.233277,0,0.2272
EVT772310,P018,S03,frozen,9,45,7,1,2026-06-08T15:52:01.233279,0,0.4961
EVT335670,P008,S01,dairy,36,40,5,1,2026-06-08T15:52:01.233282,0,0.1422
EVT729499,P011,S01,household,9,30,11,0,2026-06-08T15:52:01.233285,1,0.7289
EVT581096,P006,S03,bakery,1,35,13,0,2026-06-08T15:52:01.233287,1,0.8899
EVT428420,P006,S02,frozen,35,45,4,0,2026-06-08T15:52:01.233289,1,0.3778
EVT681231,P004,S02,bakery,34,35,3,0,2026-06-08T15:52:01.233292,1,0.2712
EVT779218,P005,S03,frozen,9,45,9,0,2026-06-08T15:52:01.233294,1,0.735
EVT840390,P016,S03,beverages,43,60,1,0,2026-06-08T15:52:01.233297,1,0.3469
EVT469810,P019,S01,bakery,0,35,7,1,2026-06-08T15:52:01.233303,0,0.5861
EVT785339,P011,S03,dairy,4,40,16,0,2026-06-08T15:52:01.233305,1,0.9161
EVT954445,P007,S01,beverages,2,60,4,0,2026-06-08T15:52:01.233308,0,0.7128
EVT888713,P016,S01,beverages,9,60,11,1,2026-06-08T15:52:01.233310,1,0.5964
EVT200219,P013,S04,dairy,8,40,18,0,2026-06-08T15:52:01.233313,1,0.91
EVT933961,P013,S02,bakery,30,35,3,0,2026-06-08T15:52:01.233315,0,0.3226
EVT481585,P013,S01,snacks,34,50,1,0,2026-06-08T15:52:01.233317,1,0.3634
EVT700546,P010,S02,frozen,21,45,6,0,2026-06-08T15:52:01.233320,1,0.5567
EVT740186,P018,S03,dairy,1,40,0,0,2026-06-08T15:52:01.233322,0,0.6387
EVT625317,P018,S03,bakery,15,35,10,0,2026-06-08T15:52:01.233324,0,0.6516
EVT991640,P001,S02,household,1,30,1,0,2026-06-08T15:52:01.233327,1,0.6544
EVT649230,P011,S01,bakery,26,35,2,0,2026-06-08T15:52:01.233329,0,0.3546
EVT513762,P002,S03,frozen,20,45,0,0,2026-06-08T15:52:01.233331,0,0.45
EVT339184,P015,S01,bakery,16,35,1,0,2026-06-08T15:52:01.233334,0,0.4637
EVT291211,P010,S04,frozen,36,45,1,0,2026-06-08T15:52:01.233336,0,0.3094
EVT155057,P018,S01,household,2,30,3,0,2026-06-08T15:52:01.233339,1,0.6783
EVT888860,P019,S03,beverages,17,60,8,0,2026-06-08T15:52:01.233341,0,0.6781
EVT736135,P014,S03,dairy,33,40,3,0,2026-06-08T15:52:01.233343,0,0.3371
EVT216890,P006,S02,snacks,3,50,14,1,2026-06-08T15:52:01.233346,1,0.6952
EVT429155,P013,S04,household,4,30,5,0,2026-06-08T15:52:01.233349,0,0.6872
EVT175226,P009,S01,frozen,18,45,15,0,2026-06-08T15:52:01.233351,1,0.7617
EVT860893,P012,S01,household,21,30,5,0,2026-06-08T15:52:01.233354,0,0.4322
EVT459556,P020,S01,household,8,30,15,0,2026-06-08T15:52:01.233356,1,0.8217
EVT430243,P015,S03,snacks,11,50,12,1,2026-06-08T15:52:01.233358,1,0.5843
EVT808740,P020,S04,dairy,6,40,17,0,2026-06-08T15:52:01.233361,1,0.9131
EVT130695,P015,S02,dairy,5,40,5,0,2026-06-08T15:52:01.233363,1,0.691
EVT102846,P003,S01,dairy,3,40,16,0,2026-06-08T15:52:01.233366,1,0.9274
EVT398863,P008,S02,frozen,5,45,18,0,2026-06-08T15:52:01.233368,1,0.95
EVT264868,P020,S03,snacks,0,50,0,0,2026-06-08T15:52:01.233370,1,0.65
EVT140366,P018,S01,household,17,30,0,0,2026-06-08T15:52:01.233373,0,0.395
EVT475103,P002,S01,bakery,7,35,16,0,2026-06-08T15:52:01.233375,1,0.8711
EVT455825,P015,S01,frozen,45,45,3,0,2026-06-08T15:52:01.233377,0,0.2583
EVT885001,P017,S03,beverages,5,60,14,1,2026-06-08T15:52:01.233380,1,0.6847
EVT320209,P020,S04,beverages,26,60,11,0,2026-06-08T15:52:01.233382,1,0.6689
EVT562844,P017,S01,frozen,6,45,12,0,2026-06-08T15:52:01.233385,1,0.8233
EVT807446,P008,S02,beverages,6,60,4,0,2026-06-08T15:52:01.233387,0,0.6828
EVT156907,P012,S04,snacks,46,50,1,0,2026-06-08T15:52:01.233389,1,0.2554
EVT677522,P018,S03,beverages,57,60,0,0,2026-06-08T15:52:01.233392,0,0.2225
EVT904257,P017,S04,dairy,24,40,1,0,2026-06-08T15:52:01.233394,0,0.3994
EVT546565,P019,S01,dairy,20,40,1,0,2026-06-08T15:52:01.233485,0,0.4444
EVT284196,P007,S04,beverages,17,60,14,0,2026-06-08T15:52:01.233489,1,0.7947
EVT450524,P017,S04,bakery,21,35,6,1,2026-06-08T15:52:01.233492,0,0.2967
EVT875920,P016,S03,snacks,39,50,6,0,2026-06-08T15:52:01.233495,0,0.4157
EVT977810,P009,S01,bakery,18,35,0,0,2026-06-08T15:52:01.233497,0,0.4186
EVT636082,P007,S01,household,26,30,2,0,2026-06-08T15:52:01.233500,1,0.2989
EVT594474,P013,S03,beverages,32,60,1,0,2026-06-08T15:52:01.233502,1,0.4294
EVT629865,P015,S02,snacks,16,50,15,0,2026-06-08T15:52:01.233505,1,0.7977
EVT808638,P017,S04,bakery,18,35,5,1,2026-06-08T15:52:01.233507,1,0.3158
EVT696486,P003,S03,frozen,42,45,1,0,2026-06-08T15:52:01.233510,0,0.2494
EVT665435,P010,S02,snacks,26,50,6,0,2026-06-08T15:52:01.233512,1,0.5327
EVT218857,P007,S01,frozen,27,45,6,0,2026-06-08T15:52:01.233515,0,0.4967
EVT334367,P019,S01,snacks,16,50,12,0,2026-06-08T15:52:01.233518,0,0.7393
EVT635615,P011,S01,bakery,19,35,0,0,2026-06-08T15:52:01.233520,0,0.4057
EVT703182,P013,S04,frozen,7,45,3,0,2026-06-08T15:52:01.233523,0,0.6383
EVT205346,P005,S02,bakery,22,35,2,0,2026-06-08T15:52:01.233525,1,0.406
EVT355927,P017,S03,snacks,20,50,13,0,2026-06-08T15:52:01.233528,1,0.7228
EVT554583,P005,S04,snacks,30,50,6,0,2026-06-08T15:52:01.233530,1,0.4967
EVT281141,P017,S03,household,15,30,11,1,2026-06-08T15:52:01.233532,0,0.4389
EVT135233,P001,S02,snacks,38,50,2,0,2026-06-08T15:52:01.233536,0,0.3469
EVT598651,P003,S01,dairy,12,40,10,0,2026-06-08T15:52:01.233539,0,0.7094
EVT461980,P010,S02,household,17,30,0,0,2026-06-08T15:52:01.233541,0,0.395
EVT814341,P005,S02,bakery,33,35,1,0,2026-06-08T15:52:01.233544,0,0.2452
EVT551544,P016,S03,frozen,33,45,1,0,2026-06-08T15:52:01.233546,1,0.3394
EVT787899,P020,S01,beverages,5,60,15,0,2026-06-08T15:52:01.233548,0,0.9042
EVT752540,P001,S02,household,16,30,9,1,2026-06-08T15:52:01.233551,0,0.385
EVT276398,P010,S02,frozen,9,45,11,1,2026-06-08T15:52:01.233553,1,0.5739
EVT737579,P011,S03,dairy,12,40,6,1,2026-06-08T15:52:01.233556,0,0.4317
EVT782248,P012,S03,bakery,1,35,12,1,2026-06-08T15:52:01.233558,1,0.6705
EVT163490,P013,S03,beverages,4,60,0,0,2026-06-08T15:52:01.233561,1,0.62
EVT411991,P002,S03,snacks,2,50,14,1,2026-06-08T15:52:01.233563,1,0.7042
EVT463132,P006,S03,snacks,9,50,2,0,2026-06-08T15:52:01.233566,1,0.6079
EVT517823,P007,S04,bakery,4,35,11,1,2026-06-08T15:52:01.233568,1,0.6125
EVT898883,P018,S04,dairy,15,40,7,0,2026-06-08T15:52:01.233571,0,0.6174
EVT614701,P005,S03,dairy,21,40,3,0,2026-06-08T15:52:01.233573,0,0.4721
EVT694570,P019,S02,beverages,27,60,2,1,2026-06-08T15:52:01.233576,0,0.2864
EVT664914,P009,S03,snacks,3,50,1,0,2026-06-08T15:52:01.233578,1,0.6424
EVT441675,P016,S02,bakery,17,35,6,1,2026-06-08T15:52:01.233581,0,0.3481
EVT871051,P019,S01,household,11,30,8,0,2026-06-08T15:52:01.233583,1,0.6406
EVT780791,P012,S01,bakery,17,35,2,0,2026-06-08T15:52:01.233591,0,0.4703
EVT995516,P001,S03,frozen,21,45,5,0,2026-06-08T15:52:01.233593,1,0.5372
EVT483600,P017,S03,snacks,18,50,9,0,2026-06-08T15:52:01.233596,0,0.663
EVT568328,P002,S04,snacks,5,50,12,0,2026-06-08T15:52:01.233598,1,0.8383
EVT781230,P011,S03,beverages,50,60,1,0,2026-06-08T15:52:01.233601,0,0.2944
EVT825043,P016,S02,bakery,27,35,1,0,2026-06-08T15:52:01.233603,0,0.3223
EVT933328,P006,S01,frozen,35,45,3,0,2026-06-08T15:52:01.233606,1,0.3583
EVT550405,P004,S01,dairy,16,40,8,0,2026-06-08T15:52:01.233608,0,0.6256
EVT717584,P003,S02,bakery,30,35,0,0,2026-06-08T15:52:01.233611,0,0.2643
EVT848078,P014,S02,household,22,30,3,1,2026-06-08T15:52:01.233613,0,0.1783
EVT136207,P006,S01,beverages,11,60,10,1,2026-06-08T15:52:01.233616,0,0.5619
EVT594087,P013,S01,dairy,6,40,10,0,2026-06-08T15:52:01.233618,0,0.7769
EVT129248,P007,S03,bakery,15,35,1,0,2026-06-08T15:52:01.233621,0,0.4766
EVT374279,P009,S03,beverages,42,60,1,0,2026-06-08T15:52:01.233624,0,0.3544
EVT905748,P009,S03,beverages,5,60,14,0,2026-06-08T15:52:01.233626,1,0.8847
EVT885661,P011,S01,bakery,33,35,0,0,2026-06-08T15:52:01.233629,0,0.2257
EVT501174,P015,S03,dairy,39,40,6,0,2026-06-08T15:52:01.233631,0,0.3279
EVT547699,P020,S04,snacks,22,50,2,0,2026-06-08T15:52:01.233634,0,0.4909
EVT303216,P002,S02,household,5,30,0,0,2026-06-08T15:52:01.233636,1,0.575
EVT596775,P005,S02,beverages,40,60,4,0,2026-06-08T15:52:01.233639,0,0.4278
EVT217469,P014,S02,frozen,45,45,2,0,2026-06-08T15:52:01.233642,1,0.2389
EVT887700,P017,S03,household,4,30,5,0,2026-06-08T15:52:01.233644,1,0.6872
EVT554492,P002,S01,bakery,6,35,6,1,2026-06-08T15:52:01.233647,0,0.4895
EVT513056,P018,S01,household,14,30,2,0,2026-06-08T15:52:01.233649,1,0.4789
EVT264166,P017,S03,dairy,24,40,2,0,2026-06-08T15:52:01.233652,1,0.4189
EVT598522,P019,S02,snacks,46,50,5,0,2026-06-08T15:52:01.233654,1,0.3332
EVT638066,P014,S02,dairy,24,40,1,0,2026-06-08T15:52:01.233657,0,0.3994
EVT868717,P014,S03,beverages,5,60,11,0,2026-06-08T15:52:01.233659,1,0.8264
EVT220701,P017,S01,snacks,40,50,1,0,2026-06-08T15:52:01.233662,0,0.3094
EVT158186,P001,S02,beverages,1,60,12,0,2026-06-08T15:52:01.233664,1,0.8758
EVT313827,P005,S01,beverages,5,60,14,0,2026-06-08T15:52:01.233667,1,0.8847
EVT289917,P007,S03,snacks,36,50,3,0,2026-06-08T15:52:01.233669,0,0.3843
EVT742426,P003,S03,snacks,9,50,3,0,2026-06-08T15:52:01.233671,1,0.6273
EVT157538,P014,S04,snacks,13,50,11,0,2026-06-08T15:52:01.233674,1,0.7469
EVT786840,P006,S04,beverages,0,60,10,0,2026-06-08T15:52:01.233676,1,0.8444
EVT918906,P002,S04,household,7,30,0,0,2026-06-08T15:52:01.233679,1,0.545
EVT146468,P015,S04,beverages,13,60,9,1,2026-06-08T15:52:01.233681,0,0.5275
EVT305310,P013,S04,beverages,8,60,2,0,2026-06-08T15:52:01.233684,1,0.6289
EVT891638,P009,S03,beverages,51,60,4,0,2026-06-08T15:52:01.233686,0,0.3453
EVT965401,P017,S04,snacks,9,50,2,0,2026-06-08T15:52:01.233689,0,0.6079
EVT663813,P020,S02,frozen,36,45,2,0,2026-06-08T15:52:01.233692,0,0.3289
EVT286441,P011,S04,frozen,15,45,8,0,2026-06-08T15:52:01.233694,1,0.6556
EVT420792,P007,S02,snacks,24,50,2,0,2026-06-08T15:52:01.233697,0,0.4729
EVT997446,P005,S02,dairy,9,40,6,1,2026-06-08T15:52:01.233699,0,0.4654
EVT680512,P016,S02,frozen,3,45,7,1,2026-06-08T15:52:01.233706,1,0.5561
EVT499049,P011,S01,snacks,49,50,2,0,2026-06-08T15:52:01.233709,0,0.2479
EVT405379,P019,S01,beverages,42,60,1,0,2026-06-08T15:52:01.233712,1,0.3544
EVT891759,P010,S03,bakery,18,35,2,0,2026-06-08T15:52:01.233714,0,0.4575
EVT187237,P008,S04,dairy,8,40,15,0,2026-06-08T15:52:01.233717,1,0.8517
EVT810583,P003,S01,frozen,5,45,15,0,2026-06-08T15:52:01.233719,1,0.8917
EVT167046,P008,S04,beverages,17,60,8,0,2026-06-08T15:52:01.233722,1,0.6781
EVT337491,P001,S01,dairy,30,40,6,0,2026-06-08T15:52:01.233724,0,0.4292
EVT729471,P014,S04,dairy,11,40,11,0,2026-06-08T15:52:01.233727,0,0.7401
EVT152849,P007,S04,bakery,17,35,10,0,2026-06-08T15:52:01.233729,1,0.6259
EVT930287,P010,S03,household,23,30,2,0,2026-06-08T15:52:01.233732,0,0.3439
EVT585059,P002,S03,snacks,2,50,12,0,2026-06-08T15:52:01.233734,0,0.8653
EVT231456,P017,S01,frozen,25,45,1,1,2026-06-08T15:52:01.233737,0,0.2194
EVT435528,P008,S01,snacks,50,50,4,0,2026-06-08T15:52:01.233739,1,0.2778
EVT319215,P007,S04,bakery,29,35,1,1,2026-06-08T15:52:01.233742,0,0.0966
EVT997104,P014,S04,frozen,27,45,5,0,2026-06-08T15:52:01.233745,1,0.4772
EVT481625,P004,S03,bakery,15,35,16,0,2026-06-08T15:52:01.233747,1,0.7683
EVT646585,P007,S01,beverages,6,60,10,1,2026-06-08T15:52:01.233750,0,0.5994
EVT880593,P004,S03,household,12,30,11,0,2026-06-08T15:52:01.233752,0,0.6839
EVT565792,P016,S01,snacks,41,50,3,1,2026-06-08T15:52:01.233755,0,0.1393
EVT343267,P008,S03,household,2,30,18,0,2026-06-08T15:52:01.233757,1,0.95
EVT434806,P007,S04,household,10,30,9,1,2026-06-08T15:52:01.233760,0,0.475
EVT784829,P008,S01,dairy,3,40,0,0,2026-06-08T15:52:01.233762,0,0.6162
EVT608878,P004,S03,bakery,19,35,2,0,2026-06-08T15:52:01.233764,0,0.4446
EVT683186,P011,S01,snacks,46,50,3,0,2026-06-08T15:52:01.233767,0,0.2943
EVT591535,P011,S03,beverages,55,60,6,0,2026-06-08T15:52:01.233770,1,0.3542
EVT357492,P005,S02,frozen,24,45,5,0,2026-06-08T15:52:01.233772,1,0.5072
EVT518060,P020,S02,household,16,30,6,1,2026-06-08T15:52:01.233775,0,0.3267
EVT259906,P002,S01,beverages,30,60,0,1,2026-06-08T15:52:01.233777,0,0.225
EVT926067,P005,S02,beverages,20,60,11,0,2026-06-08T15:52:01.233780,1,0.7139
EVT636522,P010,S03,beverages,44,60,5,0,2026-06-08T15:52:01.233782,1,0.4172
EVT971039,P011,S04,household,7,30,12,0,2026-06-08T15:52:01.233785,1,0.7783
EVT896773,P002,S03,frozen,12,45,14,0,2026-06-08T15:52:01.233793,0,0.8022
EVT636601,P010,S02,household,23,30,4,1,2026-06-08T15:52:01.233796,0,0.1828
EVT122340,P015,S04,snacks,12,50,9,1,2026-06-08T15:52:01.233802,1,0.517
EVT600898,P001,S03,household,9,30,16,0,2026-06-08T15:52:01.233805,0,0.8261
EVT763826,P004,S02,bakery,4,35,2,0,2026-06-08T15:52:01.233807,1,0.6375
EVT587264,P019,S02,frozen,2,45,13,0,2026-06-08T15:52:01.233809,1,0.8828
EVT660411,P018,S03,bakery,0,35,15,1,2026-06-08T15:52:01.233812,1,0.7417
EVT417502,P001,S04,bakery,28,35,6,1,2026-06-08T15:52:01.233814,0,0.2067
EVT765315,P011,S01,frozen,19,45,11,0,2026-06-08T15:52:01.233817,1,0.6739
EVT113708,P011,S02,snacks,5,50,14,0,2026-06-08T15:52:01.233819,1,0.8772
EVT105510,P006,S02,bakery,1,35,0,0,2026-06-08T15:52:01.233821,1,0.6371
EVT200420,P006,S01,bakery,33,35,0,0,2026-06-08T15:52:01.233823,0,0.2257
EVT251123,P017,S03,bakery,21,35,0,0,2026-06-08T15:52:01.233826,0,0.38
EVT927038,P007,S04,beverages,16,60,11,0,2026-06-08T15:52:01.233828,1,0.7439
EVT768141,P001,S02,household,4,30,11,0,2026-06-08T15:52:01.233830,1,0.8039
EVT108286,P010,S02,frozen,5,45,1,0,2026-06-08T15:52:01.233833,0,0.6194
EVT135637,P010,S03,frozen,6,45,17,0,2026-06-08T15:52:01.233835,1,0.9206
EVT801220,P006,S04,frozen,42,45,2,0,2026-06-08T15:52:01.233837,0,0.2689
EVT276703,P006,S04,bakery,22,35,3,0,2026-06-08T15:52:01.233840,0,0.4255
EVT434997,P015,S04,beverages,11,60,8,1,2026-06-08T15:52:01.233842,1,0.5231
EVT810954,P002,S03,frozen,16,45,12,0,2026-06-08T15:52:01.233845,1,0.7233
EVT932798,P017,S03,beverages,19,60,12,0,2026-06-08T15:52:01.233847,1,0.7408
EVT199037,P020,S01,bakery,5,35,5,0,2026-06-08T15:52:01.233850,1,0.6829
EVT710381,P014,S03,bakery,8,35,10,1,2026-06-08T15:52:01.233852,1,0.5416
EVT623206,P010,S02,beverages,2,60,15,0,2026-06-08T15:52:01.233854,1,0.9267
EVT425999,P019,S01,frozen,45,45,5,1,2026-06-08T15:52:01.233857,0,0.0972
EVT932166,P015,S04,snacks,16,50,14,0,2026-06-08T15:52:01.233859,1,0.7782
EVT109549,P014,S04,bakery,17,35,5,0,2026-06-08T15:52:01.233861,0,0.5287
EVT950934,P019,S02,frozen,4,45,2,0,2026-06-08T15:52:01.233864,1,0.6489
EVT620098,P019,S04,bakery,28,35,1,0,2026-06-08T15:52:01.233866,0,0.3094
EVT449157,P007,S03,frozen,9,45,2,0,2026-06-08T15:52:01.233868,1,0.5989
EVT472141,P005,S03,beverages,0,60,14,0,2026-06-08T15:52:01.233871,1,0.9222
EVT842495,P015,S02,frozen,31,45,6,0,2026-06-08T15:52:01.233874,1,0.4567
EVT436080,P009,S02,beverages,37,60,0,0,2026-06-08T15:52:01.233876,1,0.3725
EVT833884,P007,S01,snacks,13,50,8,0,2026-06-08T15:52:01.233878,1,0.6886
EVT571136,P003,S02,snacks,42,50,1,0,2026-06-08T15:52:01.233881,1,0.2914
EVT362837,P003,S03,beverages,5,60,10,0,2026-06-08T15:52:01.233883,1,0.8069
EVT722516,P002,S01,snacks,11,50,16,0,2026-06-08T15:52:01.233885,1,0.8621
EVT218994,P006,S02,beverages,37,60,4,0,2026-06-08T15:52:01.233888,0,0.4503
EVT357958,P020,S02,frozen,4,45,1,0,2026-06-08T15:52:01.233890,1,0.6294
EVT408347,P017,S01,frozen,8,45,10,1,2026-06-08T15:52:01.233893,0,0.5644
EVT284197,P011,S04,beverages,54,60,1,1,2026-06-08T15:52:01.233899,0,0.0644
EVT702774,P017,S01,dairy,10,40,11,0,2026-06-08T15:52:01.233902,0,0.7514
EVT313985,P016,S03,beverages,5,60,1,0,2026-06-08T15:52:01.233904,0,0.6319
EVT836991,P019,S02,household,4,30,17,0,2026-06-08T15:52:01.233906,1,0.9206
EVT867853,P014,S02,household,19,30,3,0,2026-06-08T15:52:01.233909,0,0.4233
EVT979520,P006,S03,beverages,43,60,0,1,2026-06-08T15:52:01.233911,0,0.1275
EVT635746,P004,S02,dairy,0,40,12,0,2026-06-08T15:52:01.233914,0,0.8833
EVT409477,P002,S03,frozen,5,45,1,0,2026-06-08T15:52:01.233916,1,0.6194
EVT964273,P008,S03,snacks,1,50,3,0,2026-06-08T15:52:01.233918,1,0.6993
EVT929292,P007,S03,household,7,30,13,0,2026-06-08T15:52:01.233920,1,0.7978
EVT330896,P007,S03,household,9,30,12,0,2026-06-08T15:52:01.233923,0,0.7483
EVT107495,P014,S02,household,9,30,8,0,2026-06-08T15:52:01.233925,1,0.6706
EVT499889,P010,S01,bakery,27,35,4,0,2026-06-08T15:52:01.233927,0,0.3806
EVT328677,P008,S01,frozen,3,45,14,0,2026-06-08T15:52:01.233929,1,0.8922
EVT892820,P019,S03,bakery,34,35,1,0,2026-06-08T15:52:01.233932,0,0.2323
EVT250033,P009,S03,frozen,12,45,10,1,2026-06-08T15:52:01.233934,1,0.5244
EVT189790,P004,S03,dairy,19,40,5,0,2026-06-08T15:52:01.233937,0,0.5335
EVT767701,P007,S01,beverages,3,60,18,0,2026-06-08T15:52:01.233939,1,0.95
EVT827470,P010,S02,household,0,30,11,1,2026-06-08T15:52:01.233941,1,0.6639
EVT239353,P009,S03,frozen,33,45,3,0,2026-06-08T15:52:01.233944,0,0.3783
EVT207003,P001,S03,dairy,34,40,6,0,2026-06-08T15:52:01.233946,1,0.3842
EVT253254,P017,S02,snacks,23,50,5,0,2026-06-08T15:52:01.233949,0,0.5402
EVT985307,P006,S03,bakery,8,35,11,0,2026-06-08T15:52:01.233952,1,0.761
EVT363608,P005,S03,dairy,14,40,9,0,2026-06-08T15:52:01.233954,1,0.6675
EVT825257,P004,S02,frozen,21,45,1,0,2026-06-08T15:52:01.233956,1,0.4594
EVT843700,P002,S02,household,25,30,4,0,2026-06-08T15:52:01.233959,1,0.3528
EVT394982,P019,S04,snacks,48,50,3,0,2026-06-08T15:52:01.233961,1,0.2763
EVT948026,P009,S01,frozen,11,45,14,1,2026-06-08T15:52:01.233963,0,0.6122
EVT546527,P006,S01,snacks,14,50,9,0,2026-06-08T15:52:01.233966,1,0.699
EVT436895,P006,S04,frozen,10,45,4,0,2026-06-08T15:52:01.233968,1,0.6278
EVT529444,P014,S04,household,21,30,3,0,2026-06-08T15:52:01.233971,0,0.3933
EVT600837,P003,S04,snacks,10,50,4,0,2026-06-08T15:52:01.233973,0,0.6378
EVT367597,P020,S03,frozen,22,45,5,0,2026-06-08T15:52:01.233976,0,0.5272
EVT829569,P003,S04,household,17,30,1,0,2026-06-08T15:52:01.233979,0,0.4144
EVT915198,P007,S01,frozen,9,45,15,0,2026-06-08T15:52:01.233983,1,0.8517
EVT387155,P006,S04,beverages,27,60,6,0,2026-06-08T15:52:01.233986,0,0.5642
EVT413014,P020,S02,frozen,3,45,0,0,2026-06-08T15:52:01.233989,1,0.62
EVT493347,P004,S04,frozen,33,45,1,0,2026-06-08T15:52:01.233992,0,0.3394
EVT803881,P012,S04,snacks,4,50,10,0,2026-06-08T15:52:01.233995,0,0.8084
EVT857906,P020,S01,snacks,1,50,11,0,2026-06-08T15:52:01.234002,1,0.8549
EVT702247,P015,S03,household,17,30,3,0,2026-06-08T15:52:01.234005,0,0.4533
EVT472883,P001,S04,beverages,32,60,4,0,2026-06-08T15:52:01.234008,0,0.4878
EVT567577,P005,S01,dairy,10,40,9,0,2026-06-08T15:52:01.234010,1,0.7125
EVT346875,P012,S02,snacks,45,50,4,1,2026-06-08T15:52:01.234013,0,0.1228
EVT166341,P013,S03,household,23,30,4,0,2026-06-08T15:52:01.234015,0,0.3828
EVT317653,P011,S01,snacks,6,50,2,0,2026-06-08T15:52:01.234018,0,0.6349
EVT843445,P013,S03,frozen,27,45,6,0,2026-06-08T15:52:01.234020,1,0.4967
EVT991119,P020,S04,frozen,2,45,13,1,2026-06-08T15:52:01.234023,1,0.6828
EVT759881,P012,S02,household,24,30,5,0,2026-06-08T15:52:01.234026,0,0.3872
EVT967174,P020,S04,bakery,33,35,5,1,2026-06-08T15:52:01.234031,1,0.1229
EVT746406,P018,S03,household,5,30,3,0,2026-06-08T15:52:01.234035,1,0.6333
EVT660454,P016,S04,dairy,25,40,6,0,2026-06-08T15:52:01.234038,1,0.4854
EVT392229,P016,S01,frozen,24,45,6,1,2026-06-08T15:52:01.234042,0,0.3267
EVT517947,P012,S04,snacks,24,50,0,0,2026-06-08T15:52:01.234045,1,0.434
EVT949858,P011,S04,beverages,10,60,7,0,2026-06-08T15:52:01.234048,1,0.7111
EVT701643,P019,S01,dairy,12,40,12,0,2026-06-08T15:52:01.234051,1,0.7483
EVT862054,P018,S04,frozen,40,45,5,0,2026-06-08T15:52:01.234054,0,0.3472
EVT506151,P013,S02,frozen,4,45,1,0,2026-06-08T15:52:01.234056,0,0.6294
EVT529710,P018,S03,bakery,14,35,16,0,2026-06-08T15:52:01.234060,1,0.7811
EVT481417,P008,S04,household,15,30,9,0,2026-06-08T15:52:01.234062,1,0.6
EVT730510,P002,S04,snacks,30,50,1,0,2026-06-08T15:52:01.234065,0,0.3994
EVT534254,P014,S03,snacks,22,50,3,0,2026-06-08T15:52:01.234067,1,0.5103
EVT980622,P004,S04,bakery,8,35,12,0,2026-06-08T15:52:01.234070,1,0.7805
EVT271465,P011,S04,beverages,12,60,11,0,2026-06-08T15:52:01.234072,1,0.7739
EVT997628,P010,S03,beverages,28,60,0,1,2026-06-08T15:52:01.234075,0,0.24
EVT274406,P001,S04,dairy,26,40,1,0,2026-06-08T15:52:01.234078,1,0.3769
EVT617051,P014,S01,frozen,8,45,12,0,2026-06-08T15:52:01.234080,1,0.8033
EVT864771,P014,S01,bakery,4,35,0,0,2026-06-08T15:52:01.234083,1,0.5986
EVT669614,P006,S02,beverages,52,60,2,0,2026-06-08T15:52:01.234086,0,0.2989
EVT651218,P004,S01,frozen,3,45,14,0,2026-06-08T15:52:01.234088,0,0.8922
EVT278983,P016,S01,frozen,26,45,2,0,2026-06-08T15:52:01.234090,0,0.4289
EVT386278,P020,S03,snacks,26,50,0,0,2026-06-08T15:52:01.234093,0,0.416
EVT856744,P007,S03,dairy,13,40,11,0,2026-06-08T15:52:01.234096,1,0.7176
EVT535236,P002,S03,household,26,30,4,1,2026-06-08T15:52:01.234098,0,0.1378
EVT623710,P015,S02,frozen,35,45,6,0,2026-06-08T15:52:01.234101,0,0.4167
EVT691314,P007,S02,household,13,30,14,0,2026-06-08T15:52:01.234103,1,0.7272
EVT684002,P012,S03,bakery,18,35,2,0,2026-06-08T15:52:01.234106,1,0.4575
EVT897883,P014,S01,frozen,16,45,15,0,2026-06-08T15:52:01.234109,1,0.7817
EVT947328,P006,S01,dairy,11,40,14,1,2026-06-08T15:52:01.234112,0,0.5985
EVT523544,P019,S02,bakery,20,35,0,1,2026-06-08T15:52:01.234119,0,0.1929
EVT126612,P004,S02,bakery,8,35,17,0,2026-06-08T15:52:01.234122,1,0.8777
EVT715105,P011,S01,snacks,30,50,0,0,2026-06-08T15:52:01.234125,0,0.38
EVT246717,P003,S04,frozen,5,45,13,0,2026-06-08T15:52:01.234127,1,0.8528
EVT661975,P004,S04,bakery,20,35,1,1,2026-06-08T15:52:01.234130,0,0.2123
EVT522621,P006,S03,bakery,15,35,1,0,2026-06-08T15:52:01.234132,1,0.4766
EVT713276,P011,S03,beverages,5,60,16,0,2026-06-08T15:52:01.234135,1,0.9236
EVT697855,P002,S01,snacks,42,50,3,0,2026-06-08T15:52:01.234138,0,0.3303
EVT438106,P016,S04,dairy,4,40,0,0,2026-06-08T15:52:01.234140,1,0.605
EVT233811,P014,S03,beverages,19,60,12,0,2026-06-08T15:52:01.234143,1,0.7408
EVT746518,P010,S01,bakery,1,35,7,1,2026-06-08T15:52:01.234146,1,0.5733
EVT975857,P006,S01,frozen,2,45,17,0,2026-06-08T15:52:01.234148,1,0.95
EVT615932,P014,S01,bakery,0,35,14,1,2026-06-08T15:52:01.234151,1,0.7222
EVT420082,P004,S03,frozen,16,45,10,0,2026-06-08T15:52:01.234153,1,0.6844
EVT746714,P005,S01,frozen,5,45,17,0,2026-06-08T15:52:01.234156,1,0.9306
EVT276861,P019,S02,household,13,30,5,0,2026-06-08T15:52:01.234159,1,0.5522
EVT295118,P017,S04,bakery,5,35,7,1,2026-06-08T15:52:01.234161,1,0.5218
EVT227751,P003,S02,dairy,6,40,1,0,2026-06-08T15:52:01.234164,1,0.6019
EVT980103,P008,S04,bakery,16,35,0,0,2026-06-08T15:52:01.234167,0,0.4443
EVT874219,P001,S03,frozen,1,45,10,0,2026-06-08T15:52:01.234169,1,0.8344
EVT537269,P005,S03,household,9,30,13,0,2026-06-08T15:52:01.234172,1,0.7678
EVT893889,P012,S04,dairy,29,40,2,0,2026-06-08T15:52:01.234175,0,0.3626
EVT939489,P017,S03,beverages,27,60,3,0,2026-06-08T15:52:01.234177,0,0.5058
EVT887172,P017,S03,snacks,23,50,1,0,2026-06-08T15:52:01.234180,1,0.4624
EVT887092,P013,S02,bakery,26,35,5,0,2026-06-08T15:52:01.234182,0,0.4129
EVT911962,P011,S03,beverages,0,60,9,1,2026-06-08T15:52:01.234185,1,0.625
EVT236908,P016,S02,snacks,36,50,4,0,2026-06-08T15:52:01.234187,0,0.4038
EVT364844,P020,S01,beverages,50,60,2,0,2026-06-08T15:52:01.234190,0,0.3139
EVT754010,P005,S01,household,14,30,3,0,2026-06-08T15:52:01.234193,1,0.4983
EVT758315,P010,S02,frozen,24,45,0,0,2026-06-08T15:52:01.234195,1,0.41
EVT413689,P004,S02,beverages,42,60,6,0,2026-06-08T15:52:01.234198,1,0.4517
EVT833012,P018,S04,snacks,48,50,3,0,2026-06-08T15:52:01.234200,1,0.2763
EVT526210,P016,S04,beverages,10,60,8,1,2026-06-08T15:52:01.234203,1,0.5306
EVT330206,P006,S01,frozen,31,45,2,0,2026-06-08T15:52:01.234205,0,0.3789
EVT324453,P002,S03,household,5,30,1,0,2026-06-08T15:52:01.234208,0,0.5944
EVT937844,P016,S02,beverages,6,60,3,0,2026-06-08T15:52:01.234210,1,0.6633
EVT771934,P003,S04,bakery,21,35,5,0,2026-06-08T15:52:01.234213,0,0.4772
EVT585950,P017,S01,snacks,42,50,2,0,2026-06-08T15:52:01.234215,0,0.3109
EVT480653,P011,S04,frozen,7,45,0,0,2026-06-08T15:52:01.234218,1,0.58
EVT573689,P001,S03,bakery,17,35,1,0,2026-06-08T15:52:01.234224,1,0.4509
EVT763664,P006,S02,household,4,30,11,0,2026-06-08T15:52:01.234227,1,0.8039
EVT448337,P017,S01,beverages,8,60,13,0,2026-06-08T15:52:01.234229,1,0.8428
EVT207769,P012,S04,household,6,30,17,0,2026-06-08T15:52:01.234232,1,0.8906
EVT426173,P019,S02,snacks,3,50,4,0,2026-06-08T15:52:01.234234,1,0.7008
EVT358721,P013,S04,bakery,1,35,5,0,2026-06-08T15:52:01.234237,1,0.7344
EVT505791,P007,S04,snacks,8,50,8,1,2026-06-08T15:52:01.234240,1,0.5336
EVT459872,P019,S01,beverages,52,60,6,0,2026-06-08T15:52:01.234243,1,0.3767
EVT714854,P013,S03,beverages,18,60,15,0,2026-06-08T15:52:01.234245,1,0.8067
EVT257412,P020,S04,bakery,3,35,14,0,2026-06-08T15:52:01.234248,1,0.8837
EVT424296,P016,S03,snacks,4,50,11,1,2026-06-08T15:52:01.234250,1,0.6279
EVT837633,P013,S04,dairy,7,40,13,1,2026-06-08T15:52:01.234253,1,0.624
EVT493415,P010,S02,snacks,37,50,2,0,2026-06-08T15:52:01.234256,1,0.3559
EVT671420,P012,S01,bakery,26,35,2,0,2026-06-08T15:52:01.234259,1,0.3546
EVT463810,P010,S02,snacks,38,50,0,0,2026-06-08T15:52:01.234261,0,0.308
EVT435178,P009,S04,beverages,27,60,13,0,2026-06-08T15:52:01.234264,1,0.7003
EVT193873,P019,S01,bakery,8,35,5,0,2026-06-08T15:52:01.234267,1,0.6444
EVT306839,P017,S04,beverages,47,60,0,1,2026-06-08T15:52:01.234269,0,0.0975
EVT496689,P009,S04,household,7,30,13,0,2026-06-08T15:52:01.234272,0,0.7978
EVT931966,P013,S03,frozen,42,45,4,0,2026-06-08T15:52:01.234275,0,0.3078
EVT896300,P005,S01,snacks,7,50,12,0,2026-06-08T15:52:01.234277,1,0.8203
EVT356049,P015,S02,bakery,0,35,4,0,2026-06-08T15:52:01.234280,0,0.7278
EVT565268,P016,S02,beverages,7,60,13,1,2026-06-08T15:52:01.234282,1,0.6503
EVT888977,P011,S03,household,19,30,5,0,2026-06-08T15:52:01.234285,0,0.4622
EVT962259,P020,S04,snacks,48,50,0,0,2026-06-08T15:52:01.234287,1,0.218
EVT482042,P019,S02,bakery,19,35,6,0,2026-06-08T15:52:01.234290,0,0.5224
EVT146946,P019,S04,bakery,11,35,14,0,2026-06-08T15:52:01.234293,1,0.7808
EVT176666,P019,S03,snacks,4,50,3,0,2026-06-08T15:52:01.234296,1,0.6723
EVT253536,P006,S03,frozen,27,45,0,0,2026-06-08T15:52:01.234298,0,0.38
EVT366663,P019,S02,frozen,30,45,2,0,2026-06-08T15:52:01.234301,1,0.3889
EVT969940,P005,S03,household,21,30,2,0,2026-06-08T15:52:01.234303,0,0.3739
EVT289641,P006,S03,household,13,30,10,0,2026-06-08T15:52:01.234306,1,0.6494
EVT940719,P009,S04,snacks,42,50,3,0,2026-06-08T15:52:01.234309,0,0.3303
EVT373402,P010,S04,beverages,55,60,1,0,2026-06-08T15:52:01.234311,0,0.2569
EVT912961,P018,S01,snacks,26,50,0,0,2026-06-08T15:52:01.234314,1,0.416
EVT492272,P012,S04,frozen,44,45,2,0,2026-06-08T15:52:01.234316,0,0.2489
EVT853823,P002,S03,beverages,5,60,11,0,2026-06-08T15:52:01.234319,1,0.8264
EVT720041,P009,S04,frozen,11,45,6,0,2026-06-08T15:52:01.234321,0,0.6567
EVT276185,P011,S01,beverages,19,60,8,0,2026-06-08T15:52:01.234330,1,0.6631
EVT504009,P005,S04,beverages,29,60,6,0,2026-06-08T15:52:01.234333,1,0.5492
EVT124199,P003,S01,snacks,31,50,1,0,2026-06-08T15:52:01.234335,0,0.3904
EVT120106,P012,S01,dairy,19,40,1,0,2026-06-08T15:52:01.234338,0,0.4557
EVT838925,P016,S03,dairy,0,40,15,1,2026-06-08T15:52:01.234340,1,0.7417
EVT651876,P005,S02,bakery,25,35,2,0,2026-06-08T15:52:01.234343,1,0.3675
EVT343639,P020,S02,frozen,8,45,8,1,2026-06-08T15:52:01.234346,0,0.5256
EVT873568,P002,S03,dairy,29,40,1,1,2026-06-08T15:52:01.234348,1,0.1432
EVT249131,P002,S01,bakery,16,35,6,0,2026-06-08T15:52:01.234351,0,0.561
EVT785231,P006,S04,dairy,2,40,17,0,2026-06-08T15:52:01.234353,0,0.95
EVT659617,P012,S01,household,6,30,12,1,2026-06-08T15:52:01.234356,1,0.5933
EVT604867,P006,S04,beverages,13,60,16,0,2026-06-08T15:52:01.234359,1,0.8636
EVT675958,P009,S01,household,11,30,12,0,2026-06-08T15:52:01.234361,1,0.7183
EVT558597,P016,S02,beverages,12,60,9,0,2026-06-08T15:52:01.234364,1,0.735
EVT378846,P007,S04,dairy,24,40,6,0,2026-06-08T15:52:01.234366,0,0.4967
EVT228568,P010,S04,dairy,28,40,5,0,2026-06-08T15:52:01.234369,0,0.4322
EVT810634,P015,S01,beverages,41,60,2,0,2026-06-08T15:52:01.234372,0,0.3814
EVT387715,P020,S04,bakery,5,35,17,0,2026-06-08T15:52:01.234374,1,0.9163
EVT954714,P013,S04,dairy,33,40,5,0,2026-06-08T15:52:01.234377,0,0.376
EVT263200,P008,S04,dairy,38,40,2,0,2026-06-08T15:52:01.234380,0,0.2614
EVT609305,P018,S02,bakery,10,35,11,0,2026-06-08T15:52:01.234382,1,0.7353
EVT174134,P017,S02,snacks,1,50,13,1,2026-06-08T15:52:01.234385,1,0.6938
EVT338466,P019,S02,frozen,4,45,4,0,2026-06-08T15:52:01.234388,0,0.6878
EVT689606,P009,S02,beverages,9,60,1,0,2026-06-08T15:52:01.234390,0,0.6019
EVT108066,P001,S03,bakery,17,35,6,0,2026-06-08T15:52:01.234393,1,0.5481
EVT879026,P001,S03,beverages,49,60,0,0,2026-06-08T15:52:01.234396,0,0.2825
EVT705407,P003,S03,bakery,11,35,9,0,2026-06-08T15:52:01.234399,1,0.6836
EVT965812,P012,S01,frozen,33,45,6,0,2026-06-08T15:52:01.234402,1,0.4367
EVT795287,P004,S02,bakery,9,35,11,0,2026-06-08T15:52:01.234404,1,0.7482
EVT501479,P007,S01,snacks,22,50,5,0,2026-06-08T15:52:01.234407,0,0.5492
EVT855019,P016,S03,household,12,30,13,0,2026-06-08T15:52:01.234410,1,0.7228
EVT532158,P020,S02,snacks,40,50,5,0,2026-06-08T15:52:01.234412,0,0.3872
EVT647000,P005,S02,household,10,30,12,0,2026-06-08T15:52:01.234415,1,0.7333
EVT323256,P010,S01,household,10,30,0,0,2026-06-08T15:52:01.234417,1,0.5
EVT128408,P009,S01,bakery,20,35,6,0,2026-06-08T15:52:01.234420,1,0.5095
EVT632076,P006,S02,beverages,37,60,4,1,2026-06-08T15:52:01.234422,0,0.2503
EVT634676,P006,S02,dairy,4,40,18,0,2026-06-08T15:52:01.234425,1,0.95
EVT739111,P018,S02,dairy,5,40,15,0,2026-06-08T15:52:01.234427,0,0.8854
EVT509145,P001,S03,frozen,44,45,5,0,2026-06-08T15:52:01.234429,0,0.3072
EVT708758,P014,S03,household,9,30,6,1,2026-06-08T15:52:01.234435,1,0.4317
EVT698504,P006,S04,beverages,33,60,0,0,2026-06-08T15:52:01.234437,0,0.4025
EVT207573,P003,S03,frozen,2,45,4,0,2026-06-08T15:52:01.234440,1,0.7078
EVT387638,P016,S04,bakery,27,35,3,0,2026-06-08T15:52:01.234442,0,0.3612
EVT233493,P006,S01,snacks,0,50,10,1,2026-06-08T15:52:01.234444,1,0.6444
EVT867583,P006,S04,household,12,30,12,0,2026-06-08T15:52:01.234447,1,0.7033
EVT264559,P007,S03,snacks,12,50,8,0,2026-06-08T15:52:01.234449,1,0.6976
EVT948466,P015,S04,snacks,25,50,0,0,2026-06-08T15:52:01.234452,1,0.425
EVT398969,P014,S01,snacks,9,50,3,0,2026-06-08T15:52:01.234454,1,0.6273
EVT160895,P017,S04,beverages,56,60,6,0,2026-06-08T15:52:01.234457,0,0.3467
EVT707559,P004,S04,household,28,30,0,0,2026-06-08T15:52:01.234459,0,0.23
EVT382968,P009,S04,bakery,23,35,5,0,2026-06-08T15:52:01.234462,0,0.4515
EVT774540,P015,S01,household,5,30,18,0,2026-06-08T15:52:01.234464,1,0.925
EVT945889,P015,S03,beverages,59,60,3,1,2026-06-08T15:52:01.234466,0,0.0658
EVT893948,P015,S02,frozen,33,45,3,0,2026-06-08T15:52:01.234469,1,0.3783
EVT824518,P020,S02,snacks,31,50,6,0,2026-06-08T15:52:01.234471,0,0.4877
EVT115303,P015,S01,snacks,35,50,2,0,2026-06-08T15:52:01.234473,1,0.3739
EVT788020,P020,S01,beverages,24,60,12,0,2026-06-08T15:52:01.234476,1,0.7033
EVT479663,P004,S03,bakery,23,35,2,0,2026-06-08T15:52:01.234479,0,0.3932
EVT524890,P014,S01,bakery,34,35,3,0,2026-06-08T15:52:01.234481,1,0.2712
EVT240067,P011,S01,frozen,41,45,4,0,2026-06-08T15:52:01.234484,0,0.3178
EVT371355,P017,S04,dairy,5,40,15,1,2026-06-08T15:52:01.234486,1,0.6854
EVT371422,P013,S02,beverages,44,60,5,0,2026-06-08T15:52:01.234488,1,0.4172
EVT213861,P005,S03,household,29,30,2,0,2026-06-08T15:52:01.234490,0,0.2539
EVT118449,P006,S01,bakery,6,35,7,1,2026-06-08T15:52:01.234493,1,0.509
EVT886970,P019,S02,bakery,20,35,0,0,2026-06-08T15:52:01.234495,0,0.3929
EVT788186,P006,S04,bakery,35,35,2,0,2026-06-08T15:52:01.234498,0,0.2389
EVT579555,P017,S01,snacks,2,50,11,1,2026-06-08T15:52:01.234500,0,0.6459
EVT570544,P012,S02,snacks,29,50,1,0,2026-06-08T15:52:01.234502,0,0.4084
EVT341573,P003,S01,beverages,45,60,5,0,2026-06-08T15:52:01.234505,0,0.4097
EVT341508,P006,S04,bakery,10,35,8,0,2026-06-08T15:52:01.234507,1,0.677
EVT412727,P018,S03,bakery,28,35,4,0,2026-06-08T15:52:01.234510,1,0.3678
EVT466504,P019,S04,snacks,7,50,8,1,2026-06-08T15:52:01.234512,1,0.5426
EVT483558,P014,S02,snacks,15,50,11,0,2026-06-08T15:52:01.234514,1,0.7289
EVT905862,P018,S02,bakery,13,35,15,0,2026-06-08T15:52:01.234517,1,0.7745
EVT148493,P005,S04,dairy,14,40,9,0,2026-06-08T15:52:01.234519,1,0.6675
EVT459706,P013,S04,bakery,6,35,18,0,2026-06-08T15:52:01.234521,1,0.9229
EVT145436,P019,S02,frozen,13,45,6,0,2026-06-08T15:52:01.234524,1,0.6367
EVT322947,P005,S04,snacks,11,50,7,1,2026-06-08T15:52:01.234526,1,0.4871
EVT414129,P002,S01,bakery,23,35,1,0,2026-06-08T15:52:01.234536,0,0.3737
EVT854414,P005,S04,household,20,30,4,0,2026-06-08T15:52:01.234538,0,0.4278
EVT773822,P014,S01,snacks,50,50,5,0,2026-06-08T15:52:01.234541,0,0.2972
EVT711354,P007,S02,beverages,27,60,3,0,2026-06-08T15:52:01.234543,1,0.5058
EVT701783,P012,S01,frozen,17,45,15,0,2026-06-08T15:52:01.234546,1,0.7717
EVT620235,P013,S04,frozen,16,45,8,0,2026-06-08T15:52:01.234549,1,0.6456
EVT247607,P009,S02,beverages,16,60,16,0,2026-06-08T15:52:01.234551,1,0.8411
EVT815976,P017,S02,bakery,28,35,6,0,2026-06-08T15:52:01.234554,0,0.4067
EVT639809,P006,S02,dairy,16,40,9,0,2026-06-08T15:52:01.234556,1,0.645
EVT873728,P017,S04,beverages,39,60,6,0,2026-06-08T15:52:01.234559,0,0.4742
EVT716463,P004,S04,dairy,21,40,2,0,2026-06-08T15:52:01.234561,1,0.4526
EVT717150,P010,S04,dairy,32,40,5,0,2026-06-08T15:52:01.234564,0,0.3872
EVT105820,P019,S04,dairy,21,40,2,0,2026-06-08T15:52:01.234566,0,0.4526
EVT502784,P016,S03,household,21,30,0,0,2026-06-08T15:52:01.234569,1,0.335
EVT573122,P004,S04,frozen,42,45,0,0,2026-06-08T15:52:01.234571,0,0.23
EVT813755,P020,S04,beverages,34,60,3,0,2026-06-08T15:52:01.234573,1,0.4533
EVT365757,P005,S02,snacks,26,50,4,0,2026-06-08T15:52:01.234575,0,0.4938
EVT191847,P012,S03,frozen,8,45,12,0,2026-06-08T15:52:01.234578,1,0.8033
EVT272164,P007,S01,household,8,30,5,0,2026-06-08T15:52:01.234580,1,0.6272
EVT996145,P001,S03,snacks,36,50,3,0,2026-06-08T15:52:01.234583,1,0.3843
EVT284654,P011,S04,snacks,43,50,3,0,2026-06-08T15:52:01.234585,0,0.3213
EVT698704,P001,S01,frozen,39,45,0,0,2026-06-08T15:52:01.234587,0,0.26
EVT904258,P005,S04,dairy,11,40,8,0,2026-06-08T15:52:01.234590,0,0.6818
EVT503757,P017,S02,bakery,14,35,9,0,2026-06-08T15:52:01.234593,0,0.645
EVT805758,P016,S01,household,4,30,11,0,2026-06-08T15:52:01.234595,1,0.8039
EVT972901,P002,S04,bakery,10,35,14,1,2026-06-08T15:52:01.234597,1,0.5937
EVT817636,P020,S03,frozen,31,45,2,0,2026-06-08T15:52:01.234599,0,0.3789
EVT600745,P020,S01,frozen,39,45,1,0,2026-06-08T15:52:01.234602,0,0.2794
EVT637077,P007,S03,dairy,34,40,4,0,2026-06-08T15:52:01.234604,1,0.3453
EVT829595,P002,S02,frozen,31,45,2,0,2026-06-08T15:52:01.234607,1,0.3789
EVT525350,P001,S04,dairy,30,40,6,0,2026-06-08T15:52:01.234609,1,0.4292
EVT668332,P003,S02,frozen,37,45,2,0,2026-06-08T15:52:01.234611,0,0.3189
EVT428610,P010,S03,beverages,29,60,5,0,2026-06-08T15:52:01.234614,0,0.5297
EVT649361,P005,S03,snacks,9,50,7,0,2026-06-08T15:52:01.234616,1,0.7051
EVT142755,P007,S01,snacks,47,50,5,0,2026-06-08T15:52:01.234619,0,0.3242
EVT694252,P014,S04,household,6,30,2,0,2026-06-08T15:52:01.234621,1,0.5989
EVT143394,P007,S04,beverages,10,60,7,1,2026-06-08T15:52:01.234623,1,0.5111
EVT451455,P008,S04,snacks,8,50,4,0,2026-06-08T15:52:01.234625,1,0.6558
EVT511478,P018,S02,household,30,30,1,0,2026-06-08T15:52:01.234628,0,0.2194
EVT263389,P018,S03,snacks,3,50,5,0,2026-06-08T15:52:01.234631,1,0.7202
EVT245864,P019,S02,household,18,30,0,0,2026-06-08T15:52:01.234633,1,0.38
EVT246196,P006,S03,snacks,34,50,5,0,2026-06-08T15:52:01.234635,0,0.4412
EVT731521,P004,S03,dairy,6,40,10,0,2026-06-08T15:52:01.234638,1,0.7769
EVT145690,P014,S02,bakery,8,35,12,0,2026-06-08T15:52:01.234644,1,0.7805
EVT437792,P010,S04,household,19,30,3,0,2026-06-08T15:52:01.234647,1,0.4233
EVT665120,P020,S01,frozen,5,45,14,0,2026-06-08T15:52:01.234649,0,0.8722
EVT955199,P008,S02,household,26,30,4,0,2026-06-08T15:52:01.234652,0,0.3378
EVT935353,P010,S04,beverages,16,60,12,0,2026-06-08T15:52:01.234654,1,0.7633
EVT990853,P007,S04,bakery,31,35,6,0,2026-06-08T15:52:01.234656,1,0.3681
EVT997154,P012,S02,household,15,30,8,1,2026-06-08T15:52:01.234659,1,0.3806
EVT216820,P019,S01,frozen,28,45,5,0,2026-06-08T15:52:01.234661,0,0.4672
EVT724089,P010,S01,snacks,29,50,6,0,2026-06-08T15:52:01.234664,1,0.5057
EVT518847,P004,S01,bakery,34,35,3,0,2026-06-08T15:52:01.234666,0,0.2712
EVT548294,P019,S02,dairy,20,40,0,0,2026-06-08T15:52:01.234669,0,0.425
EVT634270,P004,S03,beverages,12,60,16,0,2026-06-08T15:52:01.234671,1,0.8711
EVT556420,P008,S02,frozen,7,45,18,0,2026-06-08T15:52:01.234673,1,0.93
EVT777877,P016,S04,household,6,30,16,0,2026-06-08T15:52:01.234676,0,0.8711
EVT610827,P004,S04,dairy,2,40,13,1,2026-06-08T15:52:01.234678,1,0.6803
EVT288229,P002,S04,snacks,32,50,2,0,2026-06-08T15:52:01.234681,0,0.4009
EVT248313,P015,S02,household,27,30,1,0,2026-06-08T15:52:01.234684,0,0.2644
EVT618844,P008,S04,beverages,10,60,5,0,2026-06-08T15:52:01.234686,1,0.6722
EVT274231,P001,S04,frozen,18,45,11,1,2026-06-08T15:52:01.234689,0,0.4839
EVT348593,P004,S04,bakery,31,35,5,0,2026-06-08T15:52:01.234691,1,0.3487
EVT390943,P003,S03,beverages,1,60,15,0,2026-06-08T15:52:01.234693,1,0.9342
EVT406674,P005,S02,bakery,22,35,1,0,2026-06-08T15:52:01.234696,0,0.3866
EVT811185,P003,S02,snacks,31,50,6,0,2026-06-08T15:52:01.234698,0,0.4877
EVT733946,P010,S04,dairy,7,40,16,0,2026-06-08T15:52:01.234700,1,0.8824
EVT922912,P001,S03,frozen,10,45,0,0,2026-06-08T15:52:01.234703,0,0.55
EVT938840,P016,S02,frozen,5,45,10,1,2026-06-08T15:52:01.234705,1,0.5944
EVT105555,P018,S04,bakery,2,35,12,1,2026-06-08T15:52:01.234707,1,0.6576
EVT429024,P008,S03,dairy,5,40,12,0,2026-06-08T15:52:01.234710,1,0.8271
EVT757477,P015,S01,household,6,30,11,0,2026-06-08T15:52:01.234712,1,0.7739
EVT856653,P018,S04,dairy,7,40,14,1,2026-06-08T15:52:01.234714,1,0.6435
EVT446565,P012,S03,beverages,3,60,12,1,2026-06-08T15:52:01.234717,1,0.6608
EVT394050,P010,S02,beverages,6,60,5,0,2026-06-08T15:52:01.234719,0,0.7022
EVT258811,P017,S03,bakery,1,35,8,1,2026-06-08T15:52:01.234722,1,0.5927
EVT998950,P007,S01,beverages,8,60,15,0,2026-06-08T15:52:01.234724,1,0.8817
EVT360333,P017,S03,household,3,30,13,1,2026-06-08T15:52:01.234726,1,0.6578
EVT438884,P012,S04,dairy,6,40,7,1,2026-06-08T15:52:01.234737,1,0.5186
EVT926775,P005,S04,bakery,3,35,18,0,2026-06-08T15:52:01.234740,1,0.95
EVT724998,P020,S04,snacks,34,50,0,0,2026-06-08T15:52:01.234742,0,0.344
EVT600006,P017,S02,frozen,12,45,11,0,2026-06-08T15:52:01.234744,1,0.7439
EVT167996,P014,S02,frozen,5,45,14,0,2026-06-08T15:52:01.234747,0,0.8722
EVT556555,P009,S04,household,1,30,6,1,2026-06-08T15:52:01.234749,0,0.5517
EVT482496,P006,S03,snacks,28,50,0,0,2026-06-08T15:52:01.234751,0,0.398
EVT858184,P020,S03,bakery,10,35,7,0,2026-06-08T15:52:01.234754,0,0.6575
EVT573785,P007,S02,beverages,7,60,1,0,2026-06-08T15:52:01.234756,0,0.6169
EVT201854,P019,S04,beverages,30,60,0,0,2026-06-08T15:52:01.234758,1,0.425
EVT851322,P018,S01,snacks,47,50,4,0,2026-06-08T15:52:01.234761,0,0.3048
EVT501404,P015,S02,household,5,30,17,0,2026-06-08T15:52:01.234763,1,0.9056
EVT280629,P015,S03,household,30,30,3,0,2026-06-08T15:52:01.234765,0,0.2583
EVT683004,P003,S01,dairy,16,40,9,1,2026-06-08T15:52:01.234768,1,0.445
EVT105964,P008,S03,frozen,7,45,16,0,2026-06-08T15:52:01.234770,1,0.8911
EVT335971,P017,S03,snacks,35,50,4,0,2026-06-08T15:52:01.234772,0,0.4128
EVT260320,P009,S03,frozen,5,45,17,0,2026-06-08T15:52:01.234774,1,0.9306
EVT187826,P009,S03,snacks,15,50,12,0,2026-06-08T15:52:01.234777,0,0.7483
EVT321075,P004,S02,frozen,28,45,2,0,2026-06-08T15:52:01.234779,1,0.4089
EVT521059,P006,S04,household,19,30,3,1,2026-06-08T15:52:01.234782,1,0.2233
EVT723165,P001,S03,frozen,8,45,6,1,2026-06-08T15:52:01.234785,1,0.4867
EVT289418,P009,S02,beverages,2,60,18,0,2026-06-08T15:52:01.234787,1,0.95
EVT451522,P012,S02,frozen,5,45,14,0,2026-06-08T15:52:01.234807,0,0.8722
EVT679080,P007,S01,frozen,38,45,2,0,2026-06-08T15:52:01.234811,0,0.3089
EVT424954,P001,S04,household,27,30,3,1,2026-06-08T15:52:01.234814,0,0.1033
EVT265530,P012,S01,bakery,8,35,6,0,2026-06-08T15:52:01.234818,0,0.6638
EVT190702,P010,S02,household,10,30,14,0,2026-06-08T15:52:01.234821,0,0.7722
EVT878549,P005,S03,snacks,45,50,0,0,2026-06-08T15:52:01.234825,0,0.245
EVT881960,P014,S01,dairy,4,40,10,0,2026-06-08T15:52:01.234828,1,0.7994
EVT802367,P016,S01,dairy,18,40,10,1,2026-06-08T15:52:01.234832,1,0.4419
EVT525982,P006,S04,bakery,5,35,3,0,2026-06-08T15:52:01.234835,1,0.644
EVT679079,P014,S02,bakery,1,35,2,0,2026-06-08T15:52:01.234838,1,0.676
EVT269446,P010,S04,snacks,18,50,12,0,2026-06-08T15:52:01.234841,1,0.7213
EVT990874,P008,S03,frozen,30,45,4,0,2026-06-08T15:52:01.234843,0,0.4278
EVT549902,P012,S04,snacks,45,50,4,0,2026-06-08T15:52:01.234846,1,0.3228
EVT779067,P019,S04,beverages,7,60,17,0,2026-06-08T15:52:01.234849,0,0.9281
EVT249823,P006,S01,snacks,45,50,0,0,2026-06-08T15:52:01.234851,0,0.245
EVT451753,P018,S01,frozen,5,45,11,0,2026-06-08T15:52:01.234854,1,0.8139
EVT595114,P003,S04,beverages,58,60,0,0,2026-06-08T15:52:01.234856,0,0.215
EVT515910,P006,S03,beverages,47,60,2,0,2026-06-08T15:52:01.234875,1,0.3364
EVT282692,P018,S02,dairy,32,40,1,0,2026-06-08T15:52:01.234878,0,0.3094
EVT226781,P016,S04,beverages,18,60,11,0,2026-06-08T15:52:01.234881,1,0.7289
EVT184386,P020,S03,household,25,30,5,0,2026-06-08T15:52:01.234884,0,0.3722
EVT498661,P017,S01,snacks,10,50,6,1,2026-06-08T15:52:01.234886,1,0.4767
EVT413727,P013,S04,beverages,1,60,15,0,2026-06-08T15:52:01.234889,1,0.9342
EVT848863,P010,S02,beverages,23,60,16,0,2026-06-08T15:52:01.234891,1,0.7886
EVT661015,P009,S04,beverages,57,60,4,0,2026-06-08T15:52:01.234894,0,0.3003
EVT259452,P004,S04,household,14,30,7,0,2026-06-08T15:52:01.234896,1,0.5761
EVT207563,P012,S04,beverages,52,60,6,0,2026-06-08T15:52:01.234899,0,0.3767
EVT991434,P017,S04,beverages,2,60,6,1,2026-06-08T15:52:01.234902,1,0.5517
EVT246464,P015,S03,frozen,31,45,6,0,2026-06-08T15:52:01.234904,0,0.4567
EVT307748,P008,S03,bakery,15,35,11,0,2026-06-08T15:52:01.234907,1,0.671
EVT494852,P001,S01,frozen,6,45,9,1,2026-06-08T15:52:01.234910,1,0.565
EVT868043,P012,S01,frozen,22,45,5,0,2026-06-08T15:52:01.234912,1,0.5272
EVT429622,P018,S04,dairy,9,40,9,0,2026-06-08T15:52:01.234915,1,0.7237
EVT410674,P003,S02,snacks,40,50,3,0,2026-06-08T15:52:01.234917,1,0.3483
EVT701374,P018,S03,snacks,6,50,4,0,2026-06-08T15:52:01.234920,1,0.6738
EVT126228,P011,S04,household,1,30,5,0,2026-06-08T15:52:01.234923,1,0.7322
EVT918813,P015,S04,frozen,4,45,14,1,2026-06-08T15:52:01.234926,1,0.6822
EVT421628,P019,S02,household,28,30,0,1,2026-06-08T15:52:01.234929,0,0.05
EVT446766,P010,S04,beverages,56,60,5,0,2026-06-08T15:52:01.234932,1,0.3272
EVT243581,P019,S03,household,9,30,11,0,2026-06-08T15:52:01.234935,1,0.7289
EVT761954,P001,S03,frozen,23,45,4,0,2026-06-08T15:52:01.234938,0,0.4978
EVT427965,P003,S02,snacks,18,50,13,0,2026-06-08T15:52:01.234940,1,0.7408
EVT750399,P005,S03,bakery,18,35,1,0,2026-06-08T15:52:01.234943,0,0.438
EVT473453,P019,S03,beverages,1,60,10,0,2026-06-08T15:52:01.234945,1,0.8369
EVT447829,P004,S01,household,9,30,10,0,2026-06-08T15:52:01.234948,1,0.7094
EVT910916,P009,S03,frozen,31,45,2,0,2026-06-08T15:52:01.234950,0,0.3789
EVT425821,P013,S04,snacks,31,50,6,0,2026-06-08T15:52:01.234953,0,0.4877
EVT526069,P012,S01,snacks,29,50,4,0,2026-06-08T15:52:01.234956,0,0.4668
EVT617053,P009,S04,household,4,30,10,0,2026-06-08T15:52:01.234958,1,0.7844
EVT387832,P004,S01,dairy,27,40,2,0,2026-06-08T15:52:01.234961,0,0.3851
EVT482307,P020,S01,dairy,31,40,1,0,2026-06-08T15:52:01.234963,0,0.3207
EVT302187,P019,S03,dairy,17,40,10,0,2026-06-08T15:52:01.234967,1,0.6532
EVT268954,P018,S02,snacks,38,50,6,0,2026-06-08T15:52:01.234970,1,0.4247
EVT484997,P005,S02,frozen,21,45,0,0,2026-06-08T15:52:01.234972,0,0.44
EVT226918,P012,S02,beverages,29,60,4,0,2026-06-08T15:52:01.234975,1,0.5103
EVT457426,P010,S03,household,21,30,3,0,2026-06-08T15:52:01.234977,0,0.3933
EVT147540,P011,S02,frozen,32,45,5,0,2026-06-08T15:52:01.234985,0,0.4272
EVT698149,P001,S02,frozen,36,45,6,0,2026-06-08T15:52:01.234987,0,0.4067
EVT247505,P015,S04,beverages,1,60,2,0,2026-06-08T15:52:01.234990,0,0.6814
EVT777407,P012,S01,snacks,49,50,1,0,2026-06-08T15:52:01.234992,0,0.2284
EVT527157,P016,S01,snacks,35,50,5,0,2026-06-08T15:52:01.234995,1,0.4322
EVT538985,P015,S02,dairy,15,40,16,0,2026-06-08T15:52:01.234998,1,0.7924
EVT740195,P001,S02,household,3,30,16,0,2026-06-08T15:52:01.235000,1,0.9161
EVT876123,P006,S01,frozen,6,45,11,0,2026-06-08T15:52:01.235003,1,0.8039
EVT567794,P018,S03,dairy,5,40,0,0,2026-06-08T15:52:01.235006,1,0.5938
EVT163337,P017,S02,household,23,30,5,0,2026-06-08T15:52:01.235008,1,0.4022
EVT957042,P019,S03,bakery,16,35,8,0,2026-06-08T15:52:01.235011,1,0.5998
EVT606941,P010,S02,frozen,9,45,4,0,2026-06-08T15:52:01.235014,1,0.6378
EVT378271,P006,S01,beverages,34,60,3,0,2026-06-08T15:52:01.235016,1,0.4533
EVT367528,P008,S02,bakery,16,35,4,0,2026-06-08T15:52:01.235019,0,0.5221
EVT407109,P011,S02,dairy,35,40,5,0,2026-06-08T15:52:01.235022,1,0.3535
EVT539497,P016,S04,snacks,0,50,16,0,2026-06-08T15:52:01.235025,0,0.95
EVT312937,P009,S03,household,5,30,13,0,2026-06-08T15:52:01.235027,0,0.8278
EVT829509,P011,S03,frozen,0,45,10,0,2026-06-08T15:52:01.235030,1,0.8444
EVT155012,P002,S04,frozen,40,45,6,1,2026-06-08T15:52:01.235032,0,0.1667
EVT646636,P003,S04,frozen,1,45,18,0,2026-06-08T15:52:01.235035,1,0.95
EVT523731,P005,S01,beverages,5,60,17,0,2026-06-08T15:52:01.235038,1,0.9431
EVT374026,P007,S01,snacks,29,50,4,0,2026-06-08T15:52:01.235040,1,0.4668
EVT182612,P004,S01,bakery,5,35,14,0,2026-06-08T15:52:01.235043,1,0.8579
EVT768796,P011,S04,frozen,8,45,11,0,2026-06-08T15:52:01.235045,1,0.7839
EVT269970,P018,S01,frozen,12,45,12,1,2026-06-08T15:52:01.235048,0,0.5633
EVT208067,P019,S04,beverages,30,60,6,0,2026-06-08T15:52:01.235051,0,0.5417
EVT860338,P010,S01,dairy,39,40,6,0,2026-06-08T15:52:01.235053,0,0.3279
EVT170723,P010,S04,beverages,44,60,1,0,2026-06-08T15:52:01.235056,0,0.3394
EVT658740,P013,S03,snacks,44,50,6,0,2026-06-08T15:52:01.235058,0,0.3707
EVT365338,P017,S01,household,0,30,12,0,2026-06-08T15:52:01.235061,1,0.8833
EVT155840,P012,S04,snacks,47,50,0,0,2026-06-08T15:52:01.235064,1,0.227
EVT373665,P020,S01,snacks,31,50,4,0,2026-06-08T15:52:01.235067,0,0.4488
EVT459887,P011,S04,bakery,5,35,10,0,2026-06-08T15:52:01.235069,1,0.7802
EVT422003,P019,S04,household,20,30,3,0,2026-06-08T15:52:01.235072,1,0.4083
EVT334020,P012,S04,household,15,30,9,1,2026-06-08T15:52:01.235075,0,0.4
EVT780560,P006,S02,beverages,11,60,10,1,2026-06-08T15:52:01.235077,0,0.5619
EVT244382,P010,S02,beverages,18,60,14,0,2026-06-08T15:52:01.235080,1,0.7872
EVT525251,P003,S01,bakery,24,35,5,1,2026-06-08T15:52:01.235082,0,0.2387
EVT126215,P009,S03,household,17,30,0,0,2026-06-08T15:52:01.235085,1,0.395
EVT259592,P016,S02,snacks,48,50,1,0,2026-06-08T15:52:01.235088,1,0.2374
EVT916417,P009,S03,snacks,12,50,11,1,2026-06-08T15:52:01.235091,1,0.5559
EVT505570,P006,S04,dairy,23,40,6,0,2026-06-08T15:52:01.235093,0,0.5079
EVT695082,P013,S01,household,8,30,12,1,2026-06-08T15:52:01.235096,0,0.5633
EVT622719,P004,S02,household,22,30,6,0,2026-06-08T15:52:01.235098,1,0.4367
EVT365116,P008,S01,household,1,30,0,0,2026-06-08T15:52:01.235101,1,0.635
EVT468115,P015,S02,bakery,24,35,6,1,2026-06-08T15:52:01.235103,1,0.2581
EVT407113,P003,S03,beverages,46,60,0,1,2026-06-08T15:52:01.235109,1,0.105
EVT525572,P004,S01,frozen,36,45,0,1,2026-06-08T15:52:01.235112,0,0.09
EVT535950,P010,S02,frozen,26,45,5,0,2026-06-08T15:52:01.235115,0,0.4872
EVT517135,P013,S04,frozen,6,45,13,0,2026-06-08T15:52:01.235118,1,0.8428
EVT444976,P007,S01,beverages,43,60,0,0,2026-06-08T15:52:01.235120,0,0.3275
EVT299351,P018,S04,snacks,5,50,6,1,2026-06-08T15:52:01.235123,0,0.5217
EVT449566,P002,S02,household,3,30,12,1,2026-06-08T15:52:01.235125,1,0.6383
EVT301605,P004,S04,bakery,8,35,0,0,2026-06-08T15:52:01.235128,1,0.5471
EVT503113,P008,S02,household,30,30,4,0,2026-06-08T15:52:01.235131,0,0.2778
EVT127415,P008,S01,snacks,35,50,3,0,2026-06-08T15:52:01.235133,0,0.3933
EVT978142,P009,S01,household,15,30,6,0,2026-06-08T15:52:01.235136,0,0.5417
EVT295942,P016,S01,beverages,60,60,5,0,2026-06-08T15:52:01.235138,0,0.2972
EVT962516,P005,S04,frozen,44,45,3,0,2026-06-08T15:52:01.235141,0,0.2683
EVT763198,P014,S02,household,3,30,3,0,2026-06-08T15:52:01.235144,0,0.6633
EVT984811,P007,S04,bakery,9,35,14,0,2026-06-08T15:52:01.235147,1,0.8065
EVT346033,P006,S01,beverages,54,60,2,0,2026-06-08T15:52:01.235149,1,0.2839
EVT298090,P007,S01,beverages,47,60,0,0,2026-06-08T15:52:01.235152,1,0.2975
EVT290513,P015,S02,household,24,30,1,1,2026-06-08T15:52:01.235155,0,0.1094
EVT128525,P016,S01,household,10,30,16,0,2026-06-08T15:52:01.235158,1,0.8111
EVT131415,P017,S02,household,4,30,4,0,2026-06-08T15:52:01.235160,1,0.6678
EVT555923,P003,S02,snacks,0,50,12,0,2026-06-08T15:52:01.235163,1,0.8833
EVT106161,P017,S02,beverages,48,60,6,0,2026-06-08T15:52:01.235165,0,0.4067
EVT528483,P009,S04,beverages,39,60,6,0,2026-06-08T15:52:01.235168,0,0.4742
EVT817489,P015,S01,household,26,30,0,0,2026-06-08T15:52:01.235170,1,0.26
EVT372891,P008,S01,snacks,40,50,3,0,2026-06-08T15:52:01.235173,0,0.3483
EVT802904,P015,S03,dairy,9,40,4,0,2026-06-08T15:52:01.235176,1,0.6265
EVT835315,P003,S02,dairy,2,40,14,0,2026-06-08T15:52:01.235179,1,0.8997
EVT942258,P004,S02,dairy,3,40,1,0,2026-06-08T15:52:01.235181,1,0.6357
EVT905132,P014,S03,frozen,7,45,13,0,2026-06-08T15:52:01.235184,1,0.8328
EVT674513,P012,S02,frozen,25,45,1,0,2026-06-08T15:52:01.235186,1,0.4194
EVT846745,P003,S02,household,5,30,4,0,2026-06-08T15:52:01.235189,0,0.6528
EVT674350,P003,S04,snacks,17,50,10,0,2026-06-08T15:52:01.235192,0,0.6914
EVT129172,P015,S03,frozen,12,45,16,0,2026-06-08T15:52:01.235198,1,0.8411
EVT736334,P008,S01,bakery,11,35,7,1,2026-06-08T15:52:01.235201,1,0.4447
EVT561909,P016,S04,dairy,5,40,1,0,2026-06-08T15:52:01.235203,0,0.6132
EVT370595,P015,S01,beverages,38,60,1,0,2026-06-08T15:52:01.235206,0,0.3844
EVT578035,P011,S03,bakery,35,35,4,0,2026-06-08T15:52:01.235208,1,0.2778
EVT406506,P017,S04,household,10,30,0,0,2026-06-08T15:52:01.235211,0,0.5
EVT699742,P011,S03,beverages,26,60,10,0,2026-06-08T15:52:01.235213,1,0.6494
EVT504538,P012,S03,frozen,7,45,16,0,2026-06-08T15:52:01.235216,1,0.8911
EVT115804,P003,S01,snacks,11,50,11,0,2026-06-08T15:52:01.235218,1,0.7649
EVT554446,P017,S01,household,14,30,3,0,2026-06-08T15:52:01.235221,0,0.4983
EVT968031,P007,S01,dairy,20,40,0,0,2026-06-08T15:52:01.235223,1,0.425
EVT528231,P020,S03,dairy,3,40,15,0,2026-06-08T15:52:01.235225,1,0.9079
EVT202252,P015,S01,beverages,7,60,0,0,2026-06-08T15:52:01.235227,1,0.5975
EVT308360,P018,S03,snacks,34,50,3,0,2026-06-08T15:52:01.235230,0,0.4023
EVT883295,P018,S03,dairy,1,40,15,0,2026-06-08T15:52:01.235232,1,0.9304
EVT403685,P001,S03,frozen,10,45,10,1,2026-06-08T15:52:01.235234,1,0.5444
EVT161044,P011,S01,frozen,31,45,2,0,2026-06-08T15:52:01.235237,1,0.3789
EVT674565,P016,S01,snacks,7,50,15,0,2026-06-08T15:52:01.235239,0,0.8787
EVT314957,P006,S04,snacks,35,50,0,0,2026-06-08T15:52:01.235241,0,0.335
EVT522840,P018,S01,beverages,17,60,11,0,2026-06-08T15:52:01.235245,0,0.7364
EVT204325,P009,S01,household,4,30,0,0,2026-06-08T15:52:01.235247,1,0.59
EVT605080,P012,S04,bakery,5,35,18,0,2026-06-08T15:52:01.235249,1,0.9357
EVT742415,P017,S03,snacks,6,50,12,0,2026-06-08T15:52:01.235252,1,0.8293
EVT628574,P009,S02,dairy,32,40,6,0,2026-06-08T15:52:01.235254,1,0.4067
EVT858559,P019,S01,dairy,38,40,1,0,2026-06-08T15:52:01.235256,0,0.2419
EVT305402,P004,S02,frozen,16,45,12,0,2026-06-08T15:52:01.235259,0,0.7233
EVT859573,P008,S01,beverages,43,60,2,0,2026-06-08T15:52:01.235262,0,0.3664
EVT551672,P001,S02,frozen,15,45,9,0,2026-06-08T15:52:01.235264,0,0.675
EVT910563,P017,S04,beverages,27,60,1,0,2026-06-08T15:52:01.235266,0,0.4669
EVT959120,P018,S03,dairy,1,40,5,0,2026-06-08T15:52:01.235269,1,0.736
EVT337218,P012,S03,frozen,42,45,0,0,2026-06-08T15:52:01.235271,0,0.23
EVT272698,P019,S02,bakery,3,35,3,0,2026-06-08T15:52:01.235273,1,0.6698
EVT982098,P012,S01,dairy,3,40,11,0,2026-06-08T15:52:01.235276,1,0.8301
EVT179030,P013,S01,frozen,33,45,5,0,2026-06-08T15:52:01.235278,1,0.4172
EVT569999,P004,S03,dairy,37,40,3,0,2026-06-08T15:52:01.235281,0,0.2921
EVT635711,P001,S04,dairy,35,40,4,0,2026-06-08T15:52:01.235283,0,0.334
EVT365501,P016,S02,bakery,10,35,14,1,2026-06-08T15:52:01.235285,1,0.5937
EVT686834,P014,S03,dairy,6,40,11,0,2026-06-08T15:52:01.235288,1,0.7964
EVT798561,P008,S01,household,9,30,10,0,2026-06-08T15:52:01.235290,1,0.7094
EVT785617,P003,S03,household,16,30,7,0,2026-06-08T15:52:01.235298,1,0.5461
EVT781106,P005,S04,beverages,2,60,17,0,2026-06-08T15:52:01.235300,1,0.95
EVT371382,P005,S03,bakery,0,35,18,0,2026-06-08T15:52:01.235302,1,0.95
EVT706611,P013,S02,bakery,8,35,12,1,2026-06-08T15:52:01.235304,1,0.5805
EVT127269,P007,S04,dairy,15,40,9,0,2026-06-08T15:52:01.235307,1,0.6562
EVT923895,P003,S02,dairy,2,40,18,0,2026-06-08T15:52:01.235309,1,0.95
EVT916670,P010,S01,snacks,39,50,3,1,2026-06-08T15:52:01.235312,0,0.1573
EVT101788,P010,S02,household,22,30,3,0,2026-06-08T15:52:01.235314,1,0.3783
EVT977156,P019,S02,beverages,1,60,12,1,2026-06-08T15:52:01.235316,0,0.6758
EVT349478,P019,S04,frozen,26,45,1,0,2026-06-08T15:52:01.235319,0,0.4094
EVT938165,P011,S04,dairy,21,40,3,0,2026-06-08T15:52:01.235321,0,0.4721
EVT739264,P015,S02,dairy,10,40,10,0,2026-06-08T15:52:01.235323,1,0.7319
EVT308339,P013,S01,bakery,6,35,14,0,2026-06-08T15:52:01.235326,1,0.8451
EVT927352,P012,S01,snacks,42,50,0,0,2026-06-08T15:52:01.235328,0,0.272
EVT278284,P017,S04,dairy,37,40,1,1,2026-06-08T15:52:01.235330,0,0.0532
EVT442983,P013,S01,beverages,32,60,6,0,2026-06-08T15:52:01.235333,0,0.5267
EVT115892,P015,S04,beverages,56,60,6,0,2026-06-08T15:52:01.235335,1,0.3467
EVT487860,P005,S01,beverages,0,60,14,0,2026-06-08T15:52:01.235338,1,0.9222
EVT932608,P015,S02,dairy,30,40,4,0,2026-06-08T15:52:01.235340,0,0.3903
EVT471894,P016,S01,household,13,30,1,0,2026-06-08T15:52:01.235343,1,0.4744
EVT225643,P011,S01,dairy,27,40,3,0,2026-06-08T15:52:01.235345,1,0.4046
EVT388973,P015,S04,frozen,44,45,0,0,2026-06-08T15:52:01.235348,1,0.21
EVT858379,P020,S04,frozen,18,45,15,0,2026-06-08T15:52:01.235350,1,0.7617
EVT620722,P010,S03,dairy,3,40,5,0,2026-06-08T15:52:01.235352,1,0.7135
EVT696475,P001,S04,frozen,0,45,2,0,2026-06-08T15:52:01.235355,1,0.6889
EVT864602,P013,S04,household,10,30,13,1,2026-06-08T15:52:01.235358,1,0.5528
EVT574103,P020,S04,beverages,0,60,6,1,2026-06-08T15:52:01.235360,1,0.5667
EVT797722,P013,S02,bakery,35,35,5,0,2026-06-08T15:52:01.235362,0,0.2972
EVT368057,P008,S02,snacks,37,50,4,1,2026-06-08T15:52:01.235365,0,0.1948
EVT423792,P015,S04,frozen,2,45,17,0,2026-06-08T15:52:01.235367,1,0.95
EVT798643,P005,S03,snacks,0,50,12,0,2026-06-08T15:52:01.235369,1,0.8833
EVT374943,P020,S02,frozen,30,45,2,0,2026-06-08T15:52:01.235372,0,0.3889
EVT152824,P016,S01,snacks,32,50,0,0,2026-06-08T15:52:01.235375,0,0.362
EVT256142,P007,S04,snacks,12,50,7,1,2026-06-08T15:52:01.235377,0,0.4781
EVT279042,P006,S02,household,7,30,0,0,2026-06-08T15:52:01.235379,0,0.545
EVT356095,P016,S02,frozen,44,45,5,0,2026-06-08T15:52:01.235382,0,0.3072
EVT169529,P017,S01,household,7,30,3,0,2026-06-08T15:52:01.235384,1,0.6033
EVT197064,P008,S03,frozen,35,45,3,0,2026-06-08T15:52:01.235386,1,0.3583
EVT318635,P001,S02,bakery,0,35,10,0,2026-06-08T15:52:01.235389,0,0.8444
EVT405020,P009,S04,bakery,1,35,16,0,2026-06-08T15:52:01.235394,1,0.9483
EVT783127,P019,S01,dairy,15,40,14,0,2026-06-08T15:52:01.235397,1,0.7535
EVT627919,P015,S04,snacks,18,50,9,0,2026-06-08T15:52:01.235400,0,0.663
EVT563903,P009,S04,dairy,30,40,5,0,2026-06-08T15:52:01.235402,0,0.4097
EVT730960,P009,S03,beverages,51,60,4,0,2026-06-08T15:52:01.235404,1,0.3453
EVT638885,P003,S04,household,2,30,11,0,2026-06-08T15:52:01.235407,1,0.8339
EVT178894,P002,S04,snacks,42,50,4,0,2026-06-08T15:52:01.235409,1,0.3498
EVT134479,P014,S02,bakery,18,35,6,1,2026-06-08T15:52:01.235412,0,0.3352
EVT214111,P013,S03,household,30,30,3,1,2026-06-08T15:52:01.235414,0,0.0583
EVT486791,P007,S01,frozen,37,45,5,0,2026-06-08T15:52:01.235416,0,0.3772
EVT143583,P010,S04,snacks,8,50,3,0,2026-06-08T15:52:01.235419,0,0.6363
EVT798080,P008,S01,frozen,27,45,3,0,2026-06-08T15:52:01.235421,0,0.4383
EVT485933,P010,S03,household,3,30,18,0,2026-06-08T15:52:01.235424,1,0.95
EVT732910,P002,S03,beverages,2,60,15,0,2026-06-08T15:52:01.235426,1,0.9267
EVT696001,P004,S04,snacks,2,50,1,0,2026-06-08T15:52:01.235428,1,0.6514
EVT151983,P014,S01,household,12,30,7,0,2026-06-08T15:52:01.235431,0,0.6061
EVT355388,P011,S01,household,17,30,6,0,2026-06-08T15:52:01.235433,1,0.5117
EVT493635,P018,S01,dairy,19,40,2,0,2026-06-08T15:52:01.235435,1,0.4751
EVT424785,P018,S02,bakery,33,35,2,0,2026-06-08T15:52:01.235439,0,0.2646
EVT794968,P009,S03,dairy,7,40,18,0,2026-06-08T15:52:01.235441,1,0.9212
EVT144529,P017,S02,bakery,0,35,1,0,2026-06-08T15:52:01.235444,1,0.6694
EVT731915,P005,S02,household,29,30,0,0,2026-06-08T15:52:01.235446,0,0.215
EVT895766,P004,S01,dairy,10,40,4,0,2026-06-08T15:52:01.235449,0,0.6153
EVT361479,P011,S03,frozen,6,45,15,0,2026-06-08T15:52:01.235451,1,0.8817
EVT726998,P004,S02,dairy,10,40,14,1,2026-06-08T15:52:01.235453,0,0.6097
EVT250647,P011,S04,bakery,0,35,5,0,2026-06-08T15:52:01.235455,1,0.7472
EVT284107,P010,S02,frozen,12,45,16,0,2026-06-08T15:52:01.235458,0,0.8411
EVT257592,P019,S02,beverages,13,60,7,1,2026-06-08T15:52:01.235460,0,0.4886
EVT834891,P009,S01,snacks,0,50,11,1,2026-06-08T15:52:01.235463,1,0.6639
EVT953195,P020,S03,frozen,32,45,1,0,2026-06-08T15:52:01.235465,0,0.3494
EVT778964,P017,S01,snacks,23,50,5,0,2026-06-08T15:52:01.235467,1,0.5402
EVT199787,P014,S01,dairy,10,40,15,0,2026-06-08T15:52:01.235470,1,0.8292
EVT927472,P020,S01,snacks,32,50,2,0,2026-06-08T15:52:01.235472,1,0.4009
EVT715327,P012,S04,bakery,31,35,1,0,2026-06-08T15:52:01.235475,0,0.2709
EVT923628,P018,S04,bakery,8,35,15,0,2026-06-08T15:52:01.235477,1,0.8388
EVT241203,P012,S03,snacks,48,50,1,0,2026-06-08T15:52:01.235479,0,0.2374
EVT597816,P006,S02,dairy,32,40,0,0,2026-06-08T15:52:01.235482,0,0.29
EVT640141,P005,S01,snacks,7,50,13,0,2026-06-08T15:52:01.235484,1,0.8398
EVT135455,P003,S02,beverages,44,60,1,0,2026-06-08T15:52:01.235486,0,0.3394
EVT722810,P008,S01,household,17,30,0,0,2026-06-08T15:52:01.235489,1,0.395
EVT944568,P005,S04,beverages,41,60,2,0,2026-06-08T15:52:01.235491,0,0.3814
EVT403071,P011,S02,dairy,18,40,11,0,2026-06-08T15:52:01.235494,1,0.6614
EVT513296,P012,S02,bakery,4,35,15,0,2026-06-08T15:52:01.235496,1,0.8902
EVT756144,P009,S04,snacks,36,50,6,0,2026-06-08T15:52:01.235501,0,0.4427
EVT385523,P019,S04,beverages,17,60,16,0,2026-06-08T15:52:01.235504,1,0.8336
EVT636535,P019,S02,dairy,8,40,12,0,2026-06-08T15:52:01.235506,0,0.7933
EVT738606,P017,S02,beverages,45,60,5,0,2026-06-08T15:52:01.235509,0,0.4097
EVT561786,P019,S03,bakery,8,35,14,0,2026-06-08T15:52:01.235511,1,0.8194
EVT509171,P012,S02,beverages,9,60,4,0,2026-06-08T15:52:01.235513,1,0.6603
EVT651014,P009,S04,frozen,36,45,1,0,2026-06-08T15:52:01.235516,1,0.3094
EVT569356,P011,S02,snacks,12,50,9,0,2026-06-08T15:52:01.235519,1,0.717
EVT238422,P017,S02,beverages,49,60,2,1,2026-06-08T15:52:01.235521,1,0.1214
EVT777190,P004,S02,dairy,23,40,0,0,2026-06-08T15:52:01.235523,1,0.3913
EVT855053,P020,S01,bakery,5,35,17,0,2026-06-08T15:52:01.235526,1,0.9163
EVT457464,P005,S04,household,30,30,0,0,2026-06-08T15:52:01.235528,0,0.2
EVT722861,P015,S03,snacks,40,50,4,0,2026-06-08T15:52:01.235531,0,0.3678
EVT513050,P009,S04,household,21,30,0,0,2026-06-08T15:52:01.235533,0,0.335
EVT551007,P011,S02,beverages,27,60,4,0,2026-06-08T15:52:01.235535,0,0.5253
EVT393681,P018,S04,snacks,3,50,10,0,2026-06-08T15:52:01.235538,1,0.8174
EVT450261,P008,S04,bakery,34,35,2,0,2026-06-08T15:52:01.235540,0,0.2517
EVT628673,P012,S01,frozen,36,45,1,0,2026-06-08T15:52:01.235543,0,0.3094
EVT721345,P013,S02,snacks,9,50,9,1,2026-06-08T15:52:01.235545,0,0.544
EVT965657,P011,S01,bakery,35,35,2,0,2026-06-08T15:52:01.235548,0,0.2389
EVT952266,P016,S01,frozen,45,45,1,0,2026-06-08T15:52:01.235550,0,0.2194
EVT191900,P014,S03,beverages,49,60,0,0,2026-06-08T15:52:01.235552,0,0.2825
EVT475763,P014,S02,dairy,7,40,4,0,2026-06-08T15:52:01.235554,0,0.649
EVT793956,P011,S01,household,3,30,14,1,2026-06-08T15:52:01.235557,1,0.6772
EVT617101,P010,S04,bakery,11,35,10,0,2026-06-08T15:52:01.235560,1,0.703
EVT398698,P017,S03,household,2,30,18,0,2026-06-08T15:52:01.235562,1,0.95
EVT861712,P010,S04,beverages,15,60,8,0,2026-06-08T15:52:01.235564,0,0.6931
EVT882759,P006,S02,household,27,30,5,1,2026-06-08T15:52:01.235567,1,0.1422
EVT616289,P014,S03,beverages,16,60,7,1,2026-06-08T15:52:01.235569,0,0.4661
EVT251042,P007,S04,bakery,2,35,12,0,2026-06-08T15:52:01.235571,1,0.8576
EVT810878,P011,S01,snacks,8,50,5,0,2026-06-08T15:52:01.235574,1,0.6752
EVT908591,P020,S02,dairy,14,40,14,0,2026-06-08T15:52:01.235576,1,0.7647
EVT683396,P015,S03,household,25,30,0,0,2026-06-08T15:52:01.235578,1,0.275
EVT362445,P004,S01,snacks,3,50,12,0,2026-06-08T15:52:01.235580,0,0.8563
EVT529084,P013,S01,frozen,24,45,6,0,2026-06-08T15:52:01.235583,1,0.5267
EVT326882,P003,S03,beverages,8,60,10,0,2026-06-08T15:52:01.235585,0,0.7844
EVT468213,P013,S04,frozen,7,45,5,0,2026-06-08T15:52:01.235588,1,0.6772
EVT108079,P004,S01,snacks,41,50,5,1,2026-06-08T15:52:01.235590,0,0.1782
EVT909333,P017,S01,dairy,22,40,0,0,2026-06-08T15:52:01.235592,0,0.4025
EVT797436,P017,S03,frozen,12,45,13,1,2026-06-08T15:52:01.235599,1,0.5828
EVT301967,P011,S04,beverages,57,60,1,0,2026-06-08T15:52:01.235602,1,0.2419
EVT164631,P009,S03,beverages,40,60,4,0,2026-06-08T15:52:01.235604,0,0.4278
EVT526060,P004,S01,bakery,1,35,2,0,2026-06-08T15:52:01.235606,1,0.676
EVT783347,P003,S02,household,9,30,6,1,2026-06-08T15:52:01.235609,0,0.4317
EVT714570,P008,S01,household,13,30,15,0,2026-06-08T15:52:01.235611,1,0.7467
EVT850249,P017,S02,dairy,1,40,15,0,2026-06-08T15:52:01.235613,1,0.9304
EVT534595,P004,S04,snacks,3,50,10,0,2026-06-08T15:52:01.235616,1,0.8174
EVT657724,P005,S03,dairy,37,40,3,0,2026-06-08T15:52:01.235618,0,0.2921
EVT491303,P012,S04,dairy,2,40,11,1,2026-06-08T15:52:01.235620,0,0.6414
EVT302509,P005,S02,snacks,9,50,10,0,2026-06-08T15:52:01.235623,1,0.7634
EVT473749,P017,S01,dairy,33,40,0,0,2026-06-08T15:52:01.235625,0,0.2788
EVT128455,P009,S01,bakery,8,35,12,0,2026-06-08T15:52:01.235628,0,0.7805
EVT273799,P012,S03,beverages,25,60,9,0,2026-06-08T15:52:01.235630,1,0.6375
EVT237622,P007,S04,bakery,33,35,4,0,2026-06-08T15:52:01.235633,1,0.3035
EVT632820,P003,S03,beverages,2,60,17,0,2026-06-08T15:52:01.235635,1,0.95
EVT632134,P020,S02,dairy,38,40,3,0,2026-06-08T15:52:01.235638,0,0.2808
EVT287611,P020,S01,beverages,18,60,15,0,2026-06-08T15:52:01.235640,1,0.8067
EVT989506,P016,S03,beverages,60,60,2,0,2026-06-08T15:52:01.235643,0,0.2389
EVT231760,P009,S03,snacks,0,50,13,0,2026-06-08T15:52:01.235645,1,0.9028
EVT923912,P018,S04,bakery,4,35,0,0,2026-06-08T15:52:01.235647,0,0.5986
EVT264405,P018,S04,snacks,0,50,12,0,2026-06-08T15:52:01.235649,1,0.8833
EVT912969,P019,S03,dairy,29,40,5,0,2026-06-08T15:52:01.235652,0,0.421
EVT853746,P018,S03,beverages,58,60,4,0,2026-06-08T15:52:01.235654,0,0.2928
EVT367634,P004,S03,beverages,36,60,6,0,2026-06-08T15:52:01.235656,1,0.4967
EVT524361,P018,S01,beverages,3,60,2,0,2026-06-08T15:52:01.235659,1,0.6664
EVT509027,P017,S01,household,10,30,15,0,2026-06-08T15:52:01.235661,1,0.7917
EVT856924,P020,S03,bakery,0,35,12,0,2026-06-08T15:52:01.235663,1,0.8833
EVT158061,P017,S02,dairy,10,40,4,0,2026-06-08T15:52:01.235666,1,0.6153
EVT328237,P016,S02,dairy,26,40,6,0,2026-06-08T15:52:01.235668,0,0.4742
EVT719845,P002,S04,snacks,47,50,4,0,2026-06-08T15:52:01.235670,1,0.3048
EVT999642,P002,S01,frozen,41,45,3,1,2026-06-08T15:52:01.235673,0,0.0983
EVT101066,P012,S02,beverages,0,60,0,0,2026-06-08T15:52:01.235676,1,0.65
EVT793283,P015,S01,frozen,5,45,0,0,2026-06-08T15:52:01.235678,0,0.6
EVT473119,P017,S03,dairy,26,40,6,0,2026-06-08T15:52:01.235680,0,0.4742
EVT910431,P016,S03,household,9,30,10,1,2026-06-08T15:52:01.235686,1,0.5094
EVT917761,P009,S04,bakery,2,35,2,0,2026-06-08T15:52:01.235688,0,0.6632
EVT111840,P009,S03,household,16,30,5,0,2026-06-08T15:52:01.235690,0,0.5072
EVT161530,P002,S03,snacks,7,50,13,0,2026-06-08T15:52:01.235693,1,0.8398
EVT550243,P003,S03,snacks,7,50,2,0,2026-06-08T15:52:01.235695,0,0.6259
EVT314977,P006,S03,frozen,40,45,2,0,2026-06-08T15:52:01.235697,0,0.2889
EVT335256,P011,S02,beverages,1,60,5,0,2026-06-08T15:52:01.235700,1,0.7397
EVT892948,P013,S04,beverages,13,60,7,0,2026-06-08T15:52:01.235702,1,0.6886
EVT970952,P006,S04,snacks,44,50,2,0,2026-06-08T15:52:01.235704,1,0.2929
EVT876914,P003,S04,bakery,7,35,9,1,2026-06-08T15:52:01.235707,0,0.535
EVT933279,P009,S03,beverages,23,60,8,0,2026-06-08T15:52:01.235709,0,0.6331
EVT843922,P006,S03,dairy,9,40,10,0,2026-06-08T15:52:01.235712,0,0.7432
EVT313629,P013,S04,dairy,39,40,6,0,2026-06-08T15:52:01.235714,0,0.3279
EVT671367,P020,S03,household,8,30,14,1,2026-06-08T15:52:01.235717,1,0.6022
EVT347103,P015,S04,household,1,30,11,1,2026-06-08T15:52:01.235719,0,0.6489
EVT234181,P012,S04,frozen,33,45,3,0,2026-06-08T15:52:01.235722,1,0.3783
EVT160137,P018,S04,dairy,23,40,1,0,2026-06-08T15:52:01.235724,1,0.4107
EVT999318,P012,S04,dairy,6,40,16,0,2026-06-08T15:52:01.235726,1,0.8936
EVT308122,P013,S01,dairy,1,40,4,0,2026-06-08T15:52:01.235729,1,0.7165
EVT789935,P019,S02,household,10,30,11,0,2026-06-08T15:52:01.235732,1,0.7139
EVT519607,P004,S03,frozen,12,45,14,0,2026-06-08T15:52:01.235734,1,0.8022
EVT516385,P018,S01,beverages,3,60,5,0,2026-06-08T15:52:01.235737,1,0.7247
EVT437012,P017,S02,snacks,10,50,16,0,2026-06-08T15:52:01.235739,1,0.8711
EVT357286,P015,S02,snacks,48,50,2,0,2026-06-08T15:52:01.235741,1,0.2569
EVT558500,P006,S04,snacks,21,50,16,0,2026-06-08T15:52:01.235744,1,0.7721
EVT521376,P017,S03,snacks,48,50,5,1,2026-06-08T15:52:01.235746,0,0.1152
EVT137399,P014,S01,snacks,11,50,10,1,2026-06-08T15:52:01.235748,0,0.5454
EVT659794,P018,S03,bakery,20,35,5,0,2026-06-08T15:52:01.235751,1,0.4901
EVT469982,P010,S02,frozen,1,45,3,0,2026-06-08T15:52:01.235754,1,0.6983
EVT533985,P002,S04,snacks,11,50,8,0,2026-06-08T15:52:01.235757,0,0.7066
EVT767089,P014,S02,bakery,10,35,4,0,2026-06-08T15:52:01.235759,1,0.5992
EVT558536,P010,S03,bakery,5,35,3,0,2026-06-08T15:52:01.235762,0,0.644
EVT748423,P001,S04,snacks,25,50,2,1,2026-06-08T15:52:01.235764,0,0.2639
EVT568379,P003,S02,snacks,0,50,11,0,2026-06-08T15:52:01.235766,1,0.8639
EVT754286,P007,S03,frozen,25,45,4,0,2026-06-08T15:52:01.235768,1,0.4778
EVT398095,P007,S04,beverages,44,60,3,0,2026-06-08T15:52:01.235771,1,0.3783
EVT268108,P009,S03,household,14,30,8,1,2026-06-08T15:52:01.235773,0,0.3956
EVT330455,P012,S03,snacks,42,50,1,0,2026-06-08T15:52:01.235776,0,0.2914
EVT405981,P012,S03,frozen,7,45,11,0,2026-06-08T15:52:01.235778,0,0.7939
EVT324663,P006,S04,bakery,2,35,0,0,2026-06-08T15:52:01.235783,0,0.6243
EVT163713,P007,S02,dairy,28,40,3,0,2026-06-08T15:52:01.235785,1,0.3933
EVT959269,P008,S01,bakery,9,35,0,0,2026-06-08T15:52:01.235793,0,0.5343
EVT104558,P011,S01,dairy,39,40,5,0,2026-06-08T15:52:01.235795,0,0.3085
EVT321044,P002,S01,beverages,33,60,2,1,2026-06-08T15:52:01.235798,0,0.2414
EVT660431,P017,S04,frozen,4,45,8,1,2026-06-08T15:52:01.235800,1,0.5656
EVT916878,P012,S02,dairy,28,40,3,0,2026-06-08T15:52:01.235803,1,0.3933
EVT189042,P016,S02,beverages,40,60,0,0,2026-06-08T15:52:01.235805,0,0.35
EVT523936,P005,S03,frozen,33,45,2,0,2026-06-08T15:52:01.235807,0,0.3589
EVT144980,P012,S01,snacks,17,50,8,0,2026-06-08T15:52:01.235810,1,0.6526
EVT706270,P010,S02,household,21,30,3,0,2026-06-08T15:52:01.235812,1,0.3933
EVT954559,P014,S03,dairy,15,40,15,0,2026-06-08T15:52:01.235815,1,0.7729
EVT460840,P013,S01,beverages,32,60,0,0,2026-06-08T15:52:01.235817,0,0.41
EVT197358,P003,S03,dairy,17,40,10,0,2026-06-08T15:52:01.235819,1,0.6532
EVT669293,P012,S01,frozen,1,45,14,1,2026-06-08T15:52:01.235821,1,0.7122
EVT775359,P009,S02,dairy,31,40,3,0,2026-06-08T15:52:01.235824,0,0.3596
EVT784628,P004,S02,snacks,26,50,1,0,2026-06-08T15:52:01.235826,1,0.4354
EVT927683,P018,S03,dairy,38,40,6,0,2026-06-08T15:52:01.235829,0,0.3392
EVT455101,P003,S02,frozen,42,45,1,0,2026-06-08T15:52:01.235831,0,0.2494
EVT425356,P020,S03,frozen,26,45,6,1,2026-06-08T15:52:01.235834,0,0.3067
EVT147162,P004,S03,frozen,0,45,14,0,2026-06-08T15:52:01.235837,1,0.9222
EVT503624,P012,S04,household,17,30,1,0,2026-06-08T15:52:01.235839,0,0.4144
EVT278493,P009,S04,bakery,8,35,14,0,2026-06-08T15:52:01.235842,1,0.8194
EVT564862,P019,S02,dairy,31,40,3,0,2026-06-08T15:52:01.235844,0,0.3596
EVT835023,P006,S03,bakery,8,35,15,1,2026-06-08T15:52:01.235846,0,0.6388
EVT777158,P015,S03,snacks,6,50,12,0,2026-06-08T15:52:01.235849,0,0.8293
EVT909888,P005,S02,household,7,30,14,0,2026-06-08T15:52:01.235851,1,0.8172
EVT868759,P016,S01,beverages,19,60,13,0,2026-06-08T15:52:01.235854,1,0.7603
EVT799807,P009,S02,frozen,33,45,4,0,2026-06-08T15:52:01.235856,0,0.3978
EVT572361,P014,S04,bakery,0,35,13,0,2026-06-08T15:52:01.235858,1,0.9028
EVT295406,P016,S02,beverages,1,60,4,0,2026-06-08T15:52:01.235861,0,0.7203
EVT964772,P013,S02,frozen,27,45,1,0,2026-06-08T15:52:01.235863,1,0.3994
EVT522721,P009,S04,frozen,3,45,14,0,2026-06-08T15:52:01.235866,1,0.8922
EVT659157,P002,S04,household,23,30,1,1,2026-06-08T15:52:01.235868,0,0.1244
EVT846725,P011,S04,frozen,10,45,14,1,2026-06-08T15:52:01.235870,1,0.6222
EVT346095,P010,S01,beverages,55,60,6,0,2026-06-08T15:52:01.235873,0,0.3542
EVT260453,P011,S01,bakery,15,35,10,0,2026-06-08T15:52:01.235875,1,0.6516
EVT243465,P013,S01,bakery,28,35,2,1,2026-06-08T15:52:01.235878,0,0.1289
EVT642739,P017,S01,household,22,30,0,0,2026-06-08T15:52:01.235880,0,0.32
EVT369264,P008,S03,dairy,5,40,5,0,2026-06-08T15:52:01.235883,0,0.691
EVT313188,P008,S03,beverages,45,60,4,0,2026-06-08T15:52:01.235885,0,0.3903
EVT168197,P010,S04,frozen,1,45,16,0,2026-06-08T15:52:01.235891,1,0.95
EVT346561,P010,S04,household,18,30,2,1,2026-06-08T15:52:01.235894,0,0.2189
EVT651005,P020,S01,bakery,10,35,7,1,2026-06-08T15:52:01.235896,1,0.4575
EVT530022,P012,S03,bakery,20,35,5,0,2026-06-08T15:52:01.235898,0,0.4901
EVT646749,P005,S02,household,12,30,10,0,2026-06-08T15:52:01.235901,1,0.6644
EVT976789,P009,S04,dairy,7,40,13,0,2026-06-08T15:52:01.235903,1,0.824
EVT320960,P017,S01,beverages,12,60,7,0,2026-06-08T15:52:01.235906,0,0.6961
EVT515578,P009,S02,frozen,28,45,5,0,2026-06-08T15:52:01.235908,0,0.4672
EVT361056,P009,S04,snacks,10,50,12,1,2026-06-08T15:52:01.235910,1,0.5933
EVT173497,P009,S01,bakery,9,35,10,0,2026-06-08T15:52:01.235913,0,0.7287
EVT524956,P012,S04,household,29,30,2,0,2026-06-08T15:52:01.235915,0,0.2539
EVT917730,P004,S02,bakery,32,35,0,1,2026-06-08T15:52:01.235917,0,0.05
EVT201251,P019,S04,frozen,23,45,3,0,2026-06-08T15:52:01.235920,0,0.4783
EVT229785,P014,S03,frozen,22,45,5,0,2026-06-08T15:52:01.235923,0,0.5272
EVT839047,P010,S04,beverages,3,60,17,0,2026-06-08T15:52:01.235925,0,0.95
EVT642115,P013,S03,frozen,27,45,3,0,2026-06-08T15:52:01.235927,0,0.4383
EVT836818,P010,S03,bakery,13,35,11,1,2026-06-08T15:52:01.235930,0,0.4967
EVT807934,P017,S03,household,1,30,5,0,2026-06-08T15:52:01.235932,0,0.7322
EVT182653,P016,S02,beverages,8,60,14,0,2026-06-08T15:52:01.235935,1,0.8622
EVT143347,P019,S02,beverages,46,60,6,0,2026-06-08T15:52:01.235937,1,0.4217
EVT384261,P003,S03,household,0,30,14,0,2026-06-08T15:52:01.235939,1,0.9222
EVT797101,P018,S02,beverages,28,60,0,0,2026-06-08T15:52:01.235942,0,0.44
EVT397974,P017,S02,snacks,1,50,11,0,2026-06-08T15:52:01.235944,1,0.8549
EVT662385,P003,S03,bakery,9,35,0,0,2026-06-08T15:52:01.235946,0,0.5343
EVT865520,P010,S04,bakery,25,35,1,0,2026-06-08T15:52:01.235949,1,0.348
EVT661401,P017,S02,household,30,30,3,0,2026-06-08T15:52:01.235951,0,0.2583
EVT607162,P007,S03,snacks,26,50,1,0,2026-06-08T15:52:01.235953,0,0.4354
EVT950523,P013,S04,snacks,24,50,4,0,2026-06-08T15:52:01.235956,1,0.5118
EVT275954,P019,S04,household,17,30,1,0,2026-06-08T15:52:01.235958,1,0.4144
EVT414487,P015,S03,household,1,30,10,1,2026-06-08T15:52:01.235960,1,0.6294
EVT577840,P017,S01,bakery,19,35,1,0,2026-06-08T15:52:01.235963,0,0.4252
EVT806574,P019,S01,snacks,48,50,5,0,2026-06-08T15:52:01.235965,0,0.3152
EVT751096,P004,S02,dairy,1,40,16,0,2026-06-08T15:52:01.235967,1,0.9499
EVT942405,P006,S02,dairy,9,40,7,1,2026-06-08T15:52:01.235970,1,0.4849
EVT772944,P011,S04,beverages,39,60,5,0,2026-06-08T15:52:01.235972,0,0.4547
EVT506846,P019,S02,dairy,11,40,9,1,2026-06-08T15:52:01.235974,1,0.5012
EVT265995,P019,S02,bakery,15,35,1,0,2026-06-08T15:52:01.235977,0,0.4766
EVT172098,P018,S01,beverages,15,60,7,0,2026-06-08T15:52:01.235980,0,0.6736
EVT355460,P009,S01,snacks,2,50,1,0,2026-06-08T15:52:01.235982,1,0.6514
EVT701637,P012,S03,dairy,4,40,14,0,2026-06-08T15:52:01.235984,1,0.8772
EVT278468,P006,S02,beverages,32,60,2,1,2026-06-08T15:52:01.235987,1,0.2489
EVT237286,P017,S02,bakery,3,35,18,0,2026-06-08T15:52:01.235989,1,0.95
EVT671849,P008,S01,dairy,39,40,6,0,2026-06-08T15:52:01.235992,0,0.3279
EVT518088,P008,S01,dairy,10,40,6,0,2026-06-08T15:52:01.235994,1,0.6542
EVT474920,P018,S03,bakery,13,35,8,0,2026-06-08T15:52:01.236000,0,0.6384
EVT548602,P016,S04,bakery,7,35,2,0,2026-06-08T15:52:01.236002,1,0.5989
EVT526127,P010,S02,household,4,30,1,0,2026-06-08T15:52:01.236005,1,0.6094
EVT468713,P010,S02,bakery,12,35,16,0,2026-06-08T15:52:01.236007,1,0.8068
EVT106916,P005,S04,beverages,19,60,10,0,2026-06-08T15:52:01.236010,1,0.7019
EVT786305,P006,S04,household,28,30,3,0,2026-06-08T15:52:01.236012,0,0.2883
EVT375355,P009,S02,beverages,8,60,16,0,2026-06-08T15:52:01.236015,1,0.9011
EVT698994,P014,S03,dairy,13,40,7,1,2026-06-08T15:52:01.236017,0,0.4399
EVT579217,P014,S04,snacks,12,50,13,1,2026-06-08T15:52:01.236020,0,0.5948
EVT783101,P001,S04,snacks,10,50,11,0,2026-06-08T15:52:01.236022,1,0.7739
EVT994501,P003,S02,frozen,33,45,4,0,2026-06-08T15:52:01.236024,1,0.3978
EVT767690,P004,S02,beverages,51,60,0,0,2026-06-08T15:52:01.236027,0,0.2675
EVT872591,P009,S04,household,19,30,5,0,2026-06-08T15:52:01.236030,1,0.4622
EVT170342,P006,S02,bakery,13,35,12,0,2026-06-08T15:52:01.236032,0,0.7162
EVT156234,P012,S04,dairy,28,40,4,0,2026-06-08T15:52:01.236035,0,0.4128
EVT488357,P014,S04,dairy,14,40,10,0,2026-06-08T15:52:01.236037,0,0.6869
EVT431967,P013,S02,bakery,2,35,13,0,2026-06-08T15:52:01.236040,1,0.8771
EVT296519,P019,S04,beverages,0,60,16,0,2026-06-08T15:52:01.236042,1,0.95
EVT851164,P017,S04,beverages,31,60,0,0,2026-06-08T15:52:01.236044,0,0.4175
EVT989467,P020,S03,snacks,46,50,1,0,2026-06-08T15:52:01.236047,0,0.2554
EVT571727,P017,S03,snacks,12,50,14,0,2026-06-08T15:52:01.236049,0,0.8142
EVT336168,P014,S03,dairy,30,40,1,0,2026-06-08T15:52:01.236052,1,0.3319
EVT642024,P016,S04,dairy,7,40,5,0,2026-06-08T15:52:01.236054,0,0.6685
EVT626093,P009,S01,household,2,30,0,0,2026-06-08T15:52:01.236056,0,0.62
EVT951507,P016,S03,frozen,11,45,11,0,2026-06-08T15:52:01.236059,0,0.7539
EVT610440,P014,S02,bakery,32,35,4,0,2026-06-08T15:52:01.236061,0,0.3163
EVT923160,P008,S04,bakery,4,35,14,1,2026-06-08T15:52:01.236063,0,0.6708
EVT935771,P014,S04,snacks,3,50,11,0,2026-06-08T15:52:01.236065,1,0.8369
EVT787920,P011,S01,dairy,27,40,2,0,2026-06-08T15:52:01.236068,0,0.3851
EVT338154,P008,S04,frozen,14,45,12,0,2026-06-08T15:52:01.236070,1,0.7433
EVT557430,P011,S04,dairy,37,40,0,1,2026-06-08T15:52:01.236073,0,0.05
EVT441066,P002,S02,beverages,33,60,2,0,2026-06-08T15:52:01.236075,0,0.4414
EVT131650,P006,S02,frozen,45,45,3,0,2026-06-08T15:52:01.236081,0,0.2583
EVT279356,P014,S01,bakery,0,35,6,1,2026-06-08T15:52:01.236084,1,0.5667
EVT244681,P010,S03,snacks,28,50,1,0,2026-06-08T15:52:01.236086,0,0.4174
EVT821006,P011,S01,bakery,8,35,5,0,2026-06-08T15:52:01.236088,1,0.6444
EVT254765,P006,S02,household,22,30,0,0,2026-06-08T15:52:01.236091,0,0.32
EVT455251,P015,S03,frozen,33,45,1,1,2026-06-08T15:52:01.236093,1,0.1394
EVT755333,P001,S03,dairy,35,40,1,0,2026-06-08T15:52:01.236096,0,0.2757
EVT975234,P018,S01,household,30,30,5,0,2026-06-08T15:52:01.236098,0,0.2972
EVT360135,P009,S01,frozen,45,45,4,0,2026-06-08T15:52:01.236100,0,0.2778
EVT697404,P014,S03,frozen,24,45,1,0,2026-06-08T15:52:01.236103,0,0.4294
EVT723923,P013,S03,beverages,57,60,3,1,2026-06-08T15:52:01.236105,0,0.0808
EVT853774,P007,S01,snacks,8,50,17,0,2026-06-08T15:52:01.236108,1,0.9086
EVT979117,P016,S01,household,27,30,3,0,2026-06-08T15:52:01.236110,0,0.3033
EVT656111,P017,S03,dairy,28,40,4,0,2026-06-08T15:52:01.236112,0,0.4128
EVT366435,P014,S02,frozen,29,45,0,0,2026-06-08T15:52:01.236115,0,0.36
EVT426908,P015,S04,household,21,30,1,0,2026-06-08T15:52:01.236117,1,0.3544
EVT291419,P010,S04,beverages,27,60,0,0,2026-06-08T15:52:01.236120,0,0.4475
EVT708114,P003,S04,beverages,43,60,0,0,2026-06-08T15:52:01.236122,0,0.3275
EVT366375,P010,S01,frozen,18,45,9,0,2026-06-08T15:52:01.236125,0,0.645
EVT654890,P015,S04,bakery,25,35,3,0,2026-06-08T15:52:01.236127,1,0.3869
EVT284297,P006,S02,bakery,7,35,18,0,2026-06-08T15:52:01.236130,1,0.91
EVT883908,P011,S03,beverages,52,60,0,0,2026-06-08T15:52:01.236132,0,0.26
EVT966492,P002,S03,household,6,30,13,0,2026-06-08T15:52:01.236134,0,0.8128
EVT122479,P011,S01,household,1,30,11,0,2026-06-08T15:52:01.236137,0,0.8489
EVT405252,P020,S01,snacks,0,50,11,0,2026-06-08T15:52:01.236139,0,0.8639
EVT935340,P012,S02,household,20,30,4,0,2026-06-08T15:52:01.236142,0,0.4278
EVT693658,P003,S02,beverages,0,60,0,0,2026-06-08T15:52:01.236144,1,0.65
EVT707934,P008,S01,snacks,4,50,15,0,2026-06-08T15:52:01.236146,1,0.9057
EVT413682,P006,S03,dairy,0,40,9,1,2026-06-08T15:52:01.236149,1,0.625
EVT883438,P015,S04,frozen,2,45,1,0,2026-06-08T15:52:01.236151,1,0.6494
EVT192342,P014,S03,household,5,30,13,0,2026-06-08T15:52:01.236153,0,0.8278
EVT282695,P017,S03,bakery,22,35,1,0,2026-06-08T15:52:01.236156,1,0.3866
EVT875546,P008,S01,frozen,4,45,14,0,2026-06-08T15:52:01.236158,1,0.8822
EVT332330,P008,S01,snacks,34,50,1,0,2026-06-08T15:52:01.236161,1,0.3634
EVT958667,P010,S01,dairy,14,40,11,0,2026-06-08T15:52:01.236163,1,0.7064
EVT631192,P006,S03,household,9,30,15,0,2026-06-08T15:52:01.236166,1,0.8067
EVT150288,P015,S04,frozen,25,45,0,0,2026-06-08T15:52:01.236168,0,0.4
EVT977568,P017,S01,frozen,5,45,1,0,2026-06-08T15:52:01.236170,1,0.6194
EVT791865,P018,S03,beverages,45,60,0,0,2026-06-08T15:52:01.236173,0,0.3125
EVT678406,P010,S02,bakery,12,35,12,1,2026-06-08T15:52:01.236181,0,0.529
EVT281561,P010,S04,snacks,5,50,10,0,2026-06-08T15:52:01.236184,1,0.7994
EVT987626,P017,S04,frozen,4,45,4,0,2026-06-08T15:52:01.236186,0,0.6878
EVT231531,P005,S04,snacks,21,50,8,0,2026-06-08T15:52:01.236189,1,0.6166
EVT416051,P018,S04,snacks,9,50,12,1,2026-06-08T15:52:01.236191,1,0.6023
EVT801567,P010,S02,snacks,1,50,11,1,2026-06-08T15:52:01.236193,1,0.6549
EVT489533,P006,S04,snacks,29,50,2,0,2026-06-08T15:52:01.236196,0,0.4279
EVT667230,P011,S04,snacks,4,50,10,0,2026-06-08T15:52:01.236198,1,0.8084
EVT677819,P007,S01,beverages,41,60,4,0,2026-06-08T15:52:01.236200,1,0.4203
EVT531849,P004,S02,bakery,10,35,15,0,2026-06-08T15:52:01.236203,1,0.8131
EVT740671,P012,S04,beverages,52,60,3,0,2026-06-08T15:52:01.236205,0,0.3183
EVT679232,P009,S01,bakery,4,35,11,0,2026-06-08T15:52:01.236207,1,0.8125
EVT384085,P012,S02,household,0,30,5,0,2026-06-08T15:52:01.236210,1,0.7472
EVT243126,P020,S04,beverages,27,60,1,0,2026-06-08T15:52:01.236212,0,0.4669
EVT999915,P017,S02,bakery,17,35,8,0,2026-06-08T15:52:01.236214,0,0.587
EVT504554,P006,S01,household,6,30,13,0,2026-06-08T15:52:01.236217,1,0.8128
EVT306297,P003,S01,frozen,5,45,1,0,2026-06-08T15:52:01.236219,1,0.6194
EVT335911,P007,S01,snacks,8,50,10,1,2026-06-08T15:52:01.236221,1,0.5724
EVT798975,P019,S04,dairy,11,40,15,0,2026-06-08T15:52:01.236224,0,0.8179
EVT370214,P009,S03,frozen,41,45,4,1,2026-06-08T15:52:01.236227,0,0.1178
EVT869939,P006,S02,household,0,30,7,1,2026-06-08T15:52:01.236229,1,0.5861
EVT924548,P001,S04,beverages,51,60,6,0,2026-06-08T15:52:01.236231,0,0.3842
EVT106357,P015,S04,snacks,45,50,5,0,2026-06-08T15:52:01.236234,1,0.3422
EVT724888,P009,S03,household,12,30,10,0,2026-06-08T15:52:01.236236,0,0.6644
EVT668490,P005,S03,bakery,11,35,12,1,2026-06-08T15:52:01.236238,1,0.5419
EVT745113,P017,S04,beverages,36,60,5,0,2026-06-08T15:52:01.236241,0,0.4772
EVT411079,P011,S04,snacks,36,50,5,0,2026-06-08T15:52:01.236243,0,0.4232
EVT632377,P007,S04,beverages,5,60,16,0,2026-06-08T15:52:01.236246,1,0.9236
EVT258131,P007,S02,household,12,30,10,0,2026-06-08T15:52:01.236249,1,0.6644
EVT791659,P008,S01,bakery,17,35,0,0,2026-06-08T15:52:01.236251,0,0.4314
EVT136780,P015,S02,frozen,12,45,11,0,2026-06-08T15:52:01.236253,1,0.7439
EVT208203,P005,S03,beverages,2,60,12,1,2026-06-08T15:52:01.236256,1,0.6683
EVT668854,P005,S04,beverages,0,60,18,0,2026-06-08T15:52:01.236258,1,0.95
EVT754559,P002,S04,bakery,3,35,16,0,2026-06-08T15:52:01.236260,1,0.9225
EVT641876,P006,S02,frozen,26,45,2,0,2026-06-08T15:52:01.236262,1,0.4289
EVT332574,P015,S01,frozen,36,45,3,0,2026-06-08T15:52:01.236265,1,0.3483
EVT804405,P017,S01,dairy,5,40,11,1,2026-06-08T15:52:01.236267,0,0.6076
EVT216514,P020,S01,frozen,12,45,15,0,2026-06-08T15:52:01.236270,1,0.8217
EVT961037,P007,S03,snacks,7,50,8,1,2026-06-08T15:52:01.236272,1,0.5426
EVT525699,P007,S04,bakery,25,35,0,0,2026-06-08T15:52:01.236279,1,0.3286
EVT466761,P019,S03,household,2,30,10,0,2026-06-08T15:52:01.236281,1,0.8144
EVT635289,P020,S03,household,11,30,9,0,2026-06-08T15:52:01.236283,1,0.66
EVT698841,P014,S03,frozen,4,45,18,0,2026-06-08T15:52:01.236286,1,0.95
EVT414895,P010,S04,dairy,32,40,3,0,2026-06-08T15:52:01.236288,1,0.3483
EVT215715,P018,S02,household,10,30,13,1,2026-06-08T15:52:01.236290,1,0.5528
EVT152165,P011,S02,frozen,29,45,5,0,2026-06-08T15:52:01.236293,0,0.4572
EVT508472,P018,S01,beverages,39,60,5,0,2026-06-08T15:52:01.236295,1,0.4547
EVT193882,P007,S01,household,15,30,0,0,2026-06-08T15:52:01.236297,1,0.425
EVT894331,P014,S04,dairy,1,40,18,0,2026-06-08T15:52:01.236300,1,0.95
EVT748079,P003,S01,bakery,15,35,10,0,2026-06-08T15:52:01.236303,0,0.6516
EVT961002,P014,S02,snacks,40,50,4,0,2026-06-08T15:52:01.236305,0,0.3678
EVT595729,P001,S01,dairy,30,40,6,0,2026-06-08T15:52:01.236307,1,0.4292
EVT154258,P015,S01,snacks,50,50,6,0,2026-06-08T15:52:01.236310,0,0.3167
EVT735093,P011,S01,bakery,21,35,4,0,2026-06-08T15:52:01.236312,1,0.4578
EVT395710,P005,S03,snacks,28,50,6,0,2026-06-08T15:52:01.236314,1,0.5147
EVT104609,P015,S04,beverages,16,60,10,1,2026-06-08T15:52:01.236317,1,0.5244
EVT874198,P013,S04,bakery,34,35,0,0,2026-06-08T15:52:01.236319,0,0.2129
EVT788313,P018,S01,snacks,20,50,9,0,2026-06-08T15:52:01.236322,1,0.645
EVT623998,P015,S02,bakery,8,35,10,0,2026-06-08T15:52:01.236325,1,0.7416
EVT818302,P002,S01,household,24,30,5,0,2026-06-08T15:52:01.236327,1,0.3872
EVT580629,P019,S02,snacks,36,50,4,0,2026-06-08T15:52:01.236329,1,0.4038
EVT707858,P004,S02,dairy,6,40,4,0,2026-06-08T15:52:01.236332,0,0.6603
EVT923459,P014,S03,bakery,27,35,1,0,2026-06-08T15:52:01.236334,0,0.3223
EVT981930,P012,S02,snacks,9,50,3,0,2026-06-08T15:52:01.236337,1,0.6273
EVT458457,P004,S04,beverages,12,60,10,0,2026-06-08T15:52:01.236339,1,0.7544
EVT803282,P015,S02,dairy,21,40,3,0,2026-06-08T15:52:01.236342,1,0.4721
EVT192563,P016,S02,beverages,8,60,14,0,2026-06-08T15:52:01.236344,1,0.8622
EVT486691,P005,S01,frozen,11,45,15,0,2026-06-08T15:52:01.236346,1,0.8317
EVT859444,P011,S03,household,14,30,3,0,2026-06-08T15:52:01.236349,1,0.4983
EVT566721,P004,S02,dairy,7,40,2,0,2026-06-08T15:52:01.236351,1,0.6101
EVT718387,P005,S02,bakery,18,35,9,0,2026-06-08T15:52:01.236354,1,0.5936
EVT182036,P009,S03,frozen,12,45,14,1,2026-06-08T15:52:01.236356,1,0.6022
EVT382944,P009,S03,beverages,0,60,10,0,2026-06-08T15:52:01.236358,1,0.8444
EVT688881,P006,S03,household,25,30,3,0,2026-06-08T15:52:01.236361,0,0.3333
EVT222801,P017,S03,beverages,60,60,0,0,2026-06-08T15:52:01.236363,0,0.2
EVT301160,P005,S04,bakery,3,35,15,1,2026-06-08T15:52:01.236365,1,0.7031
EVT320099,P004,S02,snacks,26,50,6,0,2026-06-08T15:52:01.236368,1,0.5327
EVT413015,P020,S03,frozen,3,45,18,0,2026-06-08T15:52:01.236370,1,0.95
EVT177171,P006,S01,snacks,6,50,10,0,2026-06-08T15:52:01.236373,1,0.7904
EVT508782,P005,S02,beverages,11,60,10,1,2026-06-08T15:52:01.236375,1,0.5619
EVT255713,P017,S01,beverages,5,60,0,0,2026-06-08T15:52:01.236378,1,0.6125
EVT301408,P003,S01,snacks,32,50,0,0,2026-06-08T15:52:01.236380,0,0.362
EVT215480,P019,S02,bakery,31,35,1,0,2026-06-08T15:52:01.236383,0,0.2709
EVT774873,P015,S01,beverages,8,60,10,0,2026-06-08T15:52:01.236385,1,0.7844
EVT147834,P015,S03,household,30,30,4,1,2026-06-08T15:52:01.236387,1,0.0778
EVT575918,P012,S04,beverages,7,60,18,0,2026-06-08T15:52:01.236389,1,0.9475
EVT943036,P011,S01,frozen,9,45,3,0,2026-06-08T15:52:01.236392,1,0.6183
EVT264515,P005,S01,dairy,23,40,4,0,2026-06-08T15:52:01.236394,0,0.469
EVT855020,P008,S03,bakery,7,35,16,0,2026-06-08T15:52:01.236397,1,0.8711
EVT561438,P001,S01,dairy,1,40,16,0,2026-06-08T15:52:01.236403,1,0.9499
EVT400477,P016,S03,bakery,21,35,1,0,2026-06-08T15:52:01.236405,0,0.3994
EVT280387,P020,S02,snacks,6,50,11,1,2026-06-08T15:52:01.236408,1,0.6099
EVT670535,P004,S01,beverages,43,60,3,0,2026-06-08T15:52:01.236410,1,0.3858
EVT699768,P010,S03,bakery,28,35,6,0,2026-06-08T15:52:01.236413,1,0.4067
EVT971129,P018,S04,dairy,15,40,13,0,2026-06-08T15:52:01.236415,1,0.734
EVT177737,P010,S02,household,18,30,2,1,2026-06-08T15:52:01.236418,0,0.2189
EVT101401,P012,S02,bakery,8,35,10,0,2026-06-08T15:52:01.236420,1,0.7416
EVT285491,P001,S04,frozen,39,45,0,0,2026-06-08T15:52:01.236423,0,0.26
EVT108345,P019,S01,bakery,10,35,5,0,2026-06-08T15:52:01.236425,0,0.6187
EVT973433,P017,S01,beverages,15,60,8,0,2026-06-08T15:52:01.236428,0,0.6931
EVT605515,P013,S02,beverages,40,60,5,0,2026-06-08T15:52:01.236430,0,0.4472
EVT463837,P018,S04,household,7,30,1,0,2026-06-08T15:52:01.236432,0,0.5644
EVT310851,P011,S04,beverages,25,60,9,0,2026-06-08T15:52:01.236435,0,0.6375
EVT128557,P013,S03,frozen,8,45,12,1,2026-06-08T15:52:01.236437,0,0.6033
EVT745401,P002,S04,dairy,24,40,0,0,2026-06-08T15:52:01.236439,0,0.38
EVT761242,P010,S03,snacks,35,50,6,0,2026-06-08T15:52:01.236442,0,0.4517
EVT715917,P005,S01,household,11,30,10,1,2026-06-08T15:52:01.236444,1,0.4794
EVT791186,P006,S04,frozen,31,45,0,0,2026-06-08T15:52:01.236447,0,0.34
EVT157934,P014,S02,beverages,37,60,2,0,2026-06-08T15:52:01.236449,0,0.4114
EVT612957,P016,S01,frozen,30,45,4,0,2026-06-08T15:52:01.236451,0,0.4278
EVT529252,P015,S04,bakery,33,35,5,1,2026-06-08T15:52:01.236453,0,0.1229
EVT171831,P001,S03,beverages,8,60,17,0,2026-06-08T15:52:01.236456,1,0.9206
EVT757020,P005,S03,snacks,31,50,5,0,2026-06-08T15:52:01.236458,0,0.4682
EVT689312,P001,S03,dairy,28,40,6,0,2026-06-08T15:52:01.236460,0,0.4517
EVT402779,P003,S01,bakery,11,35,10,0,2026-06-08T15:52:01.236463,1,0.703
EVT561826,P002,S01,bakery,13,35,8,0,2026-06-08T15:52:01.236465,0,0.6384
EVT726161,P018,S01,frozen,7,45,15,1,2026-06-08T15:52:01.236467,0,0.6717
EVT399027,P012,S01,household,4,30,17,0,2026-06-08T15:52:01.236470,0,0.9206
EVT374929,P014,S01,household,2,30,14,0,2026-06-08T15:52:01.236472,0,0.8922
EVT475878,P017,S04,beverages,20,60,11,0,2026-06-08T15:52:01.236475,1,0.7139
EVT312752,P007,S02,bakery,3,35,12,0,2026-06-08T15:52:01.236486,1,0.8448
EVT204433,P003,S02,snacks,7,50,4,0,2026-06-08T15:52:01.236489,1,0.6648
EVT494303,P017,S02,bakery,26,35,0,0,2026-06-08T15:52:01.236491,0,0.3157
EVT103546,P003,S02,household,9,30,12,1,2026-06-08T15:52:01.236493,1,0.5483
EVT582100,P010,S02,bakery,5,35,0,0,2026-06-08T15:52:01.236496,0,0.5857
EVT573586,P010,S03,household,8,30,2,0,2026-06-08T15:52:01.236498,0,0.5689
EVT955221,P001,S02,bakery,27,35,1,0,2026-06-08T15:52:01.236501,0,0.3223
EVT740237,P001,S03,bakery,9,35,12,0,2026-06-08T15:52:01.236503,1,0.7676
EVT195979,P006,S02,beverages,6,60,4,0,2026-06-08T15:52:01.236505,1,0.6828
EVT736647,P017,S01,frozen,7,45,16,0,2026-06-08T15:52:01.236508,1,0.8911
EVT325195,P012,S03,bakery,0,35,14,1,2026-06-08T15:52:01.236510,1,0.7222
EVT316552,P002,S03,dairy,27,40,6,0,2026-06-08T15:52:01.236512,1,0.4629
EVT963115,P001,S03,bakery,25,35,6,0,2026-06-08T15:52:01.236515,0,0.4452
EVT146163,P016,S03,dairy,31,40,5,0,2026-06-08T15:52:01.236517,1,0.3985
EVT959274,P014,S03,household,3,30,10,0,2026-06-08T15:52:01.236520,0,0.7994
EVT455559,P014,S03,beverages,9,60,0,0,2026-06-08T15:52:01.236522,1,0.5825
EVT535312,P017,S02,snacks,5,50,12,1,2026-06-08T15:52:01.236525,1,0.6383
EVT582884,P006,S03,snacks,7,50,2,0,2026-06-08T15:52:01.236527,1,0.6259
EVT685219,P015,S01,frozen,31,45,0,0,2026-06-08T15:52:01.236530,0,0.34
EVT552521,P017,S01,bakery,12,35,11,1,2026-06-08T15:52:01.236533,1,0.5096
EVT636914,P003,S03,frozen,28,45,2,0,2026-06-08T15:52:01.236535,0,0.4089
EVT511849,P017,S04,household,21,30,2,0,2026-06-08T15:52:01.236537,0,0.3739
EVT507836,P007,S01,bakery,3,35,5,0,2026-06-08T15:52:01.236540,1,0.7087
EVT297146,P018,S01,beverages,7,60,7,1,2026-06-08T15:52:01.236542,1,0.5336
EVT681828,P003,S01,frozen,31,45,3,0,2026-06-08T15:52:01.236545,1,0.3983
EVT291996,P015,S02,frozen,45,45,2,0,2026-06-08T15:52:01.236547,0,0.2389
EVT729703,P014,S01,bakery,12,35,8,1,2026-06-08T15:52:01.236549,1,0.4513
EVT989641,P020,S02,beverages,57,60,0,0,2026-06-08T15:52:01.236552,0,0.2225
EVT455236,P004,S01,bakery,27,35,0,0,2026-06-08T15:52:01.236554,0,0.3029
EVT325345,P019,S01,dairy,38,40,3,0,2026-06-08T15:52:01.236556,1,0.2808
EVT108639,P012,S04,frozen,9,45,13,0,2026-06-08T15:52:01.236559,1,0.8128
EVT973458,P007,S03,beverages,6,60,10,1,2026-06-08T15:52:01.236561,1,0.5994
EVT270840,P015,S04,bakery,27,35,0,1,2026-06-08T15:52:01.236564,0,0.1029
EVT185301,P019,S01,beverages,5,60,7,1,2026-06-08T15:52:01.236566,1,0.5486
EVT588171,P016,S03,dairy,4,40,2,0,2026-06-08T15:52:01.236568,1,0.6439
EVT344954,P015,S03,frozen,11,45,14,1,2026-06-08T15:52:01.236571,0,0.6122
EVT644912,P012,S03,dairy,10,40,0,0,2026-06-08T15:52:01.236576,0,0.5375
EVT659653,P019,S02,beverages,29,60,3,1,2026-06-08T15:52:01.236578,0,0.2908
EVT181841,P017,S02,frozen,24,45,2,0,2026-06-08T15:52:01.236581,0,0.4489
EVT559006,P012,S01,frozen,4,45,13,1,2026-06-08T15:52:01.236583,0,0.6628
EVT301410,P008,S03,bakery,2,35,8,1,2026-06-08T15:52:01.236585,0,0.5798
EVT443947,P005,S03,beverages,48,60,3,0,2026-06-08T15:52:01.236588,0,0.3483
EVT677006,P007,S02,beverages,12,60,10,1,2026-06-08T15:52:01.236590,1,0.5544
EVT443460,P018,S03,snacks,28,50,2,0,2026-06-08T15:52:01.236593,0,0.4369
EVT502171,P001,S02,frozen,6,45,0,0,2026-06-08T15:52:01.236595,1,0.59
EVT112820,P005,S02,beverages,15,60,6,0,2026-06-08T15:52:01.236597,0,0.6542
EVT450893,P008,S02,bakery,33,35,5,0,2026-06-08T15:52:01.236600,0,0.3229
EVT465665,P013,S03,dairy,17,40,13,0,2026-06-08T15:52:01.236602,1,0.7115
EVT514252,P013,S02,snacks,26,50,1,0,2026-06-08T15:52:01.236605,0,0.4354
EVT282779,P019,S03,beverages,41,60,2,0,2026-06-08T15:52:01.236607,0,0.3814
EVT118956,P002,S03,snacks,1,50,12,1,2026-06-08T15:52:01.236610,1,0.6743
EVT146701,P019,S02,bakery,28,35,1,1,2026-06-08T15:52:01.236612,0,0.1094
EVT698656,P013,S02,bakery,30,35,5,0,2026-06-08T15:52:01.236614,0,0.3615
EVT793818,P019,S02,bakery,26,35,4,1,2026-06-08T15:52:01.236617,0,0.1935
EVT512686,P008,S01,bakery,5,35,12,1,2026-06-08T15:52:01.236619,1,0.619
EVT275417,P019,S04,frozen,12,45,6,0,2026-06-08T15:52:01.236622,1,0.6467
EVT236405,P020,S01,dairy,39,40,1,0,2026-06-08T15:52:01.236625,0,0.2307
EVT331253,P018,S02,bakery,1,35,11,0,2026-06-08T15:52:01.236627,1,0.851
EVT780636,P002,S02,frozen,23,45,4,0,2026-06-08T15:52:01.236629,1,0.4978
EVT332751,P007,S01,beverages,5,60,15,0,2026-06-08T15:52:01.236632,1,0.9042
EVT460760,P001,S03,dairy,15,40,13,0,2026-06-08T15:52:01.236634,1,0.734
EVT963138,P019,S01,frozen,32,45,5,0,2026-06-08T15:52:01.236637,0,0.4272
EVT467111,P004,S02,beverages,6,60,6,1,2026-06-08T15:52:01.236639,0,0.5217
EVT841115,P016,S03,snacks,7,50,7,1,2026-06-08T15:52:01.236641,0,0.5231
EVT815939,P005,S04,beverages,1,60,11,0,2026-06-08T15:52:01.236644,1,0.8564
EVT700712,P013,S01,beverages,46,60,2,0,2026-06-08T15:52:01.236647,0,0.3439
EVT838402,P005,S02,household,12,30,8,0,2026-06-08T15:52:01.236649,1,0.6256
EVT181338,P003,S03,beverages,9,60,2,0,2026-06-08T15:52:01.236652,1,0.6214
EVT475507,P005,S03,frozen,33,45,1,0,2026-06-08T15:52:01.236654,1,0.3394
EVT477930,P005,S04,beverages,8,60,10,0,2026-06-08T15:52:01.236657,1,0.7844
EVT544279,P009,S03,snacks,40,50,6,0,2026-06-08T15:52:01.236659,1,0.4067
EVT355408,P004,S03,bakery,6,35,14,0,2026-06-08T15:52:01.236662,1,0.8451
EVT106030,P001,S02,snacks,28,50,0,1,2026-06-08T15:52:01.236664,1,0.198
EVT561598,P004,S01,dairy,17,40,12,0,2026-06-08T15:52:01.236666,1,0.6921
EVT195569,P016,S01,household,13,30,16,0,2026-06-08T15:52:01.236669,1,0.7661
EVT325260,P009,S02,frozen,9,45,12,0,2026-06-08T15:52:01.236676,0,0.7933
EVT391541,P009,S04,bakery,13,35,7,1,2026-06-08T15:52:01.236679,0,0.419
EVT549092,P002,S03,dairy,15,40,13,0,2026-06-08T15:52:01.236681,1,0.734
EVT415764,P003,S04,household,24,30,5,0,2026-06-08T15:52:01.236684,1,0.3872
EVT836219,P012,S03,bakery,18,35,0,0,2026-06-08T15:52:01.236686,0,0.4186
EVT334405,P009,S04,bakery,14,35,16,0,2026-06-08T15:52:01.236688,1,0.7811
EVT562959,P015,S04,dairy,11,40,14,0,2026-06-08T15:52:01.236691,1,0.7985
EVT637913,P014,S04,snacks,47,50,4,0,2026-06-08T15:52:01.236694,0,0.3048
EVT408772,P007,S04,bakery,6,35,11,0,2026-06-08T15:52:01.236696,1,0.7867
EVT677326,P011,S02,dairy,8,40,13,0,2026-06-08T15:52:01.236698,1,0.8128
EVT342595,P016,S03,household,14,30,6,1,2026-06-08T15:52:01.236701,0,0.3567
EVT808630,P006,S03,beverages,59,60,0,0,2026-06-08T15:52:01.236703,0,0.2075
EVT158791,P005,S04,bakery,7,35,12,0,2026-06-08T15:52:01.236706,1,0.7933
EVT387087,P005,S03,beverages,47,60,1,0,2026-06-08T15:52:01.236708,0,0.3169
EVT342894,P014,S02,household,4,30,13,0,2026-06-08T15:52:01.236710,1,0.8428
EVT417028,P013,S01,frozen,30,45,4,0,2026-06-08T15:52:01.236713,1,0.4278
EVT286951,P020,S03,household,4,30,12,0,2026-06-08T15:52:01.236715,1,0.8233
EVT858070,P012,S03,bakery,27,35,1,0,2026-06-08T15:52:01.236717,0,0.3223
EVT393927,P016,S03,frozen,31,45,5,0,2026-06-08T15:52:01.236720,1,0.4372
EVT578832,P007,S04,beverages,9,60,10,1,2026-06-08T15:52:01.236723,1,0.5769
EVT353994,P011,S03,snacks,49,50,6,0,2026-06-08T15:52:01.236725,0,0.3257
EVT349398,P006,S03,dairy,9,40,10,1,2026-06-08T15:52:01.236728,0,0.5432
EVT687237,P008,S01,frozen,12,45,10,1,2026-06-08T15:52:01.236730,1,0.5244
EVT651642,P013,S01,dairy,26,40,4,1,2026-06-08T15:52:01.236732,0,0.2353
EVT924937,P005,S01,dairy,2,40,1,0,2026-06-08T15:52:01.236735,1,0.6469
EVT990188,P010,S02,bakery,10,35,9,0,2026-06-08T15:52:01.236737,1,0.6964
EVT553224,P010,S02,snacks,2,50,15,1,2026-06-08T15:52:01.236740,1,0.7237
EVT527611,P010,S01,household,4,30,3,0,2026-06-08T15:52:01.236742,1,0.6483
EVT500058,P013,S04,bakery,28,35,1,0,2026-06-08T15:52:01.236745,0,0.3094
EVT234836,P018,S01,household,30,30,6,0,2026-06-08T15:52:01.236747,1,0.3167
EVT467144,P005,S01,snacks,3,50,0,0,2026-06-08T15:52:01.236749,0,0.623
EVT831914,P013,S02,dairy,32,40,3,0,2026-06-08T15:52:01.236752,1,0.3483
EVT448190,P003,S01,bakery,4,35,6,1,2026-06-08T15:52:01.236754,0,0.5152
EVT411057,P002,S04,beverages,44,60,6,0,2026-06-08T15:52:01.236756,0,0.4367
EVT821690,P010,S04,snacks,43,50,6,0,2026-06-08T15:52:01.236758,0,0.3797
EVT102769,P014,S03,beverages,1,60,5,0,2026-06-08T15:52:01.236761,1,0.7397
EVT866950,P018,S01,snacks,10,50,10,0,2026-06-08T15:52:01.236763,0,0.7544
EVT861138,P002,S04,beverages,12,60,9,1,2026-06-08T15:52:01.236766,1,0.535
EVT315903,P011,S03,household,9,30,13,1,2026-06-08T15:52:01.236768,0,0.5678
EVT449277,P016,S04,beverages,45,60,2,0,2026-06-08T15:52:01.236771,0,0.3514
EVT916570,P009,S04,beverages,54,60,5,0,2026-06-08T15:52:01.236773,1,0.3422
EVT837027,P018,S02,dairy,5,40,15,0,2026-06-08T15:52:01.236776,1,0.8854
EVT985140,P014,S01,dairy,40,40,5,0,2026-06-08T15:52:01.236778,0,0.2972
EVT216428,P010,S04,snacks,40,50,5,0,2026-06-08T15:52:01.236780,1,0.3872
EVT613668,P008,S01,dairy,21,40,5,0,2026-06-08T15:52:01.236783,1,0.511
EVT662349,P009,S01,snacks,31,50,1,0,2026-06-08T15:52:01.236785,0,0.3904
EVT560466,P007,S01,bakery,10,35,6,1,2026-06-08T15:52:01.236798,0,0.4381
EVT415558,P007,S01,frozen,8,45,4,0,2026-06-08T15:52:01.236800,1,0.6478
EVT479603,P002,S03,bakery,1,35,11,0,2026-06-08T15:52:01.236803,1,0.851
EVT543055,P012,S02,household,13,30,0,0,2026-06-08T15:52:01.236805,1,0.455
EVT998133,P014,S01,household,4,30,0,0,2026-06-08T15:52:01.236807,0,0.59
EVT601933,P004,S04,beverages,26,60,15,0,2026-06-08T15:52:01.236810,1,0.7467
EVT447026,P018,S04,frozen,10,45,10,0,2026-06-08T15:52:01.236813,1,0.7444
EVT129779,P004,S01,dairy,31,40,6,0,2026-06-08T15:52:01.236815,1,0.4179
EVT194051,P003,S02,household,19,30,5,0,2026-06-08T15:52:01.236818,0,0.4622
EVT721804,P001,S02,beverages,10,60,15,1,2026-06-08T15:52:01.236820,1,0.6667
EVT191078,P011,S03,household,0,30,15,0,2026-06-08T15:52:01.236822,0,0.9417
EVT791065,P018,S04,bakery,7,35,18,0,2026-06-08T15:52:01.236825,1,0.91
EVT179578,P003,S02,dairy,27,40,2,0,2026-06-08T15:52:01.236827,0,0.3851
EVT159503,P014,S03,snacks,11,50,9,0,2026-06-08T15:52:01.236830,1,0.726
EVT614389,P015,S03,bakery,15,35,0,0,2026-06-08T15:52:01.236832,0,0.4571
EVT392199,P014,S03,bakery,35,35,1,0,2026-06-08T15:52:01.236835,0,0.2194
EVT852231,P002,S02,bakery,15,35,10,0,2026-06-08T15:52:01.236837,1,0.6516
EVT965818,P016,S03,snacks,10,50,13,1,2026-06-08T15:52:01.236840,1,0.6128
EVT571029,P009,S04,snacks,41,50,2,0,2026-06-08T15:52:01.236842,1,0.3199
EVT900011,P007,S04,beverages,7,60,18,0,2026-06-08T15:52:01.236844,1,0.9475
EVT576508,P008,S03,beverages,2,60,2,0,2026-06-08T15:52:01.236847,0,0.6739
EVT515137,P018,S01,snacks,5,50,2,0,2026-06-08T15:52:01.236849,1,0.6439
EVT677309,P015,S03,beverages,58,60,1,0,2026-06-08T15:52:01.236851,1,0.2344
EVT467982,P008,S02,frozen,23,45,4,0,2026-06-08T15:52:01.236854,0,0.4978
EVT635002,P010,S02,dairy,7,40,16,0,2026-06-08T15:52:01.236856,1,0.8824
EVT591948,P007,S02,dairy,2,40,10,1,2026-06-08T15:52:01.236858,1,0.6219
EVT518479,P002,S04,bakery,19,35,5,0,2026-06-08T15:52:01.236861,0,0.5029
EVT654897,P006,S03,frozen,8,45,11,0,2026-06-08T15:52:01.236863,0,0.7839
EVT926877,P005,S04,beverages,16,60,15,0,2026-06-08T15:52:01.236866,1,0.8217
EVT765490,P014,S03,frozen,8,45,2,0,2026-06-08T15:52:01.236868,1,0.6089
EVT364084,P018,S03,dairy,24,40,0,0,2026-06-08T15:52:01.236870,0,0.38
EVT580046,P008,S04,frozen,12,45,14,1,2026-06-08T15:52:01.236872,1,0.6022
EVT812617,P014,S02,beverages,8,60,10,0,2026-06-08T15:52:01.236875,0,0.7844
EVT967639,P015,S01,frozen,31,45,4,0,2026-06-08T15:52:01.236878,0,0.4178
EVT367105,P002,S03,household,0,30,18,0,2026-06-08T15:52:01.236880,1,0.95
EVT747098,P003,S04,frozen,9,45,8,0,2026-06-08T15:52:01.236882,1,0.7156
EVT843681,P013,S02,dairy,18,40,8,1,2026-06-08T15:52:01.236885,1,0.4031
EVT749493,P020,S02,beverages,30,60,1,0,2026-06-08T15:52:01.236887,0,0.4444
EVT838152,P009,S04,bakery,26,35,5,1,2026-06-08T15:52:01.236889,0,0.2129
EVT195689,P001,S04,bakery,26,35,6,0,2026-06-08T15:52:01.236896,0,0.4324
EVT735286,P015,S03,household,20,30,4,0,2026-06-08T15:52:01.236898,0,0.4278
EVT534343,P009,S01,household,30,30,2,0,2026-06-08T15:52:01.236901,0,0.2389
EVT981368,P002,S04,household,2,30,15,0,2026-06-08T15:52:01.236903,1,0.9117
EVT936937,P006,S03,beverages,6,60,12,0,2026-06-08T15:52:01.236906,1,0.8383
EVT230731,P004,S04,dairy,36,40,3,0,2026-06-08T15:52:01.236908,1,0.3033
EVT200639,P010,S01,beverages,4,60,9,1,2026-06-08T15:52:01.236910,1,0.595
EVT255192,P016,S04,frozen,5,45,13,1,2026-06-08T15:52:01.236912,1,0.6528
EVT828050,P002,S03,bakery,28,35,6,0,2026-06-08T15:52:01.236915,0,0.4067
EVT248937,P020,S04,dairy,8,40,18,0,2026-06-08T15:52:01.236917,1,0.91
EVT213233,P010,S02,beverages,9,60,9,1,2026-06-08T15:52:01.236919,1,0.5575
EVT290667,P001,S04,snacks,1,50,4,0,2026-06-08T15:52:01.236922,1,0.7188
EVT338836,P004,S03,beverages,57,60,6,0,2026-06-08T15:52:01.236925,0,0.3392
EVT613159,P013,S04,dairy,23,40,0,0,2026-06-08T15:52:01.236928,0,0.3913
EVT268536,P005,S01,household,20,30,2,0,2026-06-08T15:52:01.236930,0,0.3889
EVT534245,P006,S01,bakery,15,35,4,0,2026-06-08T15:52:01.236932,0,0.5349
EVT934576,P011,S03,dairy,21,40,0,0,2026-06-08T15:52:01.236935,0,0.4138
EVT597705,P015,S04,frozen,41,45,1,1,2026-06-08T15:52:01.236937,0,0.0594
EVT632529,P019,S01,frozen,10,45,4,0,2026-06-08T15:52:01.236939,1,0.6278
EVT809241,P017,S04,household,13,30,9,0,2026-06-08T15:52:01.236942,0,0.63
EVT712386,P007,S01,bakery,30,35,4,1,2026-06-08T15:52:01.236944,0,0.1421
EVT842007,P018,S01,snacks,15,50,14,0,2026-06-08T15:52:01.236947,1,0.7872
EVT233149,P005,S04,beverages,8,60,12,0,2026-06-08T15:52:01.236949,1,0.8233
EVT860590,P014,S01,snacks,34,50,1,0,2026-06-08T15:52:01.236952,0,0.3634
EVT866972,P011,S02,frozen,22,45,5,0,2026-06-08T15:52:01.236954,0,0.5272
EVT598416,P009,S04,household,27,30,0,0,2026-06-08T15:52:01.236956,0,0.245
EVT294731,P011,S02,dairy,5,40,13,0,2026-06-08T15:52:01.236959,1,0.8465
EVT562770,P012,S01,household,4,30,13,0,2026-06-08T15:52:01.236961,1,0.8428
EVT553217,P019,S01,household,13,30,3,0,2026-06-08T15:52:01.236963,0,0.5133
EVT792825,P005,S02,household,23,30,6,0,2026-06-08T15:52:01.236966,1,0.4217
EVT836382,P017,S01,bakery,10,35,2,0,2026-06-08T15:52:01.236968,0,0.5603
EVT428563,P006,S04,household,13,30,4,0,2026-06-08T15:52:01.236970,1,0.5328
EVT723607,P008,S04,snacks,45,50,1,0,2026-06-08T15:52:01.236976,0,0.2644
EVT699306,P013,S03,household,10,30,16,0,2026-06-08T15:52:01.236979,1,0.8111
EVT586174,P016,S04,bakery,31,35,1,1,2026-06-08T15:52:01.236981,0,0.0709
EVT665353,P005,S03,beverages,39,60,5,0,2026-06-08T15:52:01.236984,1,0.4547
EVT827896,P008,S01,beverages,16,60,7,1,2026-06-08T15:52:01.236986,0,0.4661
EVT325193,P016,S02,frozen,33,45,1,0,2026-06-08T15:52:01.236989,0,0.3394
EVT638487,P006,S01,snacks,6,50,11,0,2026-06-08T15:52:01.236991,1,0.8099
EVT735172,P010,S02,snacks,3,50,10,0,2026-06-08T15:52:01.236994,1,0.8174
EVT341219,P008,S02,bakery,21,35,0,0,2026-06-08T15:52:01.236996,1,0.38
EVT312891,P003,S02,beverages,44,60,6,0,2026-06-08T15:52:01.236998,0,0.4367
EVT517358,P009,S04,snacks,40,50,2,0,2026-06-08T15:52:01.237001,1,0.3289
EVT184774,P017,S02,bakery,3,35,5,0,2026-06-08T15:52:01.237003,1,0.7087
EVT151328,P007,S02,frozen,25,45,2,1,2026-06-08T15:52:01.237005,0,0.2389
EVT779867,P005,S02,household,8,30,13,0,2026-06-08T15:52:01.237008,1,0.7828
EVT207290,P006,S02,frozen,2,45,5,0,2026-06-08T15:52:01.237010,1,0.7272
EVT629120,P005,S04,household,8,30,9,0,2026-06-08T15:52:01.237013,1,0.705
EVT681650,P013,S01,dairy,27,40,4,1,2026-06-08T15:52:01.237015,1,0.224
EVT410037,P017,S02,frozen,11,45,10,0,2026-06-08T15:52:01.237018,1,0.7344
EVT646928,P020,S01,household,25,30,6,0,2026-06-08T15:52:01.237020,0,0.3917
EVT384396,P005,S02,bakery,11,35,8,0,2026-06-08T15:52:01.237023,1,0.6641
EVT386077,P017,S04,beverages,36,60,4,0,2026-06-08T15:52:01.237025,0,0.4578
EVT572664,P005,S04,bakery,8,35,12,1,2026-06-08T15:52:01.237028,1,0.5805
EVT315103,P009,S03,frozen,2,45,16,0,2026-06-08T15:52:01.237030,1,0.9411
EVT561470,P009,S01,bakery,15,35,15,0,2026-06-08T15:52:01.237033,0,0.7488
EVT267166,P017,S03,dairy,33,40,0,0,2026-06-08T15:52:01.237035,0,0.2788
EVT378887,P015,S04,beverages,1,60,16,0,2026-06-08T15:52:01.237038,1,0.95
EVT409976,P019,S03,beverages,18,60,8,0,2026-06-08T15:52:01.237040,0,0.6706
EVT257423,P015,S03,household,12,30,12,0,2026-06-08T15:52:01.237043,0,0.7033
EVT125007,P002,S01,frozen,9,45,2,0,2026-06-08T15:52:01.237045,0,0.5989
EVT923597,P002,S01,frozen,11,45,8,1,2026-06-08T15:52:01.237047,1,0.4956
EVT275444,P005,S01,dairy,31,40,5,0,2026-06-08T15:52:01.237050,0,0.3985
EVT295969,P012,S03,frozen,10,45,12,0,2026-06-08T15:52:01.237053,0,0.7833
EVT883864,P008,S03,frozen,23,45,2,1,2026-06-08T15:52:01.237055,0,0.2589
EVT994736,P017,S04,beverages,0,60,15,1,2026-06-08T15:52:01.237058,1,0.7417
EVT733434,P015,S01,beverages,6,60,8,1,2026-06-08T15:52:01.237060,1,0.5606
EVT730113,P019,S02,dairy,9,40,12,0,2026-06-08T15:52:01.237063,1,0.7821
EVT680185,P001,S01,household,6,30,4,0,2026-06-08T15:52:01.237065,1,0.6378
EVT477757,P007,S03,bakery,5,35,0,0,2026-06-08T15:52:01.237067,0,0.5857
EVT779348,P014,S03,household,3,30,4,0,2026-06-08T15:52:01.237069,1,0.6828
EVT575920,P020,S01,bakery,24,35,0,1,2026-06-08T15:52:01.237076,0,0.1414
EVT645577,P019,S01,bakery,21,35,4,0,2026-06-08T15:52:01.237078,1,0.4578
EVT512197,P006,S04,household,2,30,12,0,2026-06-08T15:52:01.237081,1,0.8533
EVT242684,P005,S01,household,8,30,18,0,2026-06-08T15:52:01.237083,1,0.88
EVT798862,P016,S04,household,18,30,1,0,2026-06-08T15:52:01.237085,0,0.3994
EVT248833,P005,S01,household,9,30,12,1,2026-06-08T15:52:01.237088,1,0.5483
EVT249101,P008,S03,household,2,30,3,0,2026-06-08T15:52:01.237090,0,0.6783
EVT132419,P018,S01,household,26,30,4,0,2026-06-08T15:52:01.237092,1,0.3378
EVT259151,P001,S02,bakery,28,35,1,0,2026-06-08T15:52:01.237095,0,0.3094
EVT882849,P008,S03,household,9,30,8,0,2026-06-08T15:52:01.237097,1,0.6706
EVT340194,P014,S01,household,14,30,5,0,2026-06-08T15:52:01.237100,1,0.5372
EVT832750,P009,S02,bakery,33,35,3,0,2026-06-08T15:52:01.237102,1,0.284
EVT106977,P010,S02,household,12,30,10,0,2026-06-08T15:52:01.237104,1,0.6644
EVT834053,P010,S04,frozen,29,45,2,0,2026-06-08T15:52:01.237107,1,0.3989
EVT346232,P001,S01,beverages,9,60,4,0,2026-06-08T15:52:01.237109,1,0.6603
EVT561082,P004,S03,frozen,3,45,12,1,2026-06-08T15:52:01.237111,1,0.6533
EVT842272,P002,S01,beverages,4,60,1,0,2026-06-08T15:52:01.237114,1,0.6394
EVT879921,P002,S04,bakery,30,35,0,0,2026-06-08T15:52:01.237116,0,0.2643
EVT117069,P004,S03,bakery,21,35,6,0,2026-06-08T15:52:01.237118,0,0.4967
EVT326427,P008,S02,frozen,5,45,17,0,2026-06-08T15:52:01.237121,1,0.9306
EVT372864,P019,S01,dairy,12,40,14,1,2026-06-08T15:52:01.237123,1,0.5872
EVT764162,P001,S03,beverages,7,60,11,0,2026-06-08T15:52:01.237126,1,0.8114
EVT942811,P016,S03,household,6,30,3,0,2026-06-08T15:52:01.237128,1,0.6183
EVT396583,P017,S03,frozen,45,45,5,0,2026-06-08T15:52:01.237130,0,0.2972
EVT490820,P006,S04,frozen,1,45,2,0,2026-06-08T15:52:01.237133,0,0.6789
EVT718811,P016,S02,household,25,30,6,0,2026-06-08T15:52:01.237135,0,0.3917
EVT279171,P003,S04,frozen,8,45,7,1,2026-06-08T15:52:01.237138,0,0.5061
EVT756193,P015,S01,dairy,4,40,5,0,2026-06-08T15:52:01.237140,1,0.7022
EVT556476,P020,S01,snacks,41,50,5,1,2026-06-08T15:52:01.237142,1,0.1782
EVT511690,P004,S04,snacks,7,50,0,0,2026-06-08T15:52:01.237145,1,0.587
EVT428256,P011,S03,dairy,40,40,2,0,2026-06-08T15:52:01.237147,1,0.2389
EVT326056,P003,S01,bakery,15,35,15,0,2026-06-08T15:52:01.237150,1,0.7488
EVT771235,P005,S03,snacks,8,50,10,1,2026-06-08T15:52:01.237152,1,0.5724
EVT267253,P018,S01,beverages,3,60,15,1,2026-06-08T15:52:01.237154,1,0.7192
EVT729645,P014,S04,snacks,29,50,4,0,2026-06-08T15:52:01.237156,1,0.4668
EVT714928,P008,S01,snacks,30,50,4,0,2026-06-08T15:52:01.237159,1,0.4578
EVT126113,P013,S03,snacks,16,50,11,0,2026-06-08T15:52:01.237161,1,0.7199
EVT186157,P012,S02,snacks,7,50,4,0,2026-06-08T15:52:01.237164,1,0.6648
EVT313315,P003,S04,snacks,28,50,4,0,2026-06-08T15:52:01.237167,0,0.4758
EVT857269,P009,S04,household,13,30,15,0,2026-06-08T15:52:01.237169,1,0.7467
EVT475539,P001,S04,household,10,30,12,0,2026-06-08T15:52:01.237172,1,0.7333
EVT776504,P012,S04,snacks,13,50,11,0,2026-06-08T15:52:01.237174,1,0.7469
EVT759923,P009,S03,snacks,31,50,1,0,2026-06-08T15:52:01.237177,0,0.3904
EVT623323,P006,S04,household,25,30,6,0,2026-06-08T15:52:01.237182,1,0.3917
EVT497059,P020,S04,snacks,5,50,17,0,2026-06-08T15:52:01.237184,1,0.9356
EVT826434,P015,S04,beverages,40,60,6,0,2026-06-08T15:52:01.237186,0,0.4667
EVT733868,P008,S04,household,10,30,10,0,2026-06-08T15:52:01.237189,1,0.6944
EVT141066,P001,S02,bakery,7,35,4,0,2026-06-08T15:52:01.237191,1,0.6378
EVT880555,P007,S01,frozen,2,45,1,0,2026-06-08T15:52:01.237194,0,0.6494
EVT888476,P002,S01,bakery,5,35,4,0,2026-06-08T15:52:01.237196,1,0.6635
EVT628465,P003,S01,frozen,26,45,4,0,2026-06-08T15:52:01.237198,0,0.4678
EVT919775,P008,S02,bakery,2,35,2,0,2026-06-08T15:52:01.237201,1,0.6632
EVT408921,P001,S03,frozen,43,45,4,0,2026-06-08T15:52:01.237203,1,0.2978
EVT321735,P013,S02,frozen,6,45,13,0,2026-06-08T15:52:01.237205,1,0.8428
EVT582562,P020,S03,dairy,25,40,5,0,2026-06-08T15:52:01.237208,1,0.466
EVT219711,P018,S02,household,10,30,3,0,2026-06-08T15:52:01.237210,0,0.5583
EVT566174,P005,S04,bakery,14,35,8,0,2026-06-08T15:52:01.237213,1,0.6256
EVT875207,P001,S02,frozen,10,45,3,0,2026-06-08T15:52:01.237216,1,0.6083
EVT386467,P018,S02,bakery,7,35,11,0,2026-06-08T15:52:01.237218,1,0.7739
EVT869278,P002,S04,bakery,26,35,4,0,2026-06-08T15:52:01.237221,0,0.3935
EVT774422,P006,S04,beverages,2,60,3,0,2026-06-08T15:52:01.237223,0,0.6933
EVT513346,P008,S01,frozen,8,45,11,1,2026-06-08T15:52:01.237226,0,0.5839
EVT349508,P013,S04,snacks,5,50,5,0,2026-06-08T15:52:01.237228,1,0.7022
EVT994421,P004,S02,household,9,30,9,0,2026-06-08T15:52:01.237231,1,0.69
EVT835251,P003,S02,household,16,30,2,0,2026-06-08T15:52:01.237233,0,0.4489
EVT299916,P003,S01,dairy,3,40,5,0,2026-06-08T15:52:01.237235,0,0.7135
EVT893339,P011,S03,dairy,3,40,0,0,2026-06-08T15:52:01.237238,1,0.6162
EVT434855,P001,S01,snacks,38,50,2,0,2026-06-08T15:52:01.237240,0,0.3469
EVT139929,P010,S02,dairy,11,40,16,0,2026-06-08T15:52:01.237242,1,0.8374
EVT768633,P014,S03,bakery,9,35,3,0,2026-06-08T15:52:01.237245,1,0.5926
EVT634991,P014,S01,bakery,20,35,5,0,2026-06-08T15:52:01.237247,1,0.4901
EVT114362,P011,S03,frozen,5,45,8,1,2026-06-08T15:52:01.237249,1,0.5556
EVT953175,P002,S04,beverages,30,60,5,0,2026-06-08T15:52:01.237251,1,0.5222
EVT187444,P010,S01,beverages,48,60,6,0,2026-06-08T15:52:01.237254,0,0.4067
EVT818439,P003,S04,frozen,3,45,17,0,2026-06-08T15:52:01.237256,1,0.95
EVT795444,P018,S02,snacks,16,50,9,0,2026-06-08T15:52:01.237259,0,0.681
EVT841038,P005,S04,household,10,30,10,0,2026-06-08T15:52:01.237261,1,0.6944
EVT262452,P012,S01,snacks,6,50,3,0,2026-06-08T15:52:01.237263,0,0.6543
EVT745106,P018,S03,snacks,9,50,12,1,2026-06-08T15:52:01.237266,1,0.6023
EVT853687,P014,S03,bakery,1,35,5,0,2026-06-08T15:52:01.237269,0,0.7344
EVT428183,P006,S01,household,25,30,2,1,2026-06-08T15:52:01.237271,0,0.1139
EVT619842,P005,S03,snacks,30,50,5,0,2026-06-08T15:52:01.237273,1,0.4772
EVT678524,P006,S02,frozen,3,45,18,0,2026-06-08T15:52:01.237276,1,0.95
EVT640677,P016,S02,frozen,3,45,17,0,2026-06-08T15:52:01.237278,1,0.95
EVT513463,P016,S04,bakery,23,35,1,0,2026-06-08T15:52:01.237280,1,0.3737
EVT751870,P013,S04,snacks,8,50,15,1,2026-06-08T15:52:01.237283,0,0.6697
EVT326427,P013,S04,bakery,1,35,12,1,2026-06-08T15:52:01.237285,0,0.6705
EVT329088,P015,S03,beverages,5,60,3,0,2026-06-08T15:52:01.237288,1,0.6708
EVT949145,P009,S03,snacks,30,50,0,0,2026-06-08T15:52:01.237296,0,0.38
EVT465015,P016,S02,household,21,30,1,0,2026-06-08T15:52:01.237298,0,0.3544
EVT212753,P011,S04,dairy,5,40,14,0,2026-06-08T15:52:01.237300,1,0.866
EVT649720,P005,S02,household,28,30,4,0,2026-06-08T15:52:01.237303,0,0.3078
EVT756379,P012,S02,household,4,30,11,0,2026-06-08T15:52:01.237305,1,0.8039
EVT654531,P011,S02,frozen,35,45,6,0,2026-06-08T15:52:01.237308,0,0.4167
EVT424205,P006,S02,bakery,4,35,12,0,2026-06-08T15:52:01.237311,1,0.8319
EVT940842,P013,S01,bakery,15,35,4,0,2026-06-08T15:52:01.237313,0,0.5349
EVT750822,P018,S01,dairy,28,40,3,0,2026-06-08T15:52:01.237316,0,0.3933
EVT251813,P006,S01,frozen,20,45,1,0,2026-06-08T15:52:01.237318,0,0.4694
EVT610960,P008,S03,household,24,30,4,0,2026-06-08T15:52:01.237321,1,0.3678
EVT779528,P015,S03,household,7,30,13,1,2026-06-08T15:52:01.237323,1,0.5978
EVT961453,P008,S01,bakery,16,35,6,0,2026-06-08T15:52:01.237326,1,0.561
EVT437029,P003,S01,bakery,3,35,18,0,2026-06-08T15:52:01.237328,1,0.95
EVT340060,P009,S02,beverages,2,60,7,1,2026-06-08T15:52:01.237330,1,0.5711
EVT922950,P010,S03,beverages,36,60,6,0,2026-06-08T15:52:01.237333,0,0.4967
EVT466983,P004,S03,household,0,30,12,0,2026-06-08T15:52:01.237335,0,0.8833
EVT658818,P013,S01,frozen,31,45,6,0,2026-06-08T15:52:01.237337,1,0.4567
EVT936759,P017,S04,household,8,30,6,1,2026-06-08T15:52:01.237339,1,0.4467
EVT874063,P015,S03,household,8,30,12,0,2026-06-08T15:52:01.237342,1,0.7633
EVT312864,P008,S03,frozen,4,45,15,0,2026-06-08T15:52:01.237344,1,0.9017
EVT202665,P009,S04,household,3,30,7,1,2026-06-08T15:52:01.237347,1,0.5411
EVT874651,P011,S03,bakery,7,35,14,0,2026-06-08T15:52:01.237349,1,0.8322
EVT488664,P017,S02,bakery,30,35,6,0,2026-06-08T15:52:01.237351,0,0.381
EVT872880,P020,S02,beverages,39,60,3,1,2026-06-08T15:52:01.237354,0,0.2158
EVT707516,P005,S02,dairy,15,40,14,0,2026-06-08T15:52:01.237356,1,0.7535
EVT894051,P008,S03,dairy,37,40,1,0,2026-06-08T15:52:01.237359,1,0.2532
EVT190106,P015,S03,beverages,9,60,6,1,2026-06-08T15:52:01.237361,1,0.4992
EVT620982,P004,S01,beverages,57,60,5,1,2026-06-08T15:52:01.237363,0,0.1197
EVT707102,P006,S04,dairy,35,40,5,0,2026-06-08T15:52:01.237366,1,0.3535
EVT892667,P011,S04,bakery,7,35,10,0,2026-06-08T15:52:01.237369,1,0.7544
EVT214581,P016,S03,bakery,26,35,3,0,2026-06-08T15:52:01.237371,1,0.374
EVT852575,P008,S04,snacks,13,50,12,0,2026-06-08T15:52:01.237381,1,0.7663
EVT410401,P010,S04,bakery,21,35,5,0,2026-06-08T15:52:01.237383,0,0.4772
EVT162045,P004,S04,dairy,35,40,2,0,2026-06-08T15:52:01.237386,0,0.2951
EVT666828,P020,S02,snacks,7,50,18,0,2026-06-08T15:52:01.237388,1,0.937
EVT341101,P008,S03,beverages,58,60,3,0,2026-06-08T15:52:01.237391,1,0.2733
EVT993761,P007,S01,snacks,37,50,5,0,2026-06-08T15:52:01.237393,1,0.4142
EVT593708,P012,S04,bakery,26,35,3,0,2026-06-08T15:52:01.237396,1,0.374
EVT604650,P008,S03,beverages,41,60,2,0,2026-06-08T15:52:01.237398,0,0.3814
EVT326560,P003,S01,dairy,31,40,0,0,2026-06-08T15:52:01.237400,0,0.3012
EVT636152,P001,S02,household,12,30,10,0,2026-06-08T15:52:01.237403,1,0.6644
EVT414625,P014,S03,beverages,7,60,0,0,2026-06-08T15:52:01.237405,1,0.5975
EVT824732,P014,S01,beverages,5,60,17,0,2026-06-08T15:52:01.237407,1,0.9431
EVT654750,P019,S03,beverages,40,60,0,0,2026-06-08T15:52:01.237410,0,0.35
EVT273844,P009,S04,dairy,1,40,0,0,2026-06-08T15:52:01.237412,1,0.6387
EVT470769,P015,S02,household,23,30,5,0,2026-06-08T15:52:01.237414,0,0.4022
EVT969061,P012,S04,dairy,29,40,3,0,2026-06-08T15:52:01.237417,0,0.3821
EVT293241,P016,S03,household,28,30,1,1,2026-06-08T15:52:01.237419,0,0.05
EVT660254,P017,S04,bakery,31,35,0,0,2026-06-08T15:52:01.237422,0,0.2514
EVT310652,P004,S02,bakery,8,35,15,0,2026-06-08T15:52:01.237424,1,0.8388
EVT390355,P011,S04,household,25,30,1,0,2026-06-08T15:52:01.237427,0,0.2944
EVT348993,P004,S04,beverages,46,60,0,0,2026-06-08T15:52:01.237429,0,0.305
EVT175866,P013,S04,snacks,15,50,12,0,2026-06-08T15:52:01.237432,1,0.7483
EVT263980,P006,S02,snacks,25,50,5,0,2026-06-08T15:52:01.237434,0,0.5222
EVT260375,P015,S01,frozen,27,45,6,0,2026-06-08T15:52:01.237436,0,0.4967
EVT629058,P006,S04,dairy,13,40,11,0,2026-06-08T15:52:01.237439,0,0.7176
EVT749390,P006,S01,dairy,38,40,3,0,2026-06-08T15:52:01.237441,0,0.2808
EVT946411,P018,S01,dairy,2,40,11,0,2026-06-08T15:52:01.237444,1,0.8414
EVT516025,P017,S03,dairy,5,40,18,0,2026-06-08T15:52:01.237446,1,0.9437
EVT431101,P015,S02,dairy,16,40,8,1,2026-06-08T15:52:01.237449,0,0.4256
EVT628339,P001,S01,bakery,8,35,6,0,2026-06-08T15:52:01.237451,1,0.6638
EVT874928,P003,S04,dairy,35,40,1,0,2026-06-08T15:52:01.237454,0,0.2757
EVT888244,P012,S03,frozen,31,45,6,0,2026-06-08T15:52:01.237456,1,0.4567
EVT155013,P006,S01,snacks,31,50,2,0,2026-06-08T15:52:01.237459,0,0.4099
EVT584656,P017,S03,beverages,0,60,13,1,2026-06-08T15:52:01.237461,0,0.7028
EVT311611,P005,S02,bakery,20,35,6,0,2026-06-08T15:52:01.237464,1,0.5095
EVT550302,P013,S03,bakery,9,35,1,0,2026-06-08T15:52:01.237466,1,0.5537
EVT479287,P016,S03,bakery,35,35,5,0,2026-06-08T15:52:01.237472,0,0.2972
EVT559839,P020,S01,beverages,12,60,6,1,2026-06-08T15:52:01.237475,0,0.4767
EVT507251,P018,S02,household,20,30,2,0,2026-06-08T15:52:01.237477,0,0.3889
EVT848629,P009,S01,beverages,7,60,5,0,2026-06-08T15:52:01.237479,1,0.6947
EVT365521,P003,S03,frozen,0,45,15,1,2026-06-08T15:52:01.237482,0,0.7417
EVT285500,P004,S04,dairy,16,40,12,0,2026-06-08T15:52:01.237486,1,0.7033
EVT904310,P012,S02,snacks,32,50,2,0,2026-06-08T15:52:01.237488,0,0.4009
EVT610732,P017,S03,household,14,30,6,1,2026-06-08T15:52:01.237491,0,0.3567
EVT487530,P003,S01,snacks,27,50,3,0,2026-06-08T15:52:01.237493,0,0.4653
EVT349339,P006,S03,household,24,30,0,0,2026-06-08T15:52:01.237496,0,0.29
EVT975824,P005,S03,dairy,6,40,12,0,2026-06-08T15:52:01.237498,1,0.8158
EVT135625,P010,S04,snacks,6,50,14,0,2026-06-08T15:52:01.237500,1,0.8682
EVT798602,P014,S02,snacks,2,50,1,0,2026-06-08T15:52:01.237502,1,0.6514
EVT533986,P004,S02,frozen,0,45,10,1,2026-06-08T15:52:01.237505,1,0.6444
EVT757575,P007,S02,household,9,30,1,0,2026-06-08T15:52:01.237507,1,0.5344
EVT617209,P005,S04,beverages,53,60,3,1,2026-06-08T15:52:01.237509,1,0.1108
EVT453801,P002,S02,snacks,28,50,6,0,2026-06-08T15:52:01.237512,1,0.5147
EVT729722,P016,S02,household,2,30,15,1,2026-06-08T15:52:01.237514,0,0.7117
EVT349530,P008,S01,bakery,0,35,6,1,2026-06-08T15:52:01.237516,0,0.5667
EVT928662,P003,S02,bakery,16,35,3,0,2026-06-08T15:52:01.237519,0,0.5026
EVT314452,P008,S03,beverages,6,60,13,1,2026-06-08T15:52:01.237521,1,0.6578
EVT584742,P016,S03,household,10,30,0,0,2026-06-08T15:52:01.237524,0,0.5
EVT679167,P008,S02,beverages,6,60,11,1,2026-06-08T15:52:01.237526,1,0.6189
EVT256540,P017,S03,frozen,3,45,18,0,2026-06-08T15:52:01.237528,1,0.95
EVT917222,P009,S04,frozen,4,45,16,0,2026-06-08T15:52:01.237531,1,0.9211
EVT623007,P012,S01,beverages,52,60,4,0,2026-06-08T15:52:01.237533,1,0.3378
EVT509319,P014,S02,dairy,8,40,18,0,2026-06-08T15:52:01.237536,1,0.91
EVT360817,P017,S04,dairy,18,40,1,0,2026-06-08T15:52:01.237538,0,0.4669
EVT920675,P016,S01,household,7,30,3,0,2026-06-08T15:52:01.237541,1,0.6033
EVT530830,P009,S03,frozen,22,45,2,0,2026-06-08T15:52:01.237543,1,0.4689
EVT470798,P013,S01,household,16,30,4,0,2026-06-08T15:52:01.237546,1,0.4878
EVT498979,P004,S04,dairy,29,40,6,0,2026-06-08T15:52:01.237548,0,0.4404
EVT810369,P004,S02,dairy,1,40,11,0,2026-06-08T15:52:01.237550,1,0.8526
EVT775498,P004,S04,frozen,15,45,9,0,2026-06-08T15:52:01.237553,1,0.675
EVT868606,P002,S02,snacks,17,50,13,0,2026-06-08T15:52:01.237555,1,0.7498
EVT270245,P005,S02,snacks,37,50,6,0,2026-06-08T15:52:01.237557,1,0.4337
EVT274642,P005,S01,snacks,15,50,15,0,2026-06-08T15:52:01.237560,0,0.8067
EVT697261,P013,S04,bakery,25,35,3,0,2026-06-08T15:52:01.237562,1,0.3869
EVT649279,P015,S03,frozen,24,45,6,0,2026-06-08T15:52:01.237565,1,0.5267
EVT650418,P001,S02,frozen,38,45,5,1,2026-06-08T15:52:01.237568,0,0.1672
EVT900679,P005,S03,frozen,7,45,13,1,2026-06-08T15:52:01.237574,1,0.6328
EVT378224,P015,S04,household,9,30,8,0,2026-06-08T15:52:01.237577,1,0.6706
EVT737697,P019,S01,household,4,30,13,0,2026-06-08T15:52:01.237579,0,0.8428
EVT514978,P003,S04,snacks,0,50,10,1,2026-06-08T15:52:01.237581,1,0.6444
EVT574317,P002,S02,bakery,25,35,0,0,2026-06-08T15:52:01.237584,0,0.3286
EVT820095,P004,S02,frozen,18,45,10,0,2026-06-08T15:52:01.237586,1,0.6644
EVT817918,P006,S01,bakery,15,35,11,0,2026-06-08T15:52:01.237588,1,0.671
EVT294952,P019,S02,bakery,7,35,16,0,2026-06-08T15:52:01.237591,1,0.8711
EVT260512,P006,S04,bakery,20,35,1,0,2026-06-08T15:52:01.237593,0,0.4123
EVT262151,P010,S04,bakery,0,35,10,1,2026-06-08T15:52:01.237596,1,0.6444
EVT380914,P015,S04,frozen,23,45,0,0,2026-06-08T15:52:01.237598,0,0.42
EVT324250,P018,S02,bakery,23,35,5,0,2026-06-08T15:52:01.237600,0,0.4515
EVT466659,P009,S01,bakery,0,35,2,0,2026-06-08T15:52:01.237603,0,0.6889
EVT691776,P010,S03,frozen,5,45,12,0,2026-06-08T15:52:01.237605,1,0.8333
EVT815647,P005,S04,bakery,6,35,12,0,2026-06-08T15:52:01.237607,1,0.8062
EVT728210,P006,S04,household,16,30,3,0,2026-06-08T15:52:01.237609,0,0.4683
EVT395108,P009,S02,bakery,14,35,8,0,2026-06-08T15:52:01.237612,1,0.6256
EVT674536,P013,S04,dairy,35,40,4,0,2026-06-08T15:52:01.237615,0,0.334
EVT919831,P015,S02,frozen,30,45,1,0,2026-06-08T15:52:01.237618,0,0.3694
EVT330206,P019,S02,frozen,24,45,6,0,2026-06-08T15:52:01.237622,0,0.5267
EVT168749,P018,S02,beverages,8,60,9,0,2026-06-08T15:52:01.237625,1,0.765
EVT710582,P001,S02,frozen,31,45,0,0,2026-06-08T15:52:01.237629,1,0.34
EVT803481,P019,S04,dairy,22,40,1,0,2026-06-08T15:52:01.237632,0,0.4219
EVT421045,P015,S04,household,8,30,9,0,2026-06-08T15:52:01.237635,1,0.705
EVT414989,P014,S01,beverages,32,60,2,0,2026-06-08T15:52:01.237638,0,0.4489
EVT244663,P006,S03,frozen,26,45,0,0,2026-06-08T15:52:01.237640,0,0.39
EVT227210,P011,S03,snacks,9,50,11,1,2026-06-08T15:52:01.237643,1,0.5829
EVT493895,P002,S01,bakery,12,35,13,1,2026-06-08T15:52:01.237645,1,0.5485
EVT191498,P018,S02,beverages,7,60,13,0,2026-06-08T15:52:01.237647,1,0.8503
EVT217122,P020,S01,frozen,26,45,3,0,2026-06-08T15:52:01.237650,0,0.4483
EVT725226,P018,S02,beverages,41,60,3,0,2026-06-08T15:52:01.237652,1,0.4008
EVT459685,P016,S04,beverages,28,60,0,0,2026-06-08T15:52:01.237655,0,0.44
EVT509685,P002,S03,beverages,39,60,2,0,2026-06-08T15:52:01.237657,0,0.3964
EVT995696,P004,S03,snacks,9,50,13,1,2026-06-08T15:52:01.237660,0,0.6218
EVT650992,P004,S04,household,16,30,2,0,2026-06-08T15:52:01.237662,1,0.4489
EVT773517,P006,S03,bakery,4,35,12,0,2026-06-08T15:52:01.237665,1,0.8319
EVT862068,P015,S01,beverages,16,60,15,0,2026-06-08T15:52:01.237667,1,0.8217
EVT407910,P018,S02,frozen,28,45,3,0,2026-06-08T15:52:01.237670,0,0.4283
EVT737093,P007,S04,bakery,13,35,11,0,2026-06-08T15:52:01.237673,1,0.6967
EVT555425,P010,S01,beverages,22,60,14,0,2026-06-08T15:52:01.237676,1,0.7572
EVT320428,P012,S04,dairy,28,40,6,0,2026-06-08T15:52:01.237678,1,0.4517
EVT230950,P004,S02,household,14,30,5,0,2026-06-08T15:52:01.237681,0,0.5372
EVT890483,P007,S01,frozen,17,45,9,0,2026-06-08T15:52:01.237683,1,0.655
EVT270916,P006,S04,frozen,44,45,2,0,2026-06-08T15:52:01.237686,0,0.2489
EVT652006,P003,S04,household,13,30,15,0,2026-06-08T15:52:01.237688,1,0.7467
EVT523977,P018,S02,bakery,0,35,10,0,2026-06-08T15:52:01.237691,1,0.8444
EVT651081,P011,S04,beverages,9,60,0,0,2026-06-08T15:52:01.237693,1,0.5825
EVT212695,P011,S03,bakery,12,35,9,0,2026-06-08T15:52:01.237696,1,0.6707
EVT350171,P007,S01,bakery,8,35,10,0,2026-06-08T15:52:01.237699,1,0.7416
EVT347134,P008,S03,frozen,11,45,11,0,2026-06-08T15:52:01.237701,1,0.7539
EVT971089,P009,S03,bakery,24,35,6,0,2026-06-08T15:52:01.237704,0,0.4581
EVT683858,P018,S02,frozen,1,45,13,1,2026-06-08T15:52:01.237711,1,0.6928
EVT738263,P006,S04,bakery,27,35,0,0,2026-06-08T15:52:01.237714,0,0.3029
EVT628383,P008,S03,beverages,13,60,14,0,2026-06-08T15:52:01.237717,1,0.8247
EVT346219,P018,S03,beverages,6,60,6,1,2026-06-08T15:52:01.237720,0,0.5217
EVT404077,P020,S04,household,6,30,10,0,2026-06-08T15:52:01.237722,1,0.7544
EVT164050,P007,S04,household,7,30,4,0,2026-06-08T15:52:01.237724,0,0.6228
EVT873338,P001,S02,household,28,30,3,0,2026-06-08T15:52:01.237727,1,0.2883
EVT993792,P017,S04,dairy,10,40,4,0,2026-06-08T15:52:01.237730,0,0.6153
EVT189558,P009,S01,dairy,30,40,0,0,2026-06-08T15:52:01.237732,0,0.3125
EVT499000,P018,S01,dairy,0,40,10,0,2026-06-08T15:52:01.237735,1,0.8444
EVT685142,P016,S04,bakery,32,35,3,0,2026-06-08T15:52:01.237737,1,0.2969
EVT909974,P006,S02,dairy,8,40,9,0,2026-06-08T15:52:01.237740,1,0.735
EVT259134,P016,S01,frozen,37,45,1,0,2026-06-08T15:52:01.237742,1,0.2994
EVT128432,P011,S02,bakery,4,35,14,0,2026-06-08T15:52:01.237745,1,0.8708
EVT206108,P002,S03,snacks,29,50,4,0,2026-06-08T15:52:01.237747,0,0.4668
EVT542855,P012,S01,frozen,44,45,4,0,2026-06-08T15:52:01.237750,0,0.2878
EVT712210,P019,S03,household,18,30,7,1,2026-06-08T15:52:01.237752,1,0.3161
EVT614734,P019,S01,snacks,29,50,2,0,2026-06-08T15:52:01.237755,0,0.4279
EVT246770,P012,S01,bakery,31,35,4,0,2026-06-08T15:52:01.237757,1,0.3292
EVT448176,P006,S03,snacks,46,50,6,0,2026-06-08T15:52:01.237760,0,0.3527
EVT595979,P002,S01,snacks,18,50,16,0,2026-06-08T15:52:01.237762,1,0.7991
EVT645700,P008,S01,snacks,17,50,9,1,2026-06-08T15:52:01.237765,0,0.472
EVT138231,P002,S01,bakery,9,35,2,0,2026-06-08T15:52:01.237767,0,0.5732
EVT278753,P014,S02,household,13,30,4,1,2026-06-08T15:52:01.237770,1,0.3328
EVT794656,P019,S03,bakery,8,35,7,1,2026-06-08T15:52:01.237772,1,0.4833
EVT168051,P015,S01,dairy,4,40,15,0,2026-06-08T15:52:01.237775,1,0.8967
EVT773577,P015,S01,household,8,30,11,1,2026-06-08T15:52:01.237778,0,0.5439
EVT760702,P003,S03,bakery,17,35,4,0,2026-06-08T15:52:01.237780,0,0.5092
EVT392049,P002,S01,bakery,14,35,16,0,2026-06-08T15:52:01.237783,1,0.7811
EVT240199,P001,S04,beverages,8,60,11,0,2026-06-08T15:52:01.237786,1,0.8039
EVT341452,P013,S04,beverages,53,60,6,0,2026-06-08T15:52:01.237793,0,0.3692
EVT483535,P013,S01,household,15,30,1,0,2026-06-08T15:52:01.237796,0,0.4444
EVT846539,P011,S03,snacks,25,50,1,0,2026-06-08T15:52:01.237803,0,0.4444
EVT106630,P004,S04,beverages,34,60,1,0,2026-06-08T15:52:01.237806,0,0.4144
EVT706360,P018,S04,snacks,0,50,11,0,2026-06-08T15:52:01.237808,1,0.8639
EVT922100,P017,S04,dairy,5,40,1,0,2026-06-08T15:52:01.237811,0,0.6132
EVT616283,P015,S01,frozen,36,45,3,0,2026-06-08T15:52:01.237813,1,0.3483
EVT204097,P007,S03,bakery,7,35,16,0,2026-06-08T15:52:01.237816,1,0.8711
EVT666442,P001,S02,household,9,30,8,0,2026-06-08T15:52:01.237819,0,0.6706
EVT894247,P015,S02,bakery,9,35,10,1,2026-06-08T15:52:01.237821,1,0.5287
EVT539984,P013,S03,household,24,30,1,0,2026-06-08T15:52:01.237824,1,0.3094
EVT893240,P010,S01,beverages,7,60,18,0,2026-06-08T15:52:01.237827,1,0.9475
EVT193070,P007,S01,frozen,13,45,11,0,2026-06-08T15:52:01.237829,1,0.7339
EVT598052,P005,S02,household,22,30,0,1,2026-06-08T15:52:01.237832,0,0.12
EVT772916,P017,S04,beverages,34,60,0,1,2026-06-08T15:52:01.237834,1,0.195
EVT165666,P016,S01,household,7,30,13,0,2026-06-08T15:52:01.237837,1,0.7978
EVT821760,P003,S01,beverages,52,60,6,0,2026-06-08T15:52:01.237839,0,0.3767
EVT269812,P004,S02,bakery,7,35,15,0,2026-06-08T15:52:01.237842,0,0.8517
EVT521982,P020,S01,frozen,44,45,3,1,2026-06-08T15:52:01.237844,0,0.0683
EVT607465,P007,S04,bakery,12,35,10,0,2026-06-08T15:52:01.237847,0,0.6902
EVT253081,P015,S04,snacks,45,50,5,0,2026-06-08T15:52:01.237849,0,0.3422
EVT125200,P009,S02,frozen,40,45,2,0,2026-06-08T15:52:01.237852,1,0.2889
EVT838035,P005,S03,bakery,3,35,14,0,2026-06-08T15:52:01.237855,1,0.8837
EVT505377,P009,S03,beverages,6,60,12,0,2026-06-08T15:52:01.237857,1,0.8383
EVT604877,P015,S01,frozen,42,45,4,0,2026-06-08T15:52:01.237860,0,0.3078
EVT434890,P002,S04,frozen,20,45,4,0,2026-06-08T15:52:01.237862,1,0.5278
EVT648852,P011,S02,frozen,1,45,17,0,2026-06-08T15:52:01.237865,1,0.95
EVT351056,P012,S04,snacks,29,50,1,1,2026-06-08T15:52:01.237867,0,0.2084
EVT730506,P009,S01,beverages,4,60,4,0,2026-06-08T15:52:01.237870,0,0.6978
EVT312112,P002,S02,snacks,9,50,2,0,2026-06-08T15:52:01.237872,0,0.6079
EVT176871,P009,S02,dairy,2,40,6,1,2026-06-08T15:52:01.237874,1,0.5442
EVT807212,P020,S02,bakery,21,35,2,0,2026-06-08T15:52:01.237877,0,0.4189
EVT625589,P001,S04,bakery,2,35,14,1,2026-06-08T15:52:01.237879,0,0.6965
EVT159486,P001,S02,dairy,34,40,1,0,2026-06-08T15:52:01.237882,1,0.2869
EVT802947,P011,S04,beverages,12,60,9,1,2026-06-08T15:52:01.237885,1,0.535
EVT265044,P016,S03,frozen,42,45,3,0,2026-06-08T15:52:01.237892,0,0.2883
EVT884996,P013,S03,frozen,0,45,0,0,2026-06-08T15:52:01.237895,0,0.65
EVT856067,P001,S04,household,27,30,6,0,2026-06-08T15:52:01.237897,1,0.3617
EVT861481,P006,S02,frozen,5,45,11,1,2026-06-08T15:52:01.237900,0,0.6139
EVT153270,P013,S03,dairy,5,40,4,0,2026-06-08T15:52:01.237902,1,0.6715
EVT900879,P017,S01,beverages,48,60,0,0,2026-06-08T15:52:01.237905,0,0.29
EVT858752,P017,S03,household,14,30,0,1,2026-06-08T15:52:01.237907,0,0.24
EVT170662,P005,S02,dairy,32,40,6,0,2026-06-08T15:52:01.237910,1,0.4067
EVT868218,P019,S01,bakery,10,35,6,1,2026-06-08T15:52:01.237912,0,0.4381
EVT968352,P010,S04,dairy,22,40,2,0,2026-06-08T15:52:01.237915,1,0.4414
EVT561721,P010,S01,beverages,47,60,0,1,2026-06-08T15:52:01.237917,0,0.0975
EVT674340,P003,S02,beverages,42,60,4,0,2026-06-08T15:52:01.237920,1,0.4128
EVT265063,P015,S01,household,0,30,1,0,2026-06-08T15:52:01.237922,0,0.6694
EVT347794,P005,S03,beverages,31,60,0,0,2026-06-08T15:52:01.237925,0,0.4175
EVT663185,P002,S03,household,6,30,12,0,2026-06-08T15:52:01.237927,1,0.7933
EVT305112,P016,S03,dairy,27,40,0,0,2026-06-08T15:52:01.237930,1,0.3462
EVT590270,P016,S02,household,6,30,11,0,2026-06-08T15:52:01.237932,1,0.7739
EVT898297,P005,S04,household,9,30,4,0,2026-06-08T15:52:01.237935,1,0.5928
EVT739672,P006,S01,household,28,30,2,0,2026-06-08T15:52:01.237938,0,0.2689
EVT754114,P018,S04,frozen,6,45,9,1,2026-06-08T15:52:01.237941,1,0.565
EVT416528,P014,S03,frozen,24,45,0,0,2026-06-08T15:52:01.237943,0,0.41
EVT888710,P001,S01,frozen,7,45,12,1,2026-06-08T15:52:01.237946,1,0.6133
EVT619113,P019,S03,dairy,0,40,17,0,2026-06-08T15:52:01.237948,1,0.95
EVT285286,P018,S03,frozen,20,45,11,0,2026-06-08T15:52:01.237951,0,0.6639
EVT506917,P009,S01,household,3,30,11,0,2026-06-08T15:52:01.237953,1,0.8189
EVT423001,P019,S02,snacks,5,50,1,0,2026-06-08T15:52:01.237956,0,0.6244
EVT631755,P002,S04,beverages,34,60,3,0,2026-06-08T15:52:01.237958,0,0.4533
EVT954932,P018,S03,bakery,1,35,14,0,2026-06-08T15:52:01.237961,1,0.9094
EVT214088,P004,S02,snacks,23,50,5,0,2026-06-08T15:52:01.237964,1,0.5402
EVT291830,P003,S02,bakery,29,35,5,0,2026-06-08T15:52:01.237966,1,0.3744
EVT932477,P004,S01,frozen,3,45,1,0,2026-06-08T15:52:01.237968,1,0.6394
EVT475103,P002,S04,bakery,12,35,8,0,2026-06-08T15:52:01.237972,1,0.6513
EVT669975,P019,S04,snacks,7,50,15,0,2026-06-08T15:52:01.237974,0,0.8787
EVT795090,P002,S01,bakery,26,35,4,0,2026-06-08T15:52:01.237976,0,0.3935
EVT274179,P012,S03,household,16,30,5,0,2026-06-08T15:52:01.237979,0,0.5072
EVT435257,P009,S04,snacks,6,50,5,0,2026-06-08T15:52:01.237981,0,0.6932
EVT299836,P011,S01,household,22,30,1,1,2026-06-08T15:52:01.237984,0,0.1394
EVT403727,P013,S04,snacks,14,50,13,0,2026-06-08T15:52:01.237987,0,0.7768
EVT775750,P018,S01,household,13,30,2,0,2026-06-08T15:52:01.237990,1,0.4939
EVT214000,P014,S01,household,4,30,4,0,2026-06-08T15:52:01.237997,1,0.6678
EVT838636,P001,S03,frozen,42,45,4,0,2026-06-08T15:52:01.237999,0,0.3078
EVT493617,P020,S02,household,4,30,13,1,2026-06-08T15:52:01.238002,0,0.6428
EVT845924,P013,S02,bakery,32,35,3,0,2026-06-08T15:52:01.238004,0,0.2969
EVT140016,P008,S03,household,22,30,6,0,2026-06-08T15:52:01.238006,1,0.4367
EVT236236,P018,S01,dairy,17,40,14,0,2026-06-08T15:52:01.238009,0,0.731
EVT237771,P011,S01,dairy,12,40,9,0,2026-06-08T15:52:01.238011,1,0.69
EVT997980,P017,S01,dairy,36,40,3,0,2026-06-08T15:52:01.238013,0,0.3033
EVT319836,P015,S04,bakery,1,35,10,0,2026-06-08T15:52:01.238016,1,0.8316
EVT358793,P009,S01,beverages,60,60,3,0,2026-06-08T15:52:01.238018,1,0.2583
EVT377731,P011,S02,beverages,3,60,13,0,2026-06-08T15:52:01.238021,1,0.8803
EVT566973,P014,S03,bakery,22,35,2,0,2026-06-08T15:52:01.238023,1,0.406
EVT310424,P008,S04,dairy,22,40,1,0,2026-06-08T15:52:01.238025,0,0.4219
EVT990877,P019,S03,household,3,30,16,0,2026-06-08T15:52:01.238028,1,0.9161
EVT410055,P013,S03,frozen,41,45,0,1,2026-06-08T15:52:01.238030,0,0.05
EVT848851,P003,S01,household,2,30,2,0,2026-06-08T15:52:01.238032,1,0.6589
EVT616902,P020,S04,dairy,6,40,17,0,2026-06-08T15:52:01.238035,0,0.9131
EVT466837,P001,S04,frozen,10,45,15,0,2026-06-08T15:52:01.238037,1,0.8417
EVT429631,P010,S03,beverages,2,60,10,0,2026-06-08T15:52:01.238039,1,0.8294
EVT911468,P002,S01,snacks,0,50,16,0,2026-06-08T15:52:01.238042,1,0.95
EVT578260,P020,S02,bakery,17,35,2,0,2026-06-08T15:52:01.238044,1,0.4703
EVT394536,P017,S03,snacks,6,50,15,1,2026-06-08T15:52:01.238047,1,0.6877
EVT621335,P008,S03,bakery,6,35,11,0,2026-06-08T15:52:01.238049,1,0.7867
EVT764609,P015,S02,bakery,25,35,4,0,2026-06-08T15:52:01.238051,0,0.4063
EVT630126,P010,S01,snacks,12,50,15,1,2026-06-08T15:52:01.238057,0,0.6337
EVT254867,P010,S02,household,2,30,3,0,2026-06-08T15:52:01.238059,1,0.6783
EVT156531,P012,S02,frozen,31,45,1,0,2026-06-08T15:52:01.238062,1,0.3594
EVT962962,P005,S01,beverages,4,60,12,0,2026-06-08T15:52:01.238064,1,0.8533
EVT470456,P012,S03,household,12,30,9,1,2026-06-08T15:52:01.238067,1,0.445
EVT850976,P003,S01,dairy,22,40,6,0,2026-06-08T15:52:01.238069,0,0.5192
EVT690159,P008,S03,household,16,30,4,0,2026-06-08T15:52:01.238071,0,0.4878
EVT887138,P001,S03,snacks,17,50,15,0,2026-06-08T15:52:01.238074,1,0.7887
EVT984269,P017,S04,frozen,24,45,5,0,2026-06-08T15:52:01.238076,0,0.5072
EVT151893,P007,S01,beverages,15,60,14,0,2026-06-08T15:52:01.238078,1,0.8097
EVT328424,P001,S02,bakery,8,35,4,0,2026-06-08T15:52:01.238081,0,0.6249
EVT538951,P001,S03,bakery,26,35,1,0,2026-06-08T15:52:01.238083,1,0.3352
EVT254409,P003,S02,dairy,2,40,16,0,2026-06-08T15:52:01.238085,1,0.9386
EVT327680,P012,S03,bakery,7,35,6,1,2026-06-08T15:52:01.238088,0,0.4767
EVT669002,P018,S04,household,21,30,6,0,2026-06-08T15:52:01.238090,1,0.4517
EVT706560,P005,S04,beverages,13,60,11,0,2026-06-08T15:52:01.238093,0,0.7664
EVT708323,P015,S04,snacks,17,50,10,1,2026-06-08T15:52:01.238096,0,0.4914
EVT174043,P018,S04,beverages,27,60,4,0,2026-06-08T15:52:01.238098,0,0.5253
EVT266245,P008,S04,dairy,6,40,18,0,2026-06-08T15:52:01.238100,1,0.9325
EVT301480,P014,S02,household,17,30,10,0,2026-06-08T15:52:01.238103,1,0.5894
EVT920698,P007,S04,bakery,8,35,4,0,2026-06-08T15:52:01.238105,0,0.6249
EVT100721,P006,S02,frozen,32,45,5,0,2026-06-08T15:52:01.238107,1,0.4272
EVT304100,P010,S04,frozen,20,45,11,0,2026-06-08T15:52:01.238110,1,0.6639
EVT327057,P010,S01,beverages,26,60,13,0,2026-06-08T15:52:01.238113,1,0.7078
EVT379832,P006,S04,bakery,26,35,5,0,2026-06-08T15:52:01.238115,0,0.4129
EVT220863,P008,S03,beverages,16,60,13,0,2026-06-08T15:52:01.238121,1,0.7828
EVT390486,P002,S04,household,18,30,6,1,2026-06-08T15:52:01.238123,1,0.2967
EVT578783,P007,S01,beverages,38,60,2,0,2026-06-08T15:52:01.238126,0,0.4039
EVT896839,P020,S02,household,8,30,13,0,2026-06-08T15:52:01.238128,1,0.7828
EVT810676,P003,S01,snacks,20,50,13,0,2026-06-08T15:52:01.238131,1,0.7228
EVT997167,P020,S02,household,5,30,7,1,2026-06-08T15:52:01.238133,1,0.5111
EVT821874,P020,S03,household,13,30,14,0,2026-06-08T15:52:01.238135,1,0.7272
EVT902146,P005,S04,dairy,0,40,14,0,2026-06-08T15:52:01.238138,1,0.9222
EVT101369,P006,S02,dairy,22,40,6,0,2026-06-08T15:52:01.238140,1,0.5192
EVT951422,P008,S03,beverages,52,60,6,0,2026-06-08T15:52:01.238143,1,0.3767
EVT886711,P016,S04,dairy,26,40,2,0,2026-06-08T15:52:01.238145,0,0.3964
EVT543180,P018,S01,snacks,41,50,0,0,2026-06-08T15:52:01.238148,1,0.281
EVT352543,P015,S04,snacks,41,50,3,0,2026-06-08T15:52:01.238150,0,0.3393
EVT727686,P011,S04,beverages,40,60,5,0,2026-06-08T15:52:01.238153,1,0.4472
EVT763102,P012,S02,dairy,27,40,3,0,2026-06-08T15:52:01.238155,0,0.4046
EVT143869,P016,S02,household,15,30,2,1,2026-06-08T15:52:01.238157,1,0.2639
EVT333605,P018,S03,household,1,30,4,0,2026-06-08T15:52:01.238160,1,0.7128
EVT962578,P015,S01,bakery,28,35,4,1,2026-06-08T15:52:01.238162,0,0.1678
EVT154161,P003,S02,dairy,39,40,3,0,2026-06-08T15:52:01.238164,1,0.2696
EVT361261,P017,S02,bakery,34,35,4,0,2026-06-08T15:52:01.238167,0,0.2906
EVT994702,P020,S01,household,3,30,15,0,2026-06-08T15:52:01.238169,1,0.8967
EVT754150,P018,S01,snacks,44,50,4,0,2026-06-08T15:52:01.238171,0,0.3318
EVT906568,P013,S04,household,14,30,2,0,2026-06-08T15:52:01.238174,1,0.4789
EVT355042,P004,S01,snacks,47,50,5,0,2026-06-08T15:52:01.238176,1,0.3242
EVT946479,P017,S04,frozen,4,45,5,0,2026-06-08T15:52:01.238178,0,0.7072
EVT228148,P004,S02,dairy,15,40,8,0,2026-06-08T15:52:01.238180,1,0.6368
EVT474751,P004,S02,household,10,30,11,0,2026-06-08T15:52:01.238183,1,0.7139
EVT312830,P013,S04,dairy,10,40,11,0,2026-06-08T15:52:01.238185,0,0.7514
EVT775944,P009,S04,snacks,3,50,18,0,2026-06-08T15:52:01.238188,1,0.95
EVT346478,P013,S01,beverages,9,60,2,0,2026-06-08T15:52:01.238190,0,0.6214
EVT176442,P015,S03,bakery,16,35,0,0,2026-06-08T15:52:01.238193,1,0.4443
EVT158961,P003,S01,beverages,1,60,8,1,2026-06-08T15:52:01.238195,1,0.5981
EVT229782,P005,S04,frozen,23,45,1,0,2026-06-08T15:52:01.238197,1,0.4394
EVT657111,P012,S03,household,13,30,10,0,2026-06-08T15:52:01.238200,0,0.6494
EVT486995,P017,S02,bakery,15,35,13,0,2026-06-08T15:52:01.238202,1,0.7099
EVT904744,P018,S03,frozen,42,45,4,0,2026-06-08T15:52:01.238204,0,0.3078
EVT200759,P019,S04,snacks,44,50,3,0,2026-06-08T15:52:01.238207,0,0.3123
EVT272398,P014,S01,snacks,40,50,5,0,2026-06-08T15:52:01.238209,0,0.3872
EVT907144,P002,S01,bakery,15,35,7,1,2026-06-08T15:52:01.238211,1,0.3933
EVT984126,P017,S02,dairy,9,40,16,0,2026-06-08T15:52:01.238218,1,0.8599
EVT225539,P018,S03,beverages,5,60,4,0,2026-06-08T15:52:01.238221,1,0.6903
EVT277332,P006,S03,beverages,41,60,2,0,2026-06-08T15:52:01.238223,0,0.3814
EVT844071,P009,S01,dairy,31,40,3,0,2026-06-08T15:52:01.238226,0,0.3596
EVT972186,P018,S03,snacks,37,50,4,0,2026-06-08T15:52:01.238228,1,0.3948
EVT727493,P007,S01,snacks,5,50,13,0,2026-06-08T15:52:01.238230,0,0.8578
EVT129759,P004,S03,beverages,14,60,8,0,2026-06-08T15:52:01.238233,1,0.7006
EVT587525,P006,S04,household,20,30,5,0,2026-06-08T15:52:01.238235,1,0.4472
EVT538938,P017,S02,beverages,34,60,1,0,2026-06-08T15:52:01.238238,1,0.4144
EVT523141,P008,S03,dairy,37,40,4,0,2026-06-08T15:52:01.238240,0,0.3115
EVT586706,P009,S01,beverages,51,60,0,0,2026-06-08T15:52:01.238243,1,0.2675
EVT209940,P010,S04,beverages,26,60,9,0,2026-06-08T15:52:01.238245,1,0.63
EVT615155,P003,S03,snacks,22,50,9,0,2026-06-08T15:52:01.238248,0,0.627
EVT204322,P001,S01,household,1,30,3,0,2026-06-08T15:52:01.238251,1,0.6933
EVT431809,P018,S03,frozen,19,45,15,0,2026-06-08T15:52:01.238253,1,0.7517
EVT592726,P019,S03,snacks,39,50,5,0,2026-06-08T15:52:01.238256,1,0.3962
EVT544759,P014,S03,household,29,30,0,0,2026-06-08T15:52:01.238258,0,0.215
EVT101629,P004,S04,dairy,29,40,4,0,2026-06-08T15:52:01.238260,1,0.4015
EVT467092,P017,S04,household,11,30,10,0,2026-06-08T15:52:01.238263,1,0.6794
EVT219277,P003,S04,frozen,35,45,1,0,2026-06-08T15:52:01.238265,0,0.3194
EVT477184,P010,S03,dairy,8,40,15,0,2026-06-08T15:52:01.238267,1,0.8517
EVT651589,P005,S03,bakery,29,35,4,0,2026-06-08T15:52:01.238270,0,0.3549
EVT468201,P010,S01,household,30,30,4,0,2026-06-08T15:52:01.238272,0,0.2778
EVT989681,P013,S01,bakery,24,35,1,0,2026-06-08T15:52:01.238275,1,0.3609
EVT983790,P008,S01,dairy,21,40,3,0,2026-06-08T15:52:01.238277,1,0.4721
EVT638380,P014,S03,frozen,41,45,2,1,2026-06-08T15:52:01.238279,0,0.0789
EVT285285,P008,S03,frozen,29,45,2,0,2026-06-08T15:52:01.238282,1,0.3989
EVT511441,P020,S01,frozen,41,45,5,0,2026-06-08T15:52:01.238284,1,0.3372
EVT640462,P014,S02,beverages,2,60,3,0,2026-06-08T15:52:01.238286,0,0.6933
EVT890931,P016,S03,beverages,2,60,3,0,2026-06-08T15:52:01.238289,0,0.6933
EVT787698,P012,S03,snacks,13,50,11,0,2026-06-08T15:52:01.238291,1,0.7469
EVT296201,P007,S02,snacks,15,50,9,0,2026-06-08T15:52:01.238294,1,0.69
EVT367704,P014,S02,snacks,5,50,13,0,2026-06-08T15:52:01.238299,1,0.8578
EVT213321,P015,S03,beverages,56,60,2,0,2026-06-08T15:52:01.238302,0,0.2689
EVT587761,P017,S02,household,5,30,14,0,2026-06-08T15:52:01.238304,1,0.8472
EVT438197,P019,S03,snacks,34,50,1,0,2026-06-08T15:52:01.238306,1,0.3634
EVT142193,P016,S04,bakery,28,35,2,0,2026-06-08T15:52:01.238309,1,0.3289
EVT702743,P009,S04,snacks,0,50,5,0,2026-06-08T15:52:01.238311,1,0.7472
EVT271739,P015,S04,bakery,1,35,15,1,2026-06-08T15:52:01.238313,1,0.7288
EVT258691,P014,S04,frozen,11,45,11,0,2026-06-08T15:52:01.238316,0,0.7539
EVT690649,P017,S02,beverages,0,60,12,1,2026-06-08T15:52:01.238318,0,0.6833
EVT856200,P020,S03,household,22,30,1,0,2026-06-08T15:52:01.238320,1,0.3394
EVT746206,P008,S01,beverages,21,60,13,0,2026-06-08T15:52:01.238323,1,0.7453
EVT862024,P010,S03,bakery,2,35,16,0,2026-06-08T15:52:01.238325,1,0.9354
EVT615454,P017,S01,snacks,10,50,2,0,2026-06-08T15:52:01.238327,1,0.5989
EVT109511,P011,S04,bakery,10,35,8,0,2026-06-08T15:52:01.238330,1,0.677
EVT160740,P015,S02,dairy,40,40,2,0,2026-06-08T15:52:01.238332,1,0.2389
EVT600657,P003,S04,bakery,35,35,4,0,2026-06-08T15:52:01.238335,0,0.2778
EVT883806,P004,S04,snacks,20,50,15,0,2026-06-08T15:52:01.238338,0,0.7617
EVT417409,P016,S02,household,30,30,6,0,2026-06-08T15:52:01.238340,0,0.3167
EVT727205,P012,S03,bakery,0,35,0,0,2026-06-08T15:52:01.238343,0,0.65
EVT908468,P007,S02,beverages,50,60,5,0,2026-06-08T15:52:01.238345,0,0.3722
EVT247883,P001,S01,household,6,30,2,0,2026-06-08T15:52:01.238347,1,0.5989
EVT142105,P004,S03,dairy,35,40,3,0,2026-06-08T15:52:01.238350,1,0.3146
EVT925522,P013,S04,bakery,24,35,3,0,2026-06-08T15:52:01.238352,0,0.3998
EVT541775,P016,S02,snacks,50,50,1,0,2026-06-08T15:52:01.238355,1,0.2194
EVT901448,P016,S03,frozen,0,45,16,0,2026-06-08T15:52:01.238357,1,0.95
EVT113818,P012,S02,beverages,6,60,11,0,2026-06-08T15:52:01.238359,1,0.8189
EVT804330,P020,S01,snacks,10,50,3,0,2026-06-08T15:52:01.238362,1,0.6183
EVT517493,P006,S03,snacks,2,50,18,0,2026-06-08T15:52:01.238364,1,0.95
EVT923160,P005,S02,bakery,15,35,15,0,2026-06-08T15:52:01.238367,0,0.7488
EVT691308,P020,S04,household,13,30,6,0,2026-06-08T15:52:01.238369,1,0.5717
EVT930520,P011,S01,frozen,28,45,5,1,2026-06-08T15:52:01.238372,1,0.2672
EVT831995,P005,S02,beverages,7,60,5,0,2026-06-08T15:52:01.238374,1,0.6947
EVT809058,P016,S03,bakery,11,35,9,0,2026-06-08T15:52:01.238377,1,0.6836
EVT849056,P012,S04,bakery,8,35,0,0,2026-06-08T15:52:01.238379,0,0.5471
EVT733070,P012,S01,frozen,37,45,2,0,2026-06-08T15:52:01.238382,1,0.3189
EVT440787,P008,S04,beverages,60,60,6,0,2026-06-08T15:52:01.238384,0,0.3167
EVT130448,P019,S01,bakery,15,35,4,0,2026-06-08T15:52:01.238391,1,0.5349
EVT170760,P003,S04,beverages,6,60,12,1,2026-06-08T15:52:01.238394,0,0.6383
EVT194674,P012,S04,dairy,39,40,0,1,2026-06-08T15:52:01.238396,1,0.05
EVT474430,P008,S03,frozen,45,45,5,0,2026-06-08T15:52:01.238398,0,0.2972
EVT583402,P016,S01,bakery,5,35,2,0,2026-06-08T15:52:01.238401,0,0.6246
EVT346579,P016,S01,beverages,34,60,0,0,2026-06-08T15:52:01.238403,0,0.395
EVT348042,P002,S01,frozen,24,45,2,0,2026-06-08T15:52:01.238405,1,0.4489
EVT125054,P006,S02,frozen,3,45,0,0,2026-06-08T15:52:01.238408,0,0.62
EVT368166,P019,S01,beverages,27,60,2,1,2026-06-08T15:52:01.238410,0,0.2864
EVT336366,P004,S01,household,8,30,11,0,2026-06-08T15:52:01.238413,1,0.7439
EVT596888,P020,S03,snacks,50,50,4,0,2026-06-08T15:52:01.238415,0,0.2778
EVT553249,P003,S04,dairy,4,40,16,0,2026-06-08T15:52:01.238417,1,0.9161
EVT958470,P003,S01,beverages,2,60,13,0,2026-06-08T15:52:01.238419,1,0.8878
EVT915009,P005,S02,snacks,11,50,13,1,2026-06-08T15:52:01.238422,0,0.6038
EVT653974,P006,S02,bakery,9,35,10,0,2026-06-08T15:52:01.238424,1,0.7287
EVT699787,P016,S02,frozen,28,45,1,0,2026-06-08T15:52:01.238426,0,0.3894
EVT693145,P017,S04,beverages,44,60,1,0,2026-06-08T15:52:01.238429,1,0.3394
EVT658913,P018,S03,dairy,2,40,13,0,2026-06-08T15:52:01.238431,1,0.8803
EVT498345,P018,S03,snacks,8,50,0,0,2026-06-08T15:52:01.238433,1,0.578
EVT692559,P013,S03,snacks,13,50,12,0,2026-06-08T15:52:01.238436,1,0.7663
EVT308981,P011,S03,frozen,9,45,9,1,2026-06-08T15:52:01.238439,0,0.535
EVT494329,P012,S01,beverages,14,60,15,0,2026-06-08T15:52:01.238441,0,0.8367
EVT533112,P013,S03,dairy,37,40,5,0,2026-06-08T15:52:01.238443,1,0.331
EVT448955,P002,S03,snacks,12,50,7,0,2026-06-08T15:52:01.238446,1,0.6781
EVT447855,P015,S01,dairy,19,40,2,0,2026-06-08T15:52:01.238448,1,0.4751
EVT599591,P016,S04,household,29,30,5,0,2026-06-08T15:52:01.238450,0,0.3122
EVT962372,P014,S02,dairy,10,40,14,0,2026-06-08T15:52:01.238453,1,0.8097
EVT697525,P002,S01,dairy,1,40,15,0,2026-06-08T15:52:01.238456,1,0.9304
EVT215039,P005,S04,household,19,30,6,0,2026-06-08T15:52:01.238458,0,0.4817
EVT257616,P013,S04,snacks,36,50,4,0,2026-06-08T15:52:01.238460,1,0.4038
EVT737548,P011,S04,snacks,41,50,0,0,2026-06-08T15:52:01.238463,0,0.281
EVT506201,P017,S02,snacks,36,50,6,0,2026-06-08T15:52:01.238465,0,0.4427
EVT716021,P017,S04,snacks,2,50,3,0,2026-06-08T15:52:01.238467,1,0.6903
EVT167530,P001,S04,household,10,30,9,0,2026-06-08T15:52:01.238469,1,0.675
EVT338375,P009,S04,frozen,2,45,15,0,2026-06-08T15:52:01.238472,1,0.9217
EVT465766,P014,S02,bakery,31,35,3,0,2026-06-08T15:52:01.238474,0,0.3098
EVT979026,P014,S03,household,28,30,0,0,2026-06-08T15:52:01.238477,1,0.23
EVT786475,P005,S04,beverages,9,60,5,0,2026-06-08T15:52:01.238479,0,0.6797
EVT794091,P011,S04,snacks,12,50,15,0,2026-06-08T15:52:01.238482,1,0.8337
EVT855601,P003,S03,snacks,10,50,1,0,2026-06-08T15:52:01.238484,0,0.5794
EVT587889,P017,S04,household,12,30,9,0,2026-06-08T15:52:01.238487,1,0.645
EVT400921,P008,S02,snacks,24,50,1,0,2026-06-08T15:52:01.238489,0,0.4534
EVT764355,P017,S03,dairy,20,40,6,0,2026-06-08T15:52:01.238491,1,0.5417
EVT811243,P013,S04,dairy,23,40,3,0,2026-06-08T15:52:01.238494,1,0.4496
EVT200299,P015,S04,snacks,4,50,16,0,2026-06-08T15:52:01.238496,1,0.9251
EVT961042,P004,S01,household,17,30,6,0,2026-06-08T15:52:01.238499,1,0.5117
EVT601367,P003,S02,dairy,26,40,6,0,2026-06-08T15:52:01.238501,1,0.4742
EVT185774,P018,S01,dairy,12,40,15,0,2026-06-08T15:52:01.238507,1,0.8067
EVT338630,P020,S03,dairy,18,40,3,1,2026-06-08T15:52:01.238510,1,0.3058
EVT129869,P018,S04,bakery,6,35,18,0,2026-06-08T15:52:01.238512,1,0.9229
EVT684807,P007,S02,beverages,1,60,18,0,2026-06-08T15:52:01.238514,1,0.95
EVT425055,P020,S04,bakery,11,35,8,1,2026-06-08T15:52:01.238517,0,0.4641
EVT553238,P001,S01,beverages,38,60,3,0,2026-06-08T15:52:01.238519,0,0.4233
EVT390561,P012,S01,beverages,52,60,6,0,2026-06-08T15:52:01.238522,0,0.3767
EVT138209,P010,S02,household,6,30,11,0,2026-06-08T15:52:01.238524,1,0.7739
EVT412723,P011,S01,household,4,30,12,0,2026-06-08T15:52:01.238526,1,0.8233
EVT250799,P005,S03,beverages,27,60,0,0,2026-06-08T15:52:01.238529,0,0.4475
EVT337834,P005,S01,dairy,18,40,5,0,2026-06-08T15:52:01.238531,1,0.5447
EVT872570,P016,S02,bakery,1,35,10,0,2026-06-08T15:52:01.238534,1,0.8316
EVT935043,P009,S01,bakery,26,35,0,0,2026-06-08T15:52:01.238536,0,0.3157
EVT721782,P010,S03,dairy,0,40,12,0,2026-06-08T15:52:01.238539,1,0.8833
EVT447690,P011,S02,snacks,36,50,4,0,2026-06-08T15:52:01.238541,0,0.4038
EVT299841,P020,S02,bakery,22,35,1,1,2026-06-08T15:52:01.238543,0,0.1866
EVT558372,P019,S04,snacks,3,50,2,0,2026-06-08T15:52:01.238546,1,0.6619
EVT989555,P016,S01,beverages,6,60,5,0,2026-06-08T15:52:01.238548,1,0.7022
EVT515394,P018,S04,beverages,6,60,13,0,2026-06-08T15:52:01.238551,1,0.8578
EVT256623,P014,S01,bakery,21,35,0,0,2026-06-08T15:52:01.238553,0,0.38
EVT449602,P011,S04,household,5,30,15,0,2026-06-08T15:52:01.238555,1,0.8667
EVT722497,P016,S04,snacks,2,50,16,0,2026-06-08T15:52:01.238557,1,0.9431
EVT898165,P007,S01,household,11,30,14,0,2026-06-08T15:52:01.238560,1,0.7572
EVT228385,P003,S03,snacks,13,50,16,0,2026-06-08T15:52:01.238562,1,0.8441
EVT325255,P011,S03,snacks,7,50,2,0,2026-06-08T15:52:01.238565,0,0.6259
EVT743359,P002,S03,snacks,27,50,3,0,2026-06-08T15:52:01.238567,0,0.4653
EVT459788,P006,S03,bakery,35,35,5,1,2026-06-08T15:52:01.238569,0,0.0972
EVT549987,P007,S02,frozen,38,45,0,0,2026-06-08T15:52:01.238572,0,0.27
EVT721839,P018,S04,frozen,3,45,15,1,2026-06-08T15:52:01.238574,0,0.7117
EVT564153,P009,S01,frozen,10,45,10,0,2026-06-08T15:52:01.238576,1,0.7444
EVT803730,P005,S02,frozen,44,45,0,0,2026-06-08T15:52:01.238579,0,0.21
EVT921092,P002,S01,snacks,45,50,2,0,2026-06-08T15:52:01.238582,1,0.2839
EVT295904,P009,S04,dairy,31,40,0,0,2026-06-08T15:52:01.238584,1,0.3012
EVT656640,P003,S01,household,13,30,10,1,2026-06-08T15:52:01.238586,0,0.4494
EVT671832,P007,S03,dairy,35,40,3,0,2026-06-08T15:52:01.238589,1,0.3146
EVT814041,P005,S01,snacks,10,50,10,0,2026-06-08T15:52:01.238591,1,0.7544
EVT488056,P013,S04,snacks,30,50,3,0,2026-06-08T15:52:01.238594,1,0.4383
EVT605955,P014,S04,household,27,30,0,0,2026-06-08T15:52:01.238596,0,0.245
EVT407463,P014,S02,bakery,8,35,5,0,2026-06-08T15:52:01.238598,0,0.6444
EVT626720,P014,S04,bakery,32,35,6,0,2026-06-08T15:52:01.238601,0,0.3552
EVT415973,P001,S02,bakery,26,35,5,0,2026-06-08T15:52:01.238603,1,0.4129
EVT720039,P001,S03,snacks,3,50,10,0,2026-06-08T15:52:01.238606,1,0.8174
EVT330155,P004,S02,frozen,6,45,2,0,2026-06-08T15:52:01.238608,0,0.6289
EVT318922,P001,S04,snacks,27,50,2,0,2026-06-08T15:52:01.238610,1,0.4459
EVT938443,P017,S01,household,21,30,5,1,2026-06-08T15:52:01.238617,0,0.2322
EVT850936,P018,S03,household,9,30,0,0,2026-06-08T15:52:01.238620,0,0.515
EVT492300,P002,S04,snacks,6,50,17,0,2026-06-08T15:52:01.238622,1,0.9266
EVT433370,P015,S04,frozen,20,45,5,0,2026-06-08T15:52:01.238624,0,0.5472
EVT250043,P002,S01,bakery,10,35,14,1,2026-06-08T15:52:01.238627,0,0.5937
EVT677128,P020,S02,bakery,4,35,13,0,2026-06-08T15:52:01.238629,1,0.8513
EVT966181,P005,S02,dairy,36,40,6,0,2026-06-08T15:52:01.238632,0,0.3617
EVT485781,P003,S04,snacks,15,50,7,0,2026-06-08T15:52:01.238635,1,0.6511
EVT848811,P005,S02,household,19,30,5,0,2026-06-08T15:52:01.238638,1,0.4622
EVT793013,P012,S03,frozen,33,45,3,1,2026-06-08T15:52:01.238640,0,0.1783
EVT273071,P002,S04,dairy,26,40,3,0,2026-06-08T15:52:01.238642,1,0.4158
EVT867070,P007,S03,household,28,30,1,0,2026-06-08T15:52:01.238645,0,0.2494
EVT170427,P008,S03,dairy,18,40,1,0,2026-06-08T15:52:01.238647,0,0.4669
EVT646304,P006,S03,beverages,33,60,6,0,2026-06-08T15:52:01.238649,1,0.5192
EVT400192,P006,S01,dairy,29,40,6,0,2026-06-08T15:52:01.238652,0,0.4404
EVT583089,P008,S04,frozen,33,45,6,0,2026-06-08T15:52:01.238654,1,0.4367
EVT170199,P012,S04,frozen,28,45,4,0,2026-06-08T15:52:01.238657,0,0.4478
EVT414788,P004,S03,dairy,9,40,10,0,2026-06-08T15:52:01.238659,1,0.7432
EVT186351,P004,S02,frozen,6,45,6,1,2026-06-08T15:52:01.238662,0,0.5067
EVT449918,P019,S03,frozen,8,45,9,0,2026-06-08T15:52:01.238664,0,0.745
EVT293474,P006,S02,household,20,30,1,1,2026-06-08T15:52:01.238666,0,0.1694
EVT833860,P013,S03,dairy,30,40,5,0,2026-06-08T15:52:01.238669,0,0.4097
EVT325997,P014,S02,frozen,30,45,6,0,2026-06-08T15:52:01.238671,0,0.4667
EVT544446,P011,S02,bakery,12,35,8,0,2026-06-08T15:52:01.238674,0,0.6513
EVT516820,P003,S03,bakery,6,35,14,0,2026-06-08T15:52:01.238676,1,0.8451
EVT870615,P015,S01,bakery,19,35,3,0,2026-06-08T15:52:01.238678,0,0.464
EVT785465,P019,S01,beverages,5,60,16,0,2026-06-08T15:52:01.238681,1,0.9236
EVT828832,P009,S02,frozen,5,45,17,0,2026-06-08T15:52:01.238683,1,0.9306
EVT889976,P001,S04,bakery,4,35,17,0,2026-06-08T15:52:01.238686,1,0.9291
EVT445850,P013,S02,dairy,5,40,13,1,2026-06-08T15:52:01.238688,1,0.6465
EVT329488,P017,S01,beverages,52,60,3,0,2026-06-08T15:52:01.238690,0,0.3183
EVT916934,P001,S01,household,9,30,1,0,2026-06-08T15:52:01.238693,1,0.5344
EVT166874,P011,S04,beverages,26,60,12,0,2026-06-08T15:52:01.238698,1,0.6883
EVT844212,P020,S04,household,18,30,4,0,2026-06-08T15:52:01.238701,0,0.4578
EVT925606,P003,S01,frozen,14,45,11,0,2026-06-08T15:52:01.238703,1,0.7239
EVT171390,P018,S03,bakery,15,35,2,0,2026-06-08T15:52:01.238706,1,0.496
EVT666927,P012,S03,dairy,40,40,3,0,2026-06-08T15:52:01.238708,0,0.2583
EVT365501,P003,S04,bakery,13,35,10,0,2026-06-08T15:52:01.238710,1,0.6773
EVT877950,P018,S02,beverages,51,60,1,0,2026-06-08T15:52:01.238713,0,0.2869
EVT326187,P001,S04,household,1,30,14,0,2026-06-08T15:52:01.238715,0,0.9072
EVT169115,P020,S02,snacks,9,50,12,1,2026-06-08T15:52:01.238717,0,0.6023
EVT641031,P014,S01,dairy,31,40,1,0,2026-06-08T15:52:01.238720,0,0.3207
EVT488257,P009,S03,frozen,8,45,11,1,2026-06-08T15:52:01.238722,0,0.5839
EVT598170,P003,S02,beverages,13,60,9,0,2026-06-08T15:52:01.238724,1,0.7275
EVT884094,P004,S04,snacks,5,50,2,0,2026-06-08T15:52:01.238727,0,0.6439
EVT975201,P003,S03,household,13,30,0,1,2026-06-08T15:52:01.238730,1,0.255
EVT415153,P015,S04,snacks,1,50,13,0,2026-06-08T15:52:01.238732,1,0.8938
EVT392004,P005,S03,household,17,30,2,0,2026-06-08T15:52:01.238734,0,0.4339
EVT797214,P012,S04,frozen,6,45,17,0,2026-06-08T15:52:01.238737,1,0.9206
EVT689243,P010,S02,frozen,31,45,0,0,2026-06-08T15:52:01.238739,1,0.34
EVT984058,P019,S01,bakery,6,35,9,1,2026-06-08T15:52:01.238741,0,0.5479
EVT546286,P010,S02,dairy,22,40,1,0,2026-06-08T15:52:01.238744,0,0.4219
EVT615463,P005,S03,dairy,4,40,17,0,2026-06-08T15:52:01.238746,1,0.9356
EVT872796,P016,S02,beverages,6,60,13,0,2026-06-08T15:52:01.238748,1,0.8578
EVT539667,P020,S03,dairy,21,40,3,0,2026-06-08T15:52:01.238751,1,0.4721
EVT384737,P004,S01,bakery,15,35,13,0,2026-06-08T15:52:01.238753,1,0.7099
EVT412275,P011,S02,beverages,31,60,6,0,2026-06-08T15:52:01.238756,1,0.5342
EVT546444,P007,S01,frozen,9,45,8,1,2026-06-08T15:52:01.238758,1,0.5156
EVT848817,P014,S04,beverages,1,60,4,0,2026-06-08T15:52:01.238761,1,0.7203
EVT938574,P015,S01,beverages,31,60,3,0,2026-06-08T15:52:01.238763,0,0.4758
EVT841711,P020,S03,frozen,38,45,5,0,2026-06-08T15:52:01.238766,0,0.3672
EVT646329,P001,S02,snacks,18,50,11,0,2026-06-08T15:52:01.238768,0,0.7019
EVT904929,P004,S04,bakery,13,35,8,0,2026-06-08T15:52:01.238771,1,0.6384
EVT862826,P013,S04,bakery,7,35,2,0,2026-06-08T15:52:01.238773,0,0.5989
EVT263554,P002,S04,household,25,30,1,0,2026-06-08T15:52:01.238776,0,0.2944
EVT824133,P001,S01,bakery,5,35,12,0,2026-06-08T15:52:01.238782,1,0.819
EVT292637,P002,S01,frozen,3,45,7,1,2026-06-08T15:52:01.238784,1,0.5561
EVT244263,P016,S04,beverages,38,60,4,0,2026-06-08T15:52:01.238786,1,0.4428
EVT200258,P009,S04,household,8,30,10,0,2026-06-08T15:52:01.238798,1,0.7244
EVT876750,P016,S04,household,12,30,10,0,2026-06-08T15:52:01.238801,1,0.6644
EVT609529,P004,S03,beverages,17,60,13,0,2026-06-08T15:52:01.238805,1,0.7753
EVT517245,P016,S02,frozen,24,45,4,0,2026-06-08T15:52:01.238808,1,0.4878
EVT770686,P016,S02,dairy,10,40,15,1,2026-06-08T15:52:01.238811,0,0.6292
EVT871209,P020,S03,dairy,27,40,5,0,2026-06-08T15:52:01.238814,1,0.4435
EVT247373,P017,S01,snacks,6,50,4,0,2026-06-08T15:52:01.238817,1,0.6738
EVT442344,P017,S02,bakery,7,35,4,0,2026-06-08T15:52:01.238821,0,0.6378
EVT744761,P015,S04,frozen,10,45,1,0,2026-06-08T15:52:01.238824,1,0.5694
EVT387947,P015,S02,bakery,24,35,0,0,2026-06-08T15:52:01.238828,1,0.3414
EVT510525,P007,S04,snacks,32,50,3,0,2026-06-08T15:52:01.238831,1,0.4203
EVT332425,P009,S01,household,0,30,4,0,2026-06-08T15:52:01.238834,1,0.7278
EVT174484,P001,S04,dairy,4,40,1,0,2026-06-08T15:52:01.238837,1,0.6244
EVT720293,P001,S02,beverages,40,60,5,0,2026-06-08T15:52:01.238840,1,0.4472
EVT940366,P014,S02,bakery,5,35,7,1,2026-06-08T15:52:01.238842,1,0.5218
EVT898590,P013,S02,frozen,28,45,4,0,2026-06-08T15:52:01.238845,0,0.4478
EVT115743,P002,S02,frozen,7,45,16,0,2026-06-08T15:52:01.238848,0,0.8911
EVT557129,P016,S04,dairy,1,40,17,0,2026-06-08T15:52:01.238851,1,0.95
EVT703858,P017,S02,bakery,16,35,0,0,2026-06-08T15:52:01.238853,1,0.4443
EVT102352,P006,S04,snacks,10,50,2,0,2026-06-08T15:52:01.238856,1,0.5989
EVT837220,P008,S03,snacks,10,50,8,1,2026-06-08T15:52:01.238858,0,0.5156
EVT467561,P004,S04,bakery,27,35,2,0,2026-06-08T15:52:01.238861,0,0.3417
EVT302179,P012,S04,snacks,31,50,0,0,2026-06-08T15:52:01.238863,1,0.371
EVT711821,P007,S01,bakery,23,35,5,0,2026-06-08T15:52:01.238866,1,0.4515
EVT409420,P007,S01,dairy,23,40,3,0,2026-06-08T15:52:01.238868,1,0.4496
EVT964055,P009,S04,bakery,1,35,4,0,2026-06-08T15:52:01.238871,0,0.7149
EVT855226,P010,S01,household,8,30,15,0,2026-06-08T15:52:01.238874,0,0.8217
EVT670270,P015,S03,household,24,30,3,0,2026-06-08T15:52:01.238877,1,0.3483
EVT580059,P003,S04,dairy,27,40,3,0,2026-06-08T15:52:01.238880,0,0.4046
EVT811388,P012,S01,snacks,1,50,3,0,2026-06-08T15:52:01.238883,1,0.6993
EVT963490,P009,S01,snacks,49,50,2,0,2026-06-08T15:52:01.238885,0,0.2479
EVT930331,P006,S04,dairy,38,40,4,0,2026-06-08T15:52:01.238888,0,0.3003
EVT358603,P012,S01,bakery,10,35,5,0,2026-06-08T15:52:01.238891,1,0.6187
EVT314878,P014,S04,household,26,30,2,0,2026-06-08T15:52:01.238893,1,0.2989
EVT168103,P012,S04,frozen,40,45,6,1,2026-06-08T15:52:01.238896,0,0.1667
EVT763964,P001,S04,beverages,20,60,8,0,2026-06-08T15:52:01.238898,1,0.6556
EVT796835,P005,S01,frozen,24,45,4,0,2026-06-08T15:52:01.238901,0,0.4878
EVT666408,P018,S01,snacks,29,50,3,0,2026-06-08T15:52:01.238904,1,0.4473
EVT362198,P010,S04,beverages,47,60,1,0,2026-06-08T15:52:01.238907,0,0.3169
EVT371859,P002,S04,household,8,30,14,0,2026-06-08T15:52:01.238910,1,0.8022
EVT173742,P014,S04,household,12,30,9,0,2026-06-08T15:52:01.238917,1,0.645
EVT453309,P008,S02,frozen,10,45,6,1,2026-06-08T15:52:01.238920,1,0.4667
EVT636526,P015,S02,bakery,2,35,7,1,2026-06-08T15:52:01.238922,1,0.5604
EVT143641,P004,S04,dairy,0,40,15,0,2026-06-08T15:52:01.238925,1,0.9417
EVT562215,P008,S03,beverages,53,60,5,0,2026-06-08T15:52:01.238927,0,0.3497
EVT798376,P008,S02,dairy,14,40,14,0,2026-06-08T15:52:01.238930,1,0.7647
EVT227878,P012,S01,dairy,18,40,2,0,2026-06-08T15:52:01.238933,1,0.4864
EVT554196,P017,S02,household,15,30,10,0,2026-06-08T15:52:01.238935,1,0.6194
EVT295998,P015,S01,bakery,4,35,0,0,2026-06-08T15:52:01.238938,1,0.5986
EVT622872,P017,S01,household,10,30,1,0,2026-06-08T15:52:01.238941,0,0.5194
EVT108151,P020,S03,frozen,4,45,0,0,2026-06-08T15:52:01.238943,0,0.61
EVT876753,P014,S04,snacks,45,50,5,0,2026-06-08T15:52:01.238946,1,0.3422
EVT444223,P008,S01,beverages,4,60,2,0,2026-06-08T15:52:01.238948,0,0.6589
EVT653910,P001,S04,frozen,7,45,10,0,2026-06-08T15:52:01.238951,1,0.7744
EVT433069,P008,S02,household,24,30,5,0,2026-06-08T15:52:01.238953,0,0.3872
EVT749859,P012,S02,dairy,27,40,3,0,2026-06-08T15:52:01.238956,1,0.4046
EVT371501,P013,S04,snacks,39,50,2,0,2026-06-08T15:52:01.238959,1,0.3379
EVT737011,P013,S01,snacks,9,50,0,0,2026-06-08T15:52:01.238961,1,0.569
EVT175638,P015,S04,household,1,30,17,0,2026-06-08T15:52:01.238964,1,0.95
EVT357936,P020,S04,household,0,30,12,0,2026-06-08T15:52:01.238966,1,0.8833
EVT941399,P001,S03,beverages,54,60,1,0,2026-06-08T15:52:01.238969,0,0.2644
EVT368927,P001,S02,beverages,35,60,3,0,2026-06-08T15:52:01.238972,1,0.4458
EVT152217,P010,S02,beverages,45,60,5,0,2026-06-08T15:52:01.238974,0,0.4097
EVT518860,P008,S03,beverages,55,60,1,0,2026-06-08T15:52:01.238977,0,0.2569
EVT492832,P013,S04,bakery,28,35,2,0,2026-06-08T15:52:01.238979,0,0.3289
EVT627606,P002,S01,household,21,30,3,0,2026-06-08T15:52:01.238982,0,0.3933
EVT546762,P016,S02,beverages,51,60,6,0,2026-06-08T15:52:01.238985,0,0.3842
EVT334748,P002,S04,bakery,22,35,5,0,2026-06-08T15:52:01.238987,0,0.4644
EVT298356,P008,S04,household,15,30,4,0,2026-06-08T15:52:01.238990,0,0.5028
EVT379359,P017,S02,dairy,23,40,6,0,2026-06-08T15:52:01.238993,0,0.5079
EVT828112,P015,S04,household,1,30,5,0,2026-06-08T15:52:01.238995,0,0.7322
EVT920805,P004,S04,household,0,30,9,1,2026-06-08T15:52:01.238998,1,0.625
EVT916456,P010,S03,snacks,13,50,15,0,2026-06-08T15:52:01.239001,1,0.8247
EVT331132,P002,S01,beverages,45,60,5,0,2026-06-08T15:52:01.239003,1,0.4097
EVT948572,P008,S03,frozen,7,45,12,0,2026-06-08T15:52:01.239006,1,0.8133
EVT462556,P007,S03,bakery,5,35,18,0,2026-06-08T15:52:01.239009,1,0.9357
EVT963703,P014,S03,bakery,6,35,2,0,2026-06-08T15:52:01.239012,1,0.6117
EVT634861,P002,S01,snacks,34,50,5,0,2026-06-08T15:52:01.239014,1,0.4412
EVT286330,P018,S02,dairy,40,40,2,0,2026-06-08T15:52:01.239017,1,0.2389
EVT644807,P003,S03,household,11,30,9,0,2026-06-08T15:52:01.239019,1,0.66
EVT517693,P018,S03,bakery,8,35,15,1,2026-06-08T15:52:01.239022,0,0.6388
EVT189425,P003,S01,frozen,30,45,4,0,2026-06-08T15:52:01.239025,1,0.4278
EVT115608,P007,S01,bakery,18,35,6,1,2026-06-08T15:52:01.239027,0,0.3352
EVT767023,P020,S01,household,26,30,5,0,2026-06-08T15:52:01.239030,0,0.3572
EVT116838,P003,S03,beverages,7,60,0,0,2026-06-08T15:52:01.239032,1,0.5975
EVT324358,P015,S04,bakery,1,35,13,1,2026-06-08T15:52:01.239035,1,0.6899
EVT163675,P016,S02,beverages,46,60,1,0,2026-06-08T15:52:01.239037,0,0.3244
EVT874912,P010,S01,snacks,12,50,12,0,2026-06-08T15:52:01.239040,1,0.7753
EVT406025,P012,S02,beverages,50,60,6,0,2026-06-08T15:52:01.239043,0,0.3917
EVT735488,P012,S04,bakery,31,35,4,0,2026-06-08T15:52:01.239045,1,0.3292
EVT300462,P017,S03,household,9,30,15,0,2026-06-08T15:52:01.239048,1,0.8067
EVT898768,P008,S03,household,28,30,4,0,2026-06-08T15:52:01.239051,0,0.3078
EVT255123,P010,S01,dairy,28,40,2,0,2026-06-08T15:52:01.239057,1,0.3739
EVT878186,P014,S01,household,23,30,0,0,2026-06-08T15:52:01.239060,0,0.305
EVT211975,P016,S02,dairy,35,40,4,0,2026-06-08T15:52:01.239063,1,0.334
EVT940799,P015,S04,snacks,38,50,2,0,2026-06-08T15:52:01.239065,1,0.3469
EVT920798,P019,S02,frozen,13,45,8,0,2026-06-08T15:52:01.239068,0,0.6756
EVT997921,P005,S01,household,6,30,0,0,2026-06-08T15:52:01.239071,1,0.56
EVT322357,P002,S03,frozen,37,45,6,0,2026-06-08T15:52:01.239073,0,0.3967
EVT861137,P019,S01,bakery,1,35,13,0,2026-06-08T15:52:01.239076,1,0.8899
EVT354149,P007,S03,snacks,47,50,2,0,2026-06-08T15:52:01.239078,0,0.2659
EVT732450,P009,S04,bakery,2,35,4,0,2026-06-08T15:52:01.239081,0,0.7021
EVT313754,P002,S04,household,19,30,5,0,2026-06-08T15:52:01.239084,1,0.4622
EVT985112,P001,S02,snacks,12,50,9,0,2026-06-08T15:52:01.239087,1,0.717
EVT805622,P019,S03,bakery,20,35,1,0,2026-06-08T15:52:01.239089,0,0.4123
EVT651725,P013,S01,bakery,12,35,8,0,2026-06-08T15:52:01.239092,0,0.6513
EVT196952,P017,S04,dairy,7,40,17,0,2026-06-08T15:52:01.239094,1,0.9018
EVT947797,P003,S01,bakery,22,35,4,0,2026-06-08T15:52:01.239097,1,0.4449
EVT770425,P004,S04,household,11,30,12,0,2026-06-08T15:52:01.239100,1,0.7183
EVT630125,P011,S01,household,12,30,11,0,2026-06-08T15:52:01.239102,1,0.6839
EVT776309,P007,S04,dairy,6,40,10,1,2026-06-08T15:52:01.239105,1,0.5769
EVT297258,P018,S03,bakery,19,35,3,0,2026-06-08T15:52:01.239108,1,0.464
EVT546236,P017,S02,beverages,18,60,9,1,2026-06-08T15:52:01.239110,0,0.49
EVT483928,P010,S02,household,25,30,2,0,2026-06-08T15:52:01.239113,1,0.3139
EVT903788,P014,S04,beverages,21,60,13,0,2026-06-08T15:52:01.239116,1,0.7453
EVT484636,P004,S02,dairy,17,40,12,0,2026-06-08T15:52:01.239119,1,0.6921
EVT732284,P020,S01,dairy,29,40,6,0,2026-06-08T15:52:01.239121,0,0.4404
EVT795214,P003,S01,dairy,14,40,11,0,2026-06-08T15:52:01.239124,1,0.7064
EVT869276,P020,S01,beverages,10,60,9,1,2026-06-08T15:52:01.239126,0,0.55
EVT330233,P003,S01,frozen,2,45,11,1,2026-06-08T15:52:01.239129,1,0.6439
EVT314357,P018,S02,frozen,13,45,9,0,2026-06-08T15:52:01.239131,1,0.695
EVT638743,P011,S03,frozen,9,45,7,0,2026-06-08T15:52:01.239134,1,0.6961
EVT259198,P015,S03,household,5,30,14,0,2026-06-08T15:52:01.239137,1,0.8472
EVT182610,P002,S04,dairy,24,40,2,1,2026-06-08T15:52:01.239144,0,0.2189
EVT887262,P004,S03,snacks,7,50,9,1,2026-06-08T15:52:01.239146,0,0.562
EVT543021,P010,S03,dairy,2,40,17,0,2026-06-08T15:52:01.239149,1,0.95
EVT917113,P020,S04,snacks,8,50,18,0,2026-06-08T15:52:01.239151,1,0.928
EVT988745,P013,S02,snacks,15,50,14,0,2026-06-08T15:52:01.239154,0,0.7872
EVT487946,P014,S01,bakery,29,35,4,0,2026-06-08T15:52:01.239156,1,0.3549
EVT421955,P001,S02,frozen,13,45,15,0,2026-06-08T15:52:01.239159,0,0.8117
EVT757299,P020,S02,snacks,49,50,4,0,2026-06-08T15:52:01.239162,0,0.2868
EVT915766,P004,S01,bakery,26,35,6,0,2026-06-08T15:52:01.239164,0,0.4324
EVT484703,P015,S01,frozen,8,45,6,0,2026-06-08T15:52:01.239167,0,0.6867
EVT881264,P011,S02,beverages,10,60,8,0,2026-06-08T15:52:01.239170,1,0.7306
EVT438033,P018,S02,dairy,2,40,3,0,2026-06-08T15:52:01.239172,1,0.6858
EVT846683,P009,S02,snacks,41,50,4,0,2026-06-08T15:52:01.239175,1,0.3588
EVT101712,P017,S03,bakery,32,35,2,0,2026-06-08T15:52:01.239178,0,0.2775
EVT439278,P013,S03,household,5,30,7,1,2026-06-08T15:52:01.239180,0,0.5111
EVT520537,P005,S02,bakery,8,35,11,1,2026-06-08T15:52:01.239183,1,0.561
EVT827679,P001,S04,beverages,37,60,2,0,2026-06-08T15:52:01.239185,0,0.4114
EVT261394,P011,S04,beverages,30,60,6,1,2026-06-08T15:52:01.239188,0,0.3417
EVT965747,P004,S04,bakery,28,35,1,1,2026-06-08T15:52:01.239191,0,0.1094
EVT672264,P014,S01,household,12,30,8,0,2026-06-08T15:52:01.239194,1,0.6256
EVT360451,P004,S03,snacks,49,50,1,0,2026-06-08T15:52:01.239196,0,0.2284
EVT429660,P016,S01,snacks,43,50,5,0,2026-06-08T15:52:01.239199,1,0.3602
EVT388863,P004,S04,snacks,40,50,1,0,2026-06-08T15:52:01.239202,1,0.3094
EVT184440,P001,S01,household,29,30,3,0,2026-06-08T15:52:01.239204,0,0.2733
EVT258480,P002,S03,bakery,29,35,5,0,2026-06-08T15:52:01.239207,1,0.3744
EVT794036,P009,S03,bakery,17,35,3,0,2026-06-08T15:52:01.239209,1,0.4898
EVT488159,P018,S01,frozen,0,45,5,0,2026-06-08T15:52:01.239212,1,0.7472
EVT747742,P013,S03,household,26,30,6,0,2026-06-08T15:52:01.239214,1,0.3767
EVT211557,P008,S03,bakery,19,35,1,1,2026-06-08T15:52:01.239217,0,0.2252
EVT713898,P007,S01,beverages,15,60,9,0,2026-06-08T15:52:01.239220,0,0.7125
EVT770486,P007,S03,frozen,19,45,16,0,2026-06-08T15:52:01.239223,1,0.7711
EVT788376,P017,S04,beverages,57,60,5,0,2026-06-08T15:52:01.239225,0,0.3197
EVT575642,P013,S02,bakery,28,35,4,0,2026-06-08T15:52:01.239232,0,0.3678
EVT136655,P020,S04,dairy,5,40,2,0,2026-06-08T15:52:01.239235,1,0.6326
EVT707178,P003,S04,frozen,12,45,8,0,2026-06-08T15:52:01.239238,0,0.6856
EVT614955,P016,S02,beverages,39,60,6,0,2026-06-08T15:52:01.239240,1,0.4742
EVT391066,P018,S03,dairy,6,40,18,0,2026-06-08T15:52:01.239243,1,0.9325
EVT440824,P003,S02,bakery,4,35,13,0,2026-06-08T15:52:01.239245,1,0.8513
EVT240069,P011,S02,dairy,7,40,1,0,2026-06-08T15:52:01.239247,1,0.5907
EVT681367,P013,S03,beverages,14,60,10,0,2026-06-08T15:52:01.239250,1,0.7394
EVT731419,P005,S03,frozen,3,45,4,0,2026-06-08T15:52:01.239252,0,0.6978
EVT551068,P018,S04,dairy,33,40,3,0,2026-06-08T15:52:01.239255,1,0.3371
EVT927018,P006,S03,snacks,26,50,1,0,2026-06-08T15:52:01.239257,1,0.4354
EVT261096,P017,S04,frozen,22,45,4,0,2026-06-08T15:52:01.239259,1,0.5078
EVT581061,P017,S03,dairy,18,40,8,0,2026-06-08T15:52:01.239262,1,0.6031
EVT279067,P005,S04,dairy,14,40,12,0,2026-06-08T15:52:01.239264,0,0.7258
EVT972799,P013,S04,frozen,45,45,5,0,2026-06-08T15:52:01.239267,0,0.2972
EVT407684,P004,S02,bakery,5,35,11,0,2026-06-08T15:52:01.239269,1,0.7996
EVT172297,P004,S03,beverages,25,60,12,0,2026-06-08T15:52:01.239271,1,0.6958
EVT186481,P002,S01,snacks,22,50,6,0,2026-06-08T15:52:01.239274,1,0.5687
EVT695339,P009,S04,household,12,30,16,0,2026-06-08T15:52:01.239277,1,0.7811
EVT868610,P008,S03,dairy,12,40,12,1,2026-06-08T15:52:01.239279,0,0.5483
EVT957048,P020,S01,frozen,2,45,15,1,2026-06-08T15:52:01.239281,0,0.7217
EVT153704,P002,S03,beverages,0,60,14,0,2026-06-08T15:52:01.239284,1,0.9222
EVT670878,P019,S04,beverages,25,60,16,0,2026-06-08T15:52:01.239286,1,0.7736
EVT743445,P008,S02,frozen,2,45,2,0,2026-06-08T15:52:01.239289,1,0.6689
EVT719531,P010,S03,dairy,21,40,2,0,2026-06-08T15:52:01.239291,0,0.4526
EVT366105,P015,S01,household,4,30,10,0,2026-06-08T15:52:01.239293,1,0.7844
EVT913969,P005,S04,dairy,28,40,5,0,2026-06-08T15:52:01.239296,0,0.4322
EVT986112,P006,S01,snacks,14,50,9,0,2026-06-08T15:52:01.239298,1,0.699
EVT478868,P011,S04,household,3,30,12,0,2026-06-08T15:52:01.239301,0,0.8383
EVT504231,P003,S01,bakery,1,35,3,0,2026-06-08T15:52:01.239303,1,0.6955
EVT842811,P018,S01,household,26,30,1,0,2026-06-08T15:52:01.239305,1,0.2794
EVT894390,P019,S01,beverages,8,60,11,0,2026-06-08T15:52:01.239308,1,0.8039
EVT605992,P006,S02,bakery,23,35,3,0,2026-06-08T15:52:01.239310,0,0.4126
EVT271731,P010,S01,household,5,30,18,0,2026-06-08T15:52:01.239313,1,0.925
EVT514833,P019,S03,beverages,45,60,4,0,2026-06-08T15:52:01.239315,0,0.3903
EVT503269,P019,S02,dairy,21,40,6,0,2026-06-08T15:52:01.239318,0,0.5304
EVT157287,P014,S03,dairy,12,40,10,0,2026-06-08T15:52:01.239320,1,0.7094
EVT868229,P007,S01,beverages,34,60,1,0,2026-06-08T15:52:01.239323,0,0.4144
EVT343979,P018,S01,frozen,5,45,0,0,2026-06-08T15:52:01.239328,0,0.6
EVT822239,P018,S02,beverages,10,60,10,1,2026-06-08T15:52:01.239330,1,0.5694
EVT450567,P012,S02,household,29,30,3,0,2026-06-08T15:52:01.239333,0,0.2733
EVT335776,P010,S04,dairy,23,40,4,0,2026-06-08T15:52:01.239335,1,0.469
EVT738489,P011,S04,bakery,22,35,0,0,2026-06-08T15:52:01.239338,0,0.3671
EVT538929,P013,S04,household,8,30,12,1,2026-06-08T15:52:01.239340,0,0.5633
EVT154176,P012,S01,frozen,36,45,1,0,2026-06-08T15:52:01.239342,0,0.3094
EVT641579,P020,S04,frozen,1,45,5,0,2026-06-08T15:52:01.239345,1,0.7372
EVT986278,P009,S03,bakery,15,35,4,0,2026-06-08T15:52:01.239347,1,0.5349
EVT213644,P020,S03,dairy,31,40,0,0,2026-06-08T15:52:01.239350,0,0.3012
EVT587559,P005,S01,dairy,16,40,13,0,2026-06-08T15:52:01.239352,0,0.7228
EVT570858,P017,S01,household,13,30,9,0,2026-06-08T15:52:01.239355,1,0.63
EVT934651,P009,S04,beverages,56,60,6,0,2026-06-08T15:52:01.239357,0,0.3467
EVT637570,P001,S01,dairy,31,40,3,0,2026-06-08T15:52:01.239359,1,0.3596
EVT351463,P002,S04,beverages,47,60,0,0,2026-06-08T15:52:01.239362,1,0.2975
EVT764302,P005,S02,frozen,6,45,14,0,2026-06-08T15:52:01.239364,1,0.8622
EVT495630,P015,S02,snacks,31,50,5,0,2026-06-08T15:52:01.239366,1,0.4682
EVT445640,P004,S01,household,28,30,1,0,2026-06-08T15:52:01.239369,0,0.2494
EVT653987,P007,S04,snacks,49,50,3,0,2026-06-08T15:52:01.239371,0,0.2673
EVT238904,P004,S04,dairy,14,40,12,0,2026-06-08T15:52:01.239374,1,0.7258
EVT247166,P001,S04,bakery,7,35,0,0,2026-06-08T15:52:01.239377,1,0.56
EVT873210,P018,S01,beverages,1,60,11,1,2026-06-08T15:52:01.239379,1,0.6564
EVT867174,P012,S02,dairy,37,40,0,0,2026-06-08T15:52:01.239381,0,0.2338
EVT644614,P007,S03,household,11,30,13,1,2026-06-08T15:52:01.239383,1,0.5378
EVT288371,P003,S01,bakery,10,35,10,0,2026-06-08T15:52:01.239386,1,0.7159
EVT394740,P011,S04,dairy,5,40,12,1,2026-06-08T15:52:01.239388,1,0.6271
EVT317312,P004,S02,dairy,14,40,8,1,2026-06-08T15:52:01.239391,0,0.4481
EVT316038,P005,S01,beverages,2,60,15,0,2026-06-08T15:52:01.239393,1,0.9267
EVT489637,P011,S04,beverages,7,60,11,1,2026-06-08T15:52:01.239395,0,0.6114
EVT437476,P019,S02,frozen,21,45,0,0,2026-06-08T15:52:01.239398,0,0.44
EVT204371,P004,S01,household,9,30,1,0,2026-06-08T15:52:01.239400,1,0.5344
EVT545432,P015,S04,beverages,1,60,14,1,2026-06-08T15:52:01.239402,1,0.7147
EVT297226,P008,S01,dairy,18,40,6,1,2026-06-08T15:52:01.239405,0,0.3642
EVT279155,P009,S02,snacks,28,50,6,0,2026-06-08T15:52:01.239407,1,0.5147
EVT613590,P001,S03,snacks,36,50,4,0,2026-06-08T15:52:01.239409,0,0.4038
EVT701410,P016,S04,frozen,24,45,2,0,2026-06-08T15:52:01.239412,1,0.4489
EVT204638,P005,S01,dairy,20,40,6,0,2026-06-08T15:52:01.239414,1,0.5417
EVT426913,P010,S03,frozen,26,45,4,0,2026-06-08T15:52:01.239416,0,0.4678
EVT699504,P008,S02,household,9,30,13,0,2026-06-08T15:52:01.239419,0,0.7678
EVT369418,P011,S02,dairy,12,40,9,1,2026-06-08T15:52:01.239421,1,0.49
EVT440936,P008,S01,snacks,1,50,18,0,2026-06-08T15:52:01.239424,1,0.95
EVT998167,P011,S02,snacks,10,50,14,1,2026-06-08T15:52:01.239426,0,0.6322
EVT501102,P002,S03,beverages,27,60,3,0,2026-06-08T15:52:01.239429,1,0.5058
EVT450990,P008,S04,bakery,18,35,5,0,2026-06-08T15:52:01.239431,1,0.5158
EVT686149,P002,S01,household,9,30,13,0,2026-06-08T15:52:01.239433,1,0.7678
EVT711454,P019,S02,snacks,6,50,3,0,2026-06-08T15:52:01.239436,1,0.6543
EVT490046,P008,S03,frozen,5,45,11,0,2026-06-08T15:52:01.239438,1,0.8139
EVT471716,P001,S03,beverages,16,60,11,0,2026-06-08T15:52:01.239440,1,0.7439
EVT548192,P005,S01,beverages,1,60,15,0,2026-06-08T15:52:01.239443,1,0.9342
EVT594047,P008,S04,beverages,46,60,6,0,2026-06-08T15:52:01.239445,0,0.4217
EVT792789,P014,S03,frozen,0,45,1,0,2026-06-08T15:52:01.239447,1,0.6694
EVT486840,P008,S04,snacks,12,50,13,0,2026-06-08T15:52:01.239453,1,0.7948
EVT330978,P011,S02,snacks,10,50,8,0,2026-06-08T15:52:01.239456,1,0.7156
EVT726577,P003,S02,snacks,34,50,3,0,2026-06-08T15:52:01.239458,1,0.4023
EVT949894,P008,S02,beverages,52,60,3,0,2026-06-08T15:52:01.239461,0,0.3183
EVT951234,P007,S01,bakery,0,35,18,0,2026-06-08T15:52:01.239463,1,0.95
EVT153164,P012,S02,dairy,37,40,5,0,2026-06-08T15:52:01.239466,0,0.331
EVT309595,P007,S01,household,20,30,4,0,2026-06-08T15:52:01.239468,1,0.4278
EVT755166,P008,S02,beverages,4,60,5,0,2026-06-08T15:52:01.239471,1,0.7172
EVT514981,P007,S02,snacks,39,50,2,0,2026-06-08T15:52:01.239473,0,0.3379
EVT955461,P011,S01,snacks,8,50,8,1,2026-06-08T15:52:01.239476,1,0.5336
EVT367056,P012,S03,household,24,30,0,0,2026-06-08T15:52:01.239478,0,0.29
EVT869849,P001,S03,bakery,18,35,11,0,2026-06-08T15:52:01.239481,0,0.6325
EVT435473,P016,S04,dairy,0,40,8,1,2026-06-08T15:52:01.239483,1,0.6056
EVT640908,P008,S03,snacks,46,50,5,0,2026-06-08T15:52:01.239486,0,0.3332
EVT224317,P009,S02,frozen,21,45,1,0,2026-06-08T15:52:01.239488,1,0.4594
EVT948632,P014,S02,dairy,27,40,1,0,2026-06-08T15:52:01.239490,0,0.3657
EVT904820,P007,S01,household,12,30,11,1,2026-06-08T15:52:01.239493,1,0.4839
EVT285629,P014,S01,snacks,49,50,0,1,2026-06-08T15:52:01.239495,0,0.05
EVT597006,P016,S02,beverages,4,60,9,1,2026-06-08T15:52:01.239497,1,0.595
EVT694381,P013,S02,snacks,4,50,3,0,2026-06-08T15:52:01.239500,1,0.6723
EVT572956,P002,S02,dairy,8,40,6,1,2026-06-08T15:52:01.239502,0,0.4767
EVT633977,P006,S03,snacks,32,50,2,0,2026-06-08T15:52:01.239505,0,0.4009
EVT272379,P010,S03,bakery,8,35,13,0,2026-06-08T15:52:01.239507,1,0.7999
EVT862828,P007,S02,beverages,31,60,1,1,2026-06-08T15:52:01.239509,0,0.2369
EVT214068,P011,S02,bakery,22,35,4,1,2026-06-08T15:52:01.239512,0,0.2449
EVT314385,P003,S04,snacks,10,50,1,0,2026-06-08T15:52:01.239514,0,0.5794
EVT465613,P006,S01,frozen,44,45,2,0,2026-06-08T15:52:01.239517,0,0.2489
EVT473437,P009,S04,household,14,30,11,0,2026-06-08T15:52:01.239519,1,0.6539
EVT710922,P016,S03,dairy,5,40,5,0,2026-06-08T15:52:01.239522,1,0.691
EVT722812,P013,S03,snacks,44,50,6,0,2026-06-08T15:52:01.239524,0,0.3707
EVT435912,P010,S04,bakery,12,35,14,0,2026-06-08T15:52:01.239527,1,0.7679
EVT427381,P009,S02,frozen,0,45,17,0,2026-06-08T15:52:01.239529,1,0.95
EVT588069,P017,S03,snacks,2,50,5,0,2026-06-08T15:52:01.239531,0,0.7292
EVT767889,P009,S01,bakery,7,35,11,1,2026-06-08T15:52:01.239534,1,0.5739
EVT690490,P004,S04,snacks,35,50,5,0,2026-06-08T15:52:01.239536,0,0.4322
EVT608280,P016,S03,dairy,18,40,3,0,2026-06-08T15:52:01.239538,1,0.5058
EVT828573,P008,S01,beverages,0,60,6,1,2026-06-08T15:52:01.239540,1,0.5667
EVT305643,P006,S04,dairy,6,40,2,0,2026-06-08T15:52:01.239543,1,0.6214
EVT716833,P011,S02,beverages,40,60,1,0,2026-06-08T15:52:01.239545,0,0.3694
EVT452113,P001,S02,dairy,2,40,11,0,2026-06-08T15:52:01.239551,0,0.8414
EVT787819,P008,S02,dairy,6,40,0,0,2026-06-08T15:52:01.239554,1,0.5825
EVT729989,P007,S02,frozen,44,45,1,0,2026-06-08T15:52:01.239556,0,0.2294
EVT781155,P013,S02,dairy,33,40,0,0,2026-06-08T15:52:01.239558,0,0.2788
EVT344706,P006,S02,bakery,16,35,8,0,2026-06-08T15:52:01.239561,0,0.5998
EVT490806,P010,S01,beverages,4,60,5,0,2026-06-08T15:52:01.239563,0,0.7172
EVT549098,P002,S02,household,6,30,12,1,2026-06-08T15:52:01.239566,1,0.5933
EVT114966,P012,S01,snacks,18,50,15,0,2026-06-08T15:52:01.239568,1,0.7797
EVT408855,P019,S04,bakery,20,35,4,1,2026-06-08T15:52:01.239571,1,0.2706
EVT688066,P003,S02,beverages,25,60,15,0,2026-06-08T15:52:01.239573,1,0.7542
EVT154208,P010,S03,beverages,4,60,14,0,2026-06-08T15:52:01.239576,1,0.8922
EVT406875,P001,S04,dairy,5,40,17,0,2026-06-08T15:52:01.239578,1,0.9243
EVT381975,P015,S04,bakery,12,35,12,0,2026-06-08T15:52:01.239581,1,0.729
EVT588805,P005,S04,bakery,32,35,5,0,2026-06-08T15:52:01.239584,1,0.3358
EVT871136,P015,S04,frozen,4,45,1,0,2026-06-08T15:52:01.239586,1,0.6294
EVT565637,P011,S01,snacks,48,50,3,0,2026-06-08T15:52:01.239588,0,0.2763
EVT968404,P015,S01,household,9,30,1,0,2026-06-08T15:52:01.239591,1,0.5344
EVT357420,P014,S02,bakery,28,35,6,0,2026-06-08T15:52:01.239593,0,0.4067
EVT692702,P006,S02,household,10,30,11,0,2026-06-08T15:52:01.239596,1,0.7139
EVT691576,P014,S04,snacks,6,50,14,0,2026-06-08T15:52:01.239598,1,0.8682
EVT505681,P020,S03,dairy,28,40,6,0,2026-06-08T15:52:01.239600,1,0.4517
EVT782076,P019,S04,household,16,30,5,0,2026-06-08T15:52:01.239603,0,0.5072
EVT875923,P016,S02,beverages,6,60,0,0,2026-06-08T15:52:01.239605,1,0.605
EVT345170,P004,S04,bakery,16,35,6,0,2026-06-08T15:52:01.239607,1,0.561
EVT903303,P014,S02,bakery,0,35,16,0,2026-06-08T15:52:01.239610,1,0.95
EVT514425,P007,S01,dairy,19,40,1,0,2026-06-08T15:52:01.239612,0,0.4557
EVT955263,P006,S04,dairy,31,40,5,0,2026-06-08T15:52:01.239615,1,0.3985
EVT554379,P005,S03,household,9,30,7,1,2026-06-08T15:52:01.239618,0,0.4511
EVT884409,P011,S04,bakery,8,35,9,1,2026-06-08T15:52:01.239620,1,0.5221
EVT103141,P003,S04,bakery,27,35,2,0,2026-06-08T15:52:01.239622,0,0.3417
EVT397082,P009,S01,beverages,42,60,1,0,2026-06-08T15:52:01.239624,0,0.3544
EVT310286,P015,S02,household,18,30,1,0,2026-06-08T15:52:01.239627,0,0.3994
EVT964627,P003,S01,frozen,1,45,2,0,2026-06-08T15:52:01.239632,0,0.6789
EVT727296,P005,S03,household,8,30,11,0,2026-06-08T15:52:01.239635,1,0.7439
EVT689254,P003,S04,frozen,22,45,2,0,2026-06-08T15:52:01.239637,0,0.4689
EVT539254,P005,S03,household,15,30,6,0,2026-06-08T15:52:01.239639,0,0.5417
EVT879747,P005,S04,household,26,30,6,0,2026-06-08T15:52:01.239642,0,0.3767
EVT350767,P009,S01,dairy,15,40,16,0,2026-06-08T15:52:01.239644,1,0.7924
EVT373796,P006,S04,beverages,59,60,3,0,2026-06-08T15:52:01.239646,0,0.2658
EVT878094,P018,S02,frozen,33,45,1,0,2026-06-08T15:52:01.239649,1,0.3394
EVT123403,P010,S02,household,7,30,3,0,2026-06-08T15:52:01.239651,0,0.6033
EVT235632,P007,S01,snacks,38,50,4,0,2026-06-08T15:52:01.239653,1,0.3858
EVT406914,P020,S03,dairy,2,40,2,0,2026-06-08T15:52:01.239655,1,0.6664
EVT601645,P013,S03,dairy,26,40,0,0,2026-06-08T15:52:01.239658,0,0.3575
EVT200191,P011,S02,dairy,14,40,11,1,2026-06-08T15:52:01.239660,1,0.5064
EVT449863,P014,S04,frozen,9,45,10,0,2026-06-08T15:52:01.239663,1,0.7544
EVT952043,P018,S03,snacks,23,50,0,0,2026-06-08T15:52:01.239666,0,0.443
EVT581335,P005,S03,household,8,30,13,0,2026-06-08T15:52:01.239669,1,0.7828
EVT241185,P013,S03,beverages,10,60,1,0,2026-06-08T15:52:01.239671,1,0.5944
EVT433456,P008,S01,beverages,9,60,11,0,2026-06-08T15:52:01.239673,1,0.7964
EVT667194,P002,S01,dairy,39,40,2,0,2026-06-08T15:52:01.239676,1,0.2501
EVT226600,P004,S04,household,17,30,5,1,2026-06-08T15:52:01.239678,1,0.2922
EVT363526,P013,S04,household,8,30,6,1,2026-06-08T15:52:01.239680,1,0.4467
EVT110514,P016,S01,frozen,14,45,9,0,2026-06-08T15:52:01.239683,1,0.685
EVT627570,P013,S03,snacks,43,50,4,0,2026-06-08T15:52:01.239685,1,0.3408
EVT160752,P005,S03,frozen,42,45,6,1,2026-06-08T15:52:01.239687,1,0.1467
EVT792489,P019,S03,snacks,11,50,6,1,2026-06-08T15:52:01.239690,0,0.4677
EVT968403,P011,S01,beverages,26,60,10,0,2026-06-08T15:52:01.239692,1,0.6494
EVT400630,P010,S02,snacks,4,50,15,1,2026-06-08T15:52:01.239695,1,0.7057
EVT348500,P016,S01,frozen,25,45,5,0,2026-06-08T15:52:01.239697,1,0.4972
EVT844963,P008,S04,snacks,33,50,3,0,2026-06-08T15:52:01.239699,0,0.4113
EVT760919,P008,S04,beverages,31,60,2,1,2026-06-08T15:52:01.239702,0,0.2564
EVT674577,P007,S03,beverages,3,60,12,0,2026-06-08T15:52:01.239704,1,0.8608
EVT539255,P019,S01,frozen,22,45,2,0,2026-06-08T15:52:01.239707,1,0.4689
EVT495648,P014,S01,household,23,30,4,0,2026-06-08T15:52:01.239710,1,0.3828
EVT709386,P015,S03,household,21,30,1,0,2026-06-08T15:52:01.239716,0,0.3544
EVT618214,P015,S03,beverages,7,60,4,0,2026-06-08T15:52:01.239718,0,0.6753
EVT530208,P002,S02,frozen,40,45,4,0,2026-06-08T15:52:01.239721,0,0.3278
EVT616593,P012,S01,frozen,38,45,2,0,2026-06-08T15:52:01.239723,1,0.3089
EVT972124,P018,S04,frozen,27,45,1,0,2026-06-08T15:52:01.239725,1,0.3994
EVT764111,P004,S01,household,3,30,18,0,2026-06-08T15:52:01.239728,1,0.95
EVT358297,P011,S04,beverages,52,60,3,0,2026-06-08T15:52:01.239730,1,0.3183
EVT635440,P019,S01,bakery,7,35,5,0,2026-06-08T15:52:01.239732,1,0.6572
EVT873082,P013,S02,frozen,32,45,4,1,2026-06-08T15:52:01.239735,0,0.2078
EVT665763,P005,S04,bakery,17,35,1,0,2026-06-08T15:52:01.239737,1,0.4509
EVT649069,P004,S02,bakery,35,35,4,1,2026-06-08T15:52:01.239739,0,0.0778
EVT546528,P015,S03,household,22,30,3,0,2026-06-08T15:52:01.239742,1,0.3783
EVT238458,P015,S03,household,10,30,3,0,2026-06-08T15:52:01.239744,1,0.5583
EVT884783,P012,S04,bakery,0,35,15,0,2026-06-08T15:52:01.239747,1,0.9417
EVT591019,P006,S01,frozen,21,45,5,0,2026-06-08T15:52:01.239749,0,0.5372
EVT358160,P018,S01,snacks,1,50,8,1,2026-06-08T15:52:01.239751,1,0.5966
EVT900600,P008,S01,dairy,30,40,3,0,2026-06-08T15:52:01.239754,0,0.3708
EVT375590,P012,S01,beverages,6,60,17,0,2026-06-08T15:52:01.239756,1,0.9356
EVT673648,P011,S01,beverages,57,60,1,0,2026-06-08T15:52:01.239758,1,0.2419
EVT823358,P013,S01,bakery,15,35,6,0,2026-06-08T15:52:01.239761,1,0.5738
EVT700247,P008,S02,frozen,17,45,6,0,2026-06-08T15:52:01.239764,1,0.5967
EVT413906,P007,S02,bakery,5,35,18,0,2026-06-08T15:52:01.239766,1,0.9357
