event_id,product_id,store_id,category,current_stock,shelf_capacity,sales_last_10min,replenishment_pending,timestamp
EVT135434,P018,S02,dairy,11,40,9,1,2026-06-08T15:52:01.226083
EVT255173,P019,S01,beverages,2,60,15,1,2026-06-08T15:52:01.226092
EVT454226,P013,S01,snacks,19,50,13,0,2026-06-08T15:52:01.226099
EVT921623,P012,S03,dairy,8,40,1,0,2026-06-08T15:52:01.226103
EVT948942,P009,S02,beverages,49,60,1,0,2026-06-08T15:52:01.226106
EVT915131,P017,S03,beverages,41,60,6,0,2026-06-08T15:52:01.226109
EVT835496,P019,S04,dairy,7,40,8,1,2026-06-08T15:52:01.226112
EVT417074,P006,S02,snacks,25,50,1,0,2026-06-08T15:52:01.226117
EVT271164,P015,S04,dairy,33,40,4,0,2026-06-08T15:52:01.226121
EVT601226,P019,S02,bakery,4,35,15,0,2026-06-08T15:52:01.226124
EVT574560,P019,S04,frozen,8,45,17,0,2026-06-08T15:52:01.226127
EVT766289,P018,S01,dairy,32,40,6,0,2026-06-08T15:52:01.226130
EVT773323,P016,S01,bakery,8,35,17,0,2026-06-08T15:52:01.226132
EVT717201,P020,S01,bakery,7,35,11,0,2026-06-08T15:52:01.226135
EVT551311,P009,S01,household,21,30,0,0,2026-06-08T15:52:01.226138
EVT702382,P012,S01,frozen,44,45,5,0,2026-06-08T15:52:01.226140
EVT361704,P011,S01,bakery,33,35,3,0,2026-06-08T15:52:01.226144
EVT670873,P002,S02,bakery,0,35,11,0,2026-06-08T15:52:01.226147
EVT156640,P015,S02,snacks,11,50,6,1,2026-06-08T15:52:01.226150
EVT730675,P015,S02,bakery,11,35,13,0,2026-06-08T15:52:01.226153
EVT957564,P017,S03,bakery,1,35,11,0,2026-06-08T15:52:01.226155
EVT416439,P020,S02,household,9,30,8,1,2026-06-08T15:52:01.226158
EVT375241,P013,S03,bakery,14,35,10,0,2026-06-08T15:52:01.226161
EVT897896,P006,S04,bakery,34,35,1,0,2026-06-08T15:52:01.226164
EVT763460,P002,S02,frozen,23,45,3,0,2026-06-08T15:52:01.226166
EVT878766,P018,S03,frozen,16,45,6,0,2026-06-08T15:52:01.226169
EVT107084,P013,S02,snacks,5,50,7,1,2026-06-08T15:52:01.226172
EVT734301,P013,S04,bakery,4,35,12,0,2026-06-08T15:52:01.226175
EVT305922,P015,S04,bakery,9,35,7,1,2026-06-08T15:52:01.226177
EVT366381,P014,S01,dairy,6,40,12,0,2026-06-08T15:52:01.226180
EVT131068,P015,S02,frozen,22,45,6,0,2026-06-08T15:52:01.226183
EVT485849,P013,S02,dairy,0,40,17,0,2026-06-08T15:52:01.226186
EVT724077,P013,S03,household,8,30,12,0,2026-06-08T15:52:01.226188
EVT413374,P008,S01,dairy,2,40,6,1,2026-06-08T15:52:01.226191
EVT878880,P006,S01,frozen,8,45,5,0,2026-06-08T15:52:01.226194
EVT917214,P011,S01,snacks,48,50,4,0,2026-06-08T15:52:01.226196
EVT531902,P019,S04,dairy,9,40,5,0,2026-06-08T15:52:01.226199
EVT365686,P008,S02,snacks,22,50,12,0,2026-06-08T15:52:01.226202
EVT585978,P013,S03,bakery,27,35,3,0,2026-06-08T15:52:01.226204
EVT610304,P013,S04,household,24,30,6,0,2026-06-08T15:52:01.226207
EVT250508,P018,S03,dairy,8,40,17,0,2026-06-08T15:52:01.226209
EVT781977,P001,S02,frozen,14,45,15,0,2026-06-08T15:52:01.226213
EVT400722,P012,S04,dairy,10,40,13,1,2026-06-08T15:52:01.226215
EVT247262,P016,S03,household,11,30,14,1,2026-06-08T15:52:01.226218
EVT494795,P002,S01,snacks,50,50,3,0,2026-06-08T15:52:01.226220
EVT579615,P004,S01,household,12,30,9,1,2026-06-08T15:52:01.226223
EVT457174,P015,S02,dairy,24,40,0,0,2026-06-08T15:52:01.226225
EVT835380,P016,S01,beverages,22,60,10,0,2026-06-08T15:52:01.226228
EVT702584,P004,S04,dairy,17,40,7,1,2026-06-08T15:52:01.226231
EVT559158,P010,S02,beverages,16,60,16,0,2026-06-08T15:52:01.226234
EVT508050,P001,S02,bakery,31,35,6,0,2026-06-08T15:52:01.226237
EVT956347,P004,S04,snacks,4,50,3,0,2026-06-08T15:52:01.226239
EVT157980,P001,S02,dairy,20,40,0,1,2026-06-08T15:52:01.226242
EVT761270,P002,S04,snacks,15,50,13,0,2026-06-08T15:52:01.226245
EVT660573,P017,S02,household,18,30,1,0,2026-06-08T15:52:01.226248
EVT348889,P007,S04,dairy,20,40,1,0,2026-06-08T15:52:01.226251
EVT241639,P008,S03,dairy,8,40,1,0,2026-06-08T15:52:01.226253
EVT100467,P010,S03,beverages,2,60,6,1,2026-06-08T15:52:01.226256
EVT619093,P014,S03,frozen,10,45,12,0,2026-06-08T15:52:01.226258
EVT121822,P011,S02,household,20,30,1,0,2026-06-08T15:52:01.226261
EVT991595,P014,S02,frozen,23,45,3,0,2026-06-08T15:52:01.226263
EVT388576,P001,S02,dairy,12,40,8,0,2026-06-08T15:52:01.226266
EVT274037,P003,S03,dairy,12,40,14,0,2026-06-08T15:52:01.226269
EVT430149,P014,S02,frozen,3,45,12,0,2026-06-08T15:52:01.226271
EVT667674,P003,S04,beverages,2,60,15,0,2026-06-08T15:52:01.226274
EVT191085,P011,S01,dairy,10,40,8,1,2026-06-08T15:52:01.226277
EVT766013,P005,S03,bakery,34,35,2,0,2026-06-08T15:52:01.226279
EVT210011,P004,S01,household,3,30,12,0,2026-06-08T15:52:01.226282
EVT510853,P009,S03,beverages,1,60,15,0,2026-06-08T15:52:01.226285
EVT217643,P005,S02,dairy,19,40,4,0,2026-06-08T15:52:01.226288
EVT140364,P005,S02,beverages,45,60,6,0,2026-06-08T15:52:01.226290
EVT568071,P004,S02,bakery,13,35,7,0,2026-06-08T15:52:01.226293
EVT719950,P010,S02,dairy,2,40,11,1,2026-06-08T15:52:01.226295
EVT905583,P011,S04,household,2,30,15,0,2026-06-08T15:52:01.226298
EVT352532,P018,S02,beverages,25,60,9,0,2026-06-08T15:52:01.226301
EVT298795,P010,S03,household,2,30,12,1,2026-06-08T15:52:01.226303
EVT917521,P007,S04,dairy,36,40,3,0,2026-06-08T15:52:01.226306
EVT710137,P009,S03,beverages,3,60,17,0,2026-06-08T15:52:01.226308
EVT932628,P020,S03,household,1,30,10,1,2026-06-08T15:52:01.226311
EVT146897,P010,S04,dairy,17,40,7,1,2026-06-08T15:52:01.226313
EVT191497,P012,S02,frozen,27,45,1,0,2026-06-08T15:52:01.226316
EVT752153,P002,S01,bakery,35,35,4,0,2026-06-08T15:52:01.226319
EVT748286,P018,S01,household,11,30,7,1,2026-06-08T15:52:01.226321
EVT389523,P011,S03,beverages,10,60,7,0,2026-06-08T15:52:01.226324
EVT806959,P006,S04,frozen,0,45,2,0,2026-06-08T15:52:01.226326
EVT358276,P007,S03,bakery,20,35,6,0,2026-06-08T15:52:01.226329
EVT889664,P003,S02,dairy,17,40,15,0,2026-06-08T15:52:01.226332
EVT121650,P018,S04,beverages,2,60,6,1,2026-06-08T15:52:01.226334
EVT485585,P004,S04,dairy,36,40,1,0,2026-06-08T15:52:01.226337
EVT356869,P010,S03,frozen,40,45,6,0,2026-06-08T15:52:01.226339
EVT567695,P010,S01,snacks,12,50,6,1,2026-06-08T15:52:01.226342
EVT531761,P008,S01,beverages,4,60,11,0,2026-06-08T15:52:01.226344
EVT665889,P011,S01,dairy,37,40,3,0,2026-06-08T15:52:01.226347
EVT546212,P017,S01,household,2,30,10,0,2026-06-08T15:52:01.226349
EVT928025,P019,S01,bakery,14,35,8,0,2026-06-08T15:52:01.226352
EVT770715,P013,S04,snacks,30,50,0,0,2026-06-08T15:52:01.226355
EVT566204,P010,S03,dairy,18,40,8,0,2026-06-08T15:52:01.226357
EVT768799,P016,S03,frozen,33,45,4,0,2026-06-08T15:52:01.226360
EVT625473,P002,S04,snacks,3,50,15,0,2026-06-08T15:52:01.226362
EVT268229,P019,S02,dairy,6,40,5,0,2026-06-08T15:52:01.226365
EVT678591,P002,S04,snacks,23,50,5,0,2026-06-08T15:52:01.226368
EVT562809,P018,S03,beverages,60,60,2,0,2026-06-08T15:52:01.226370
EVT616189,P005,S04,frozen,36,45,1,0,2026-06-08T15:52:01.226373
EVT882848,P009,S01,bakery,7,35,11,0,2026-06-08T15:52:01.226375
EVT329955,P006,S01,dairy,23,40,3,0,2026-06-08T15:52:01.226378
EVT869823,P006,S03,bakery,32,35,1,0,2026-06-08T15:52:01.226380
EVT352727,P008,S02,bakery,3,35,5,0,2026-06-08T15:52:01.226383
EVT989226,P015,S02,dairy,39,40,2,0,2026-06-08T15:52:01.226385
EVT864352,P006,S01,bakery,28,35,0,0,2026-06-08T15:52:01.226388
EVT758402,P007,S03,household,6,30,17,0,2026-06-08T15:52:01.226391
EVT720341,P011,S04,bakery,8,35,16,0,2026-06-08T15:52:01.226393
EVT477991,P007,S03,household,30,30,0,0,2026-06-08T15:52:01.226396
EVT667641,P009,S03,bakery,16,35,4,0,2026-06-08T15:52:01.226398
EVT107127,P017,S01,beverages,14,60,8,0,2026-06-08T15:52:01.226401
EVT667017,P013,S02,household,16,30,7,0,2026-06-08T15:52:01.226403
EVT392300,P013,S01,beverages,53,60,3,0,2026-06-08T15:52:01.226406
EVT252870,P011,S04,frozen,17,45,9,0,2026-06-08T15:52:01.226408
EVT482833,P018,S04,dairy,1,40,5,0,2026-06-08T15:52:01.226411
EVT300657,P016,S03,household,23,30,5,0,2026-06-08T15:52:01.226414
EVT394353,P007,S04,bakery,18,35,0,0,2026-06-08T15:52:01.226416
EVT900702,P004,S03,beverages,12,60,9,1,2026-06-08T15:52:01.226419
EVT894148,P014,S03,bakery,3,35,3,0,2026-06-08T15:52:01.226421
EVT378194,P017,S03,bakery,14,35,9,0,2026-06-08T15:52:01.226429
EVT457602,P019,S04,beverages,4,60,13,0,2026-06-08T15:52:01.226432
EVT123961,P010,S04,frozen,1,45,16,0,2026-06-08T15:52:01.226434
EVT573852,P008,S04,household,11,30,16,0,2026-06-08T15:52:01.226437
EVT687109,P013,S03,bakery,12,35,11,0,2026-06-08T15:52:01.226439
EVT767536,P008,S01,household,28,30,2,0,2026-06-08T15:52:01.226441
EVT456156,P001,S03,beverages,31,60,1,0,2026-06-08T15:52:01.226444
EVT328850,P010,S02,household,16,30,3,0,2026-06-08T15:52:01.226446
EVT763397,P007,S02,beverages,2,60,10,0,2026-06-08T15:52:01.226449
EVT152735,P006,S02,snacks,3,50,18,0,2026-06-08T15:52:01.226451
EVT479312,P014,S03,household,15,30,6,0,2026-06-08T15:52:01.226454
EVT763543,P005,S03,snacks,20,50,15,0,2026-06-08T15:52:01.226457
EVT779376,P007,S04,household,13,30,11,0,2026-06-08T15:52:01.226459
EVT471562,P003,S02,dairy,6,40,11,0,2026-06-08T15:52:01.226461
EVT111474,P015,S02,dairy,5,40,3,0,2026-06-08T15:52:01.226464
EVT724679,P019,S04,snacks,1,50,7,1,2026-06-08T15:52:01.226466
EVT952150,P005,S04,frozen,21,45,3,1,2026-06-08T15:52:01.226469
EVT486027,P016,S04,snacks,16,50,11,0,2026-06-08T15:52:01.226471
EVT489724,P020,S02,beverages,1,60,16,0,2026-06-08T15:52:01.226473
EVT703141,P020,S03,beverages,3,60,4,0,2026-06-08T15:52:01.226476
EVT563409,P007,S01,bakery,24,35,4,0,2026-06-08T15:52:01.226478
EVT264870,P008,S02,beverages,9,60,6,1,2026-06-08T15:52:01.226481
EVT981767,P010,S02,household,5,30,6,1,2026-06-08T15:52:01.226483
EVT160656,P014,S03,bakery,7,35,2,0,2026-06-08T15:52:01.226486
EVT270762,P014,S04,frozen,1,45,5,0,2026-06-08T15:52:01.226488
EVT903937,P014,S04,snacks,35,50,4,0,2026-06-08T15:52:01.226490
EVT163009,P015,S02,bakery,14,35,14,0,2026-06-08T15:52:01.226493
EVT267889,P014,S01,dairy,3,40,10,1,2026-06-08T15:52:01.226495
EVT139519,P015,S02,beverages,26,60,14,0,2026-06-08T15:52:01.226497
EVT613135,P013,S02,snacks,10,50,5,0,2026-06-08T15:52:01.226500
EVT554163,P010,S02,bakery,35,35,2,0,2026-06-08T15:52:01.226502
EVT982598,P011,S03,beverages,25,60,13,0,2026-06-08T15:52:01.226504
EVT949289,P016,S03,frozen,43,45,3,0,2026-06-08T15:52:01.226507
EVT900391,P013,S01,household,4,30,10,0,2026-06-08T15:52:01.226509
EVT214640,P004,S04,beverages,7,60,12,0,2026-06-08T15:52:01.226511
EVT498757,P019,S03,snacks,32,50,4,0,2026-06-08T15:52:01.226514
EVT111772,P020,S02,snacks,8,50,9,0,2026-06-08T15:52:01.226516
EVT463620,P017,S02,dairy,10,40,6,1,2026-06-08T15:52:01.226518
EVT982309,P016,S01,household,11,30,16,0,2026-06-08T15:52:01.226521
EVT249515,P018,S04,dairy,8,40,12,0,2026-06-08T15:52:01.226524
EVT706968,P004,S03,beverages,5,60,10,0,2026-06-08T15:52:01.226526
EVT337050,P004,S03,beverages,53,60,6,0,2026-06-08T15:52:01.226539
EVT658369,P019,S01,bakery,9,35,15,0,2026-06-08T15:52:01.226541
EVT808124,P012,S01,dairy,2,40,2,0,2026-06-08T15:52:01.226544
EVT220588,P006,S03,frozen,43,45,5,0,2026-06-08T15:52:01.226546
EVT677824,P015,S03,frozen,33,45,6,0,2026-06-08T15:52:01.226548
EVT613330,P005,S04,dairy,3,40,17,0,2026-06-08T15:52:01.226551
EVT977299,P015,S04,household,17,30,0,0,2026-06-08T15:52:01.226553
EVT584835,P002,S02,snacks,2,50,1,0,2026-06-08T15:52:01.226556
EVT261746,P020,S04,frozen,12,45,9,0,2026-06-08T15:52:01.226558
EVT846086,P016,S03,dairy,5,40,16,0,2026-06-08T15:52:01.226561
EVT336326,P005,S01,bakery,21,35,5,0,2026-06-08T15:52:01.226563
EVT877037,P012,S02,beverages,2,60,4,0,2026-06-08T15:52:01.226565
EVT763083,P001,S01,bakery,15,35,15,0,2026-06-08T15:52:01.226568
EVT521432,P005,S03,bakery,1,35,11,1,2026-06-08T15:52:01.226570
EVT188650,P012,S04,frozen,4,45,10,0,2026-06-08T15:52:01.226572
EVT888654,P008,S03,bakery,13,35,6,1,2026-06-08T15:52:01.226575
EVT884777,P009,S04,bakery,13,35,11,0,2026-06-08T15:52:01.226577
EVT592841,P012,S04,snacks,4,50,3,0,2026-06-08T15:52:01.226580
EVT975275,P020,S04,household,1,30,16,0,2026-06-08T15:52:01.226583
EVT246827,P015,S01,bakery,8,35,12,0,2026-06-08T15:52:01.226585
EVT684690,P016,S04,frozen,27,45,5,0,2026-06-08T15:52:01.226587
EVT568535,P007,S03,snacks,12,50,14,0,2026-06-08T15:52:01.226590
EVT706112,P015,S04,beverages,24,60,10,0,2026-06-08T15:52:01.226592
EVT781136,P006,S03,frozen,1,45,15,0,2026-06-08T15:52:01.226595
EVT872929,P018,S03,household,10,30,12,1,2026-06-08T15:52:01.226597
EVT722062,P017,S01,bakery,25,35,6,0,2026-06-08T15:52:01.226600
EVT585008,P012,S02,beverages,58,60,3,0,2026-06-08T15:52:01.226602
EVT289173,P015,S01,beverages,18,60,6,1,2026-06-08T15:52:01.226604
EVT731563,P010,S02,snacks,2,50,10,1,2026-06-08T15:52:01.226607
EVT964927,P001,S03,bakery,13,35,15,0,2026-06-08T15:52:01.226609
EVT549859,P003,S01,household,10,30,8,0,2026-06-08T15:52:01.226612
EVT526626,P018,S04,dairy,22,40,5,0,2026-06-08T15:52:01.226614
EVT716621,P010,S04,household,1,30,4,0,2026-06-08T15:52:01.226617
EVT169800,P016,S01,beverages,37,60,3,0,2026-06-08T15:52:01.226619
EVT641587,P016,S02,snacks,47,50,6,0,2026-06-08T15:52:01.226622
EVT458211,P013,S02,frozen,31,45,3,0,2026-06-08T15:52:01.226624
EVT362248,P002,S01,beverages,52,60,5,0,2026-06-08T15:52:01.226626
EVT170645,P010,S03,bakery,10,35,2,0,2026-06-08T15:52:01.226629
EVT694009,P009,S02,snacks,19,50,14,0,2026-06-08T15:52:01.226632
EVT874324,P012,S04,beverages,5,60,14,0,2026-06-08T15:52:01.226634
EVT590756,P001,S02,frozen,44,45,3,0,2026-06-08T15:52:01.226636
EVT741188,P019,S04,dairy,3,40,14,0,2026-06-08T15:52:01.226639
EVT541028,P012,S02,frozen,3,45,13,0,2026-06-08T15:52:01.226641
EVT310938,P017,S01,snacks,8,50,4,0,2026-06-08T15:52:01.226643
EVT413634,P006,S04,frozen,44,45,3,0,2026-06-08T15:52:01.226646
EVT591212,P006,S03,household,2,30,3,0,2026-06-08T15:52:01.226648
EVT978598,P019,S04,dairy,31,40,5,0,2026-06-08T15:52:01.226651
EVT318422,P011,S03,frozen,30,45,1,0,2026-06-08T15:52:01.226653
EVT386999,P013,S01,dairy,31,40,3,0,2026-06-08T15:52:01.226655
EVT573205,P007,S01,beverages,4,60,6,1,2026-06-08T15:52:01.226658
EVT167050,P015,S04,beverages,10,60,13,1,2026-06-08T15:52:01.226660
EVT476017,P013,S02,snacks,6,50,17,0,2026-06-08T15:52:01.226662
EVT535454,P020,S01,bakery,21,35,5,0,2026-06-08T15:52:01.226665
EVT177122,P009,S03,dairy,3,40,13,0,2026-06-08T15:52:01.226667
EVT511784,P011,S04,beverages,8,60,2,0,2026-06-08T15:52:01.226669
EVT724038,P020,S03,snacks,2,50,15,0,2026-06-08T15:52:01.226672
EVT684252,P002,S01,snacks,33,50,1,0,2026-06-08T15:52:01.226674
EVT551119,P006,S01,dairy,18,40,16,0,2026-06-08T15:52:01.226679
EVT586692,P003,S02,household,6,30,9,1,2026-06-08T15:52:01.226682
EVT952939,P020,S01,frozen,28,45,3,0,2026-06-08T15:52:01.226684
EVT927624,P019,S01,snacks,37,50,5,1,2026-06-08T15:52:01.226687
EVT520163,P002,S01,snacks,29,50,3,0,2026-06-08T15:52:01.226689
EVT976827,P013,S01,snacks,10,50,10,0,2026-06-08T15:52:01.226692
EVT102013,P019,S03,beverages,16,60,10,0,2026-06-08T15:52:01.226694
EVT417551,P003,S01,dairy,35,40,0,0,2026-06-08T15:52:01.226696
EVT808860,P006,S01,bakery,28,35,5,1,2026-06-08T15:52:01.226699
EVT719562,P010,S03,beverages,21,60,10,0,2026-06-08T15:52:01.226701
EVT853128,P006,S01,snacks,22,50,8,0,2026-06-08T15:52:01.226704
EVT967557,P009,S04,snacks,38,50,2,0,2026-06-08T15:52:01.226706
EVT682204,P019,S03,household,22,30,0,0,2026-06-08T15:52:01.226709
EVT436044,P004,S03,bakery,28,35,2,0,2026-06-08T15:52:01.226711
EVT946866,P015,S01,frozen,43,45,5,0,2026-06-08T15:52:01.226714
EVT254162,P009,S02,snacks,49,50,5,0,2026-06-08T15:52:01.226717
EVT898000,P005,S04,snacks,8,50,12,0,2026-06-08T15:52:01.226719
EVT128496,P005,S02,snacks,22,50,3,1,2026-06-08T15:52:01.226721
EVT381682,P011,S01,snacks,46,50,0,0,2026-06-08T15:52:01.226724
EVT192942,P007,S01,bakery,1,35,14,1,2026-06-08T15:52:01.226726
EVT963874,P007,S03,bakery,11,35,11,1,2026-06-08T15:52:01.226729
EVT967197,P017,S01,beverages,0,60,13,0,2026-06-08T15:52:01.226731
EVT248039,P017,S04,beverages,42,60,3,1,2026-06-08T15:52:01.226734
EVT426857,P014,S04,snacks,22,50,4,0,2026-06-08T15:52:01.226736
EVT800964,P007,S01,snacks,4,50,11,1,2026-06-08T15:52:01.226738
EVT436615,P010,S04,frozen,16,45,14,0,2026-06-08T15:52:01.226741
EVT717113,P003,S02,bakery,17,35,8,0,2026-06-08T15:52:01.226743
EVT941998,P016,S01,beverages,54,60,6,0,2026-06-08T15:52:01.226746
EVT600662,P001,S03,household,22,30,3,0,2026-06-08T15:52:01.226748
EVT623013,P005,S02,bakery,6,35,18,0,2026-06-08T15:52:01.226750
EVT251661,P016,S01,frozen,10,45,2,0,2026-06-08T15:52:01.226753
EVT679405,P019,S03,beverages,17,60,12,0,2026-06-08T15:52:01.226755
EVT718901,P014,S03,bakery,24,35,4,0,2026-06-08T15:52:01.226757
EVT994417,P006,S01,dairy,37,40,1,0,2026-06-08T15:52:01.226760
EVT146512,P013,S01,frozen,18,45,13,0,2026-06-08T15:52:01.226762
EVT467926,P011,S03,dairy,28,40,1,0,2026-06-08T15:52:01.226765
EVT447841,P010,S04,bakery,9,35,8,0,2026-06-08T15:52:01.226767
EVT684417,P006,S03,bakery,8,35,13,0,2026-06-08T15:52:01.226770
EVT372346,P014,S03,snacks,49,50,0,0,2026-06-08T15:52:01.226772
EVT518704,P005,S01,snacks,30,50,1,0,2026-06-08T15:52:01.226778
EVT957183,P015,S01,dairy,37,40,2,0,2026-06-08T15:52:01.226781
EVT170525,P016,S02,frozen,6,45,5,0,2026-06-08T15:52:01.226783
EVT393489,P013,S01,household,21,30,3,0,2026-06-08T15:52:01.226786
EVT595297,P019,S02,beverages,31,60,0,0,2026-06-08T15:52:01.226802
EVT933323,P001,S02,bakery,17,35,5,1,2026-06-08T15:52:01.226806
EVT411826,P001,S04,frozen,4,45,13,0,2026-06-08T15:52:01.226809
EVT877244,P010,S04,snacks,42,50,4,1,2026-06-08T15:52:01.226812
EVT765486,P002,S04,frozen,4,45,1,0,2026-06-08T15:52:01.226816
EVT630498,P007,S01,snacks,6,50,4,0,2026-06-08T15:52:01.226819
EVT659883,P010,S01,household,8,30,11,0,2026-06-08T15:52:01.226823
EVT711434,P004,S02,frozen,13,45,11,0,2026-06-08T15:52:01.226827
EVT188133,P017,S03,beverages,21,60,15,0,2026-06-08T15:52:01.226830
EVT429516,P002,S04,snacks,34,50,0,0,2026-06-08T15:52:01.226833
EVT686670,P005,S04,bakery,10,35,0,0,2026-06-08T15:52:01.226836
EVT267112,P009,S02,beverages,7,60,5,0,2026-06-08T15:52:01.226838
EVT648075,P017,S01,frozen,6,45,10,0,2026-06-08T15:52:01.226841
EVT138596,P001,S03,dairy,19,40,2,0,2026-06-08T15:52:01.226844
EVT990810,P014,S04,snacks,4,50,3,0,2026-06-08T15:52:01.226846
EVT197910,P003,S02,beverages,4,60,13,0,2026-06-08T15:52:01.226849
EVT379781,P020,S03,dairy,6,40,4,0,2026-06-08T15:52:01.226852
EVT645882,P006,S02,snacks,27,50,6,0,2026-06-08T15:52:01.226854
EVT689671,P005,S03,beverages,12,60,9,1,2026-06-08T15:52:01.226857
EVT403151,P003,S01,snacks,3,50,9,1,2026-06-08T15:52:01.226859
EVT241648,P014,S03,bakery,33,35,2,0,2026-06-08T15:52:01.226862
EVT649248,P002,S01,beverages,5,60,8,1,2026-06-08T15:52:01.226865
EVT836021,P002,S03,bakery,11,35,9,0,2026-06-08T15:52:01.226868
EVT864739,P019,S04,beverages,13,60,16,0,2026-06-08T15:52:01.226870
EVT272214,P002,S02,bakery,4,35,15,1,2026-06-08T15:52:01.226873
EVT607558,P020,S04,household,2,30,0,0,2026-06-08T15:52:01.226875
EVT626391,P009,S01,beverages,3,60,15,0,2026-06-08T15:52:01.226878
EVT360296,P004,S02,dairy,13,40,11,1,2026-06-08T15:52:01.226881
EVT449980,P005,S04,frozen,28,45,4,1,2026-06-08T15:52:01.226889
EVT638110,P005,S04,bakery,28,35,5,0,2026-06-08T15:52:01.226892
EVT420058,P016,S03,household,3,30,10,1,2026-06-08T15:52:01.226895
EVT100048,P002,S01,bakery,14,35,13,0,2026-06-08T15:52:01.226898
EVT585335,P007,S04,bakery,20,35,2,0,2026-06-08T15:52:01.226900
EVT540796,P007,S04,household,25,30,5,0,2026-06-08T15:52:01.226903
EVT629690,P005,S02,snacks,10,50,16,0,2026-06-08T15:52:01.226906
EVT193462,P019,S01,household,5,30,15,1,2026-06-08T15:52:01.226909
EVT972125,P011,S01,household,4,30,15,0,2026-06-08T15:52:01.226912
EVT591206,P010,S03,bakery,1,35,10,0,2026-06-08T15:52:01.226914
EVT645041,P018,S02,beverages,17,60,16,0,2026-06-08T15:52:01.226917
EVT690909,P011,S02,household,20,30,2,0,2026-06-08T15:52:01.226920
EVT974916,P004,S04,frozen,9,45,6,1,2026-06-08T15:52:01.226923
EVT322584,P017,S02,snacks,16,50,15,0,2026-06-08T15:52:01.226925
EVT252775,P007,S04,beverages,2,60,16,0,2026-06-08T15:52:01.226928
EVT277379,P011,S04,beverages,12,60,10,0,2026-06-08T15:52:01.226931
EVT155660,P009,S01,dairy,17,40,12,0,2026-06-08T15:52:01.226933
EVT504272,P019,S03,beverages,58,60,5,0,2026-06-08T15:52:01.226936
EVT735885,P019,S02,snacks,4,50,10,1,2026-06-08T15:52:01.226939
EVT314947,P017,S02,bakery,19,35,6,1,2026-06-08T15:52:01.226941
EVT545184,P017,S02,beverages,30,60,2,0,2026-06-08T15:52:01.226944
EVT212124,P018,S04,snacks,5,50,7,1,2026-06-08T15:52:01.226947
EVT565805,P007,S02,household,8,30,12,0,2026-06-08T15:52:01.226949
EVT528530,P007,S03,dairy,27,40,3,1,2026-06-08T15:52:01.226952
EVT223488,P011,S03,bakery,21,35,0,0,2026-06-08T15:52:01.226955
EVT612041,P008,S03,beverages,5,60,12,0,2026-06-08T15:52:01.226957
EVT577332,P003,S04,frozen,11,45,15,0,2026-06-08T15:52:01.226960
EVT213006,P018,S03,bakery,10,35,6,0,2026-06-08T15:52:01.226963
EVT714975,P011,S01,dairy,33,40,6,0,2026-06-08T15:52:01.226966
EVT816852,P001,S03,household,16,30,2,0,2026-06-08T15:52:01.226968
EVT957851,P005,S01,bakery,4,35,18,0,2026-06-08T15:52:01.226971
EVT467026,P014,S04,household,25,30,0,0,2026-06-08T15:52:01.226973
EVT444450,P011,S04,beverages,55,60,0,0,2026-06-08T15:52:01.226976
EVT341723,P019,S04,household,6,30,13,0,2026-06-08T15:52:01.226979
EVT258583,P008,S04,beverages,6,60,14,1,2026-06-08T15:52:01.226982
EVT488320,P020,S02,dairy,21,40,2,0,2026-06-08T15:52:01.226984
EVT517430,P006,S03,snacks,1,50,12,0,2026-06-08T15:52:01.226987
EVT578078,P013,S02,household,11,30,15,1,2026-06-08T15:52:01.226989
EVT490185,P006,S04,beverages,1,60,4,0,2026-06-08T15:52:01.226992
EVT301457,P003,S03,bakery,34,35,5,0,2026-06-08T15:52:01.226994
EVT253685,P002,S03,household,14,30,5,1,2026-06-08T15:52:01.226997
EVT176419,P001,S04,snacks,4,50,15,0,2026-06-08T15:52:01.227000
EVT324573,P014,S03,dairy,40,40,2,1,2026-06-08T15:52:01.227002
EVT667334,P002,S03,household,26,30,2,0,2026-06-08T15:52:01.227005
EVT903724,P009,S02,snacks,23,50,6,0,2026-06-08T15:52:01.227018
EVT198534,P012,S02,snacks,30,50,1,1,2026-06-08T15:52:01.227021
EVT309438,P002,S03,snacks,32,50,0,0,2026-06-08T15:52:01.227024
EVT805735,P002,S04,frozen,8,45,9,0,2026-06-08T15:52:01.227027
EVT694888,P009,S02,bakery,23,35,2,0,2026-06-08T15:52:01.227029
EVT384133,P008,S01,frozen,4,45,14,0,2026-06-08T15:52:01.227032
EVT198502,P019,S02,dairy,6,40,8,1,2026-06-08T15:52:01.227034
EVT375037,P003,S02,dairy,35,40,0,0,2026-06-08T15:52:01.227037
EVT698302,P004,S03,beverages,7,60,11,0,2026-06-08T15:52:01.227039
EVT180725,P007,S01,frozen,9,45,11,1,2026-06-08T15:52:01.227042
EVT775702,P010,S01,dairy,27,40,6,0,2026-06-08T15:52:01.227044
EVT194578,P010,S03,frozen,6,45,5,0,2026-06-08T15:52:01.227047
EVT488152,P016,S03,beverages,31,60,5,1,2026-06-08T15:52:01.227049
EVT622686,P005,S02,beverages,59,60,6,0,2026-06-08T15:52:01.227052
EVT262209,P005,S03,household,9,30,8,1,2026-06-08T15:52:01.227054
EVT686894,P006,S04,dairy,34,40,3,0,2026-06-08T15:52:01.227057
EVT950836,P007,S01,bakery,3,35,8,1,2026-06-08T15:52:01.227059
EVT911150,P004,S02,dairy,24,40,4,0,2026-06-08T15:52:01.227062
EVT448038,P015,S04,beverages,5,60,13,0,2026-06-08T15:52:01.227065
EVT168270,P012,S04,beverages,58,60,5,0,2026-06-08T15:52:01.227067
EVT920377,P020,S03,beverages,25,60,12,0,2026-06-08T15:52:01.227070
EVT644403,P018,S04,bakery,3,35,5,0,2026-06-08T15:52:01.227073
EVT255850,P013,S04,household,29,30,3,0,2026-06-08T15:52:01.227076
EVT478908,P007,S03,dairy,15,40,11,0,2026-06-08T15:52:01.227079
EVT757343,P003,S01,household,19,30,1,0,2026-06-08T15:52:01.227081
EVT816602,P017,S04,beverages,37,60,2,0,2026-06-08T15:52:01.227084
EVT888724,P020,S04,snacks,27,50,1,0,2026-06-08T15:52:01.227087
EVT784326,P005,S03,household,7,30,16,0,2026-06-08T15:52:01.227089
EVT612580,P013,S02,bakery,0,35,11,1,2026-06-08T15:52:01.227092
EVT141970,P020,S02,frozen,4,45,17,0,2026-06-08T15:52:01.227094
EVT104715,P011,S04,beverages,16,60,15,0,2026-06-08T15:52:01.227097
EVT552785,P007,S04,dairy,4,40,14,0,2026-06-08T15:52:01.227099
EVT405567,P002,S04,beverages,36,60,0,0,2026-06-08T15:52:01.227102
EVT685946,P019,S01,beverages,35,60,5,1,2026-06-08T15:52:01.227105
EVT571157,P003,S03,dairy,21,40,5,0,2026-06-08T15:52:01.227107
EVT986112,P020,S02,beverages,53,60,6,0,2026-06-08T15:52:01.227110
EVT873560,P014,S03,household,22,30,6,0,2026-06-08T15:52:01.227112
EVT873274,P018,S03,household,22,30,0,0,2026-06-08T15:52:01.227115
EVT205609,P001,S03,household,13,30,2,1,2026-06-08T15:52:01.227118
EVT484113,P003,S01,bakery,8,35,4,0,2026-06-08T15:52:01.227120
EVT110299,P001,S03,bakery,3,35,0,0,2026-06-08T15:52:01.227123
EVT398697,P002,S02,household,14,30,10,1,2026-06-08T15:52:01.227129
EVT257183,P016,S04,beverages,9,60,2,0,2026-06-08T15:52:01.227132
EVT855937,P018,S02,bakery,0,35,0,0,2026-06-08T15:52:01.227134
EVT488610,P020,S03,snacks,14,50,8,0,2026-06-08T15:52:01.227137
EVT824528,P005,S04,snacks,14,50,8,0,2026-06-08T15:52:01.227140
EVT587032,P013,S02,household,3,30,10,0,2026-06-08T15:52:01.227142
EVT686767,P007,S01,frozen,41,45,0,0,2026-06-08T15:52:01.227145
EVT914727,P019,S02,beverages,24,60,12,0,2026-06-08T15:52:01.227148
EVT321882,P010,S02,dairy,33,40,3,0,2026-06-08T15:52:01.227150
EVT710413,P018,S02,dairy,10,40,4,0,2026-06-08T15:52:01.227153
EVT527669,P002,S01,bakery,6,35,12,0,2026-06-08T15:52:01.227156
EVT276344,P019,S04,dairy,4,40,10,0,2026-06-08T15:52:01.227159
EVT156576,P019,S02,household,0,30,14,0,2026-06-08T15:52:01.227161
EVT347235,P017,S01,bakery,5,35,17,0,2026-06-08T15:52:01.227163
EVT612574,P018,S03,frozen,8,45,0,0,2026-06-08T15:52:01.227166
EVT689240,P011,S01,snacks,45,50,4,0,2026-06-08T15:52:01.227168
EVT801805,P019,S04,beverages,36,60,4,0,2026-06-08T15:52:01.227171
EVT135440,P006,S04,household,19,30,4,0,2026-06-08T15:52:01.227174
EVT920138,P008,S03,frozen,34,45,3,0,2026-06-08T15:52:01.227176
EVT750373,P020,S03,beverages,41,60,4,0,2026-06-08T15:52:01.227180
EVT299595,P017,S02,dairy,30,40,2,0,2026-06-08T15:52:01.227182
EVT415497,P008,S03,snacks,11,50,7,1,2026-06-08T15:52:01.227184
EVT919955,P018,S02,bakery,24,35,1,0,2026-06-08T15:52:01.227187
EVT501826,P013,S01,bakery,15,35,2,0,2026-06-08T15:52:01.227189
EVT958458,P015,S02,household,22,30,5,0,2026-06-08T15:52:01.227192
EVT642535,P016,S01,snacks,8,50,16,0,2026-06-08T15:52:01.227194
EVT100769,P020,S02,frozen,18,45,15,0,2026-06-08T15:52:01.227197
EVT836594,P002,S02,frozen,33,45,6,0,2026-06-08T15:52:01.227199
EVT659686,P004,S04,frozen,3,45,5,0,2026-06-08T15:52:01.227202
EVT800749,P011,S01,household,27,30,1,0,2026-06-08T15:52:01.227204
EVT372112,P013,S01,bakery,24,35,1,0,2026-06-08T15:52:01.227206
EVT103375,P008,S04,snacks,17,50,9,0,2026-06-08T15:52:01.227209
EVT811847,P001,S04,household,2,30,18,0,2026-06-08T15:52:01.227211
EVT552824,P016,S03,bakery,8,35,17,0,2026-06-08T15:52:01.227214
EVT904304,P004,S01,frozen,9,45,11,1,2026-06-08T15:52:01.227216
EVT934314,P014,S04,bakery,30,35,6,0,2026-06-08T15:52:01.227218
EVT143294,P020,S01,bakery,24,35,1,0,2026-06-08T15:52:01.227221
EVT565457,P003,S04,snacks,7,50,15,0,2026-06-08T15:52:01.227223
EVT647502,P005,S03,household,10,30,11,0,2026-06-08T15:52:01.227226
EVT827495,P002,S04,household,2,30,0,0,2026-06-08T15:52:01.227232
EVT780386,P016,S02,bakery,12,35,13,0,2026-06-08T15:52:01.227234
EVT673666,P009,S02,household,15,30,1,0,2026-06-08T15:52:01.227237
EVT723119,P014,S03,frozen,2,45,1,0,2026-06-08T15:52:01.227240
EVT877331,P005,S01,bakery,6,35,3,0,2026-06-08T15:52:01.227242
EVT688342,P006,S01,frozen,23,45,4,0,2026-06-08T15:52:01.227244
EVT637969,P014,S04,beverages,10,60,0,0,2026-06-08T15:52:01.227247
EVT390180,P006,S02,household,9,30,15,0,2026-06-08T15:52:01.227249
EVT651071,P018,S04,frozen,7,45,13,0,2026-06-08T15:52:01.227252
EVT545722,P008,S03,snacks,3,50,13,0,2026-06-08T15:52:01.227254
EVT893584,P017,S04,frozen,22,45,2,1,2026-06-08T15:52:01.227256
EVT921226,P005,S04,household,1,30,2,0,2026-06-08T15:52:01.227259
EVT559392,P010,S04,household,8,30,1,0,2026-06-08T15:52:01.227261
EVT684025,P020,S01,bakery,6,35,12,0,2026-06-08T15:52:01.227263
EVT908133,P004,S04,beverages,5,60,4,0,2026-06-08T15:52:01.227266
EVT220394,P014,S04,snacks,14,50,13,0,2026-06-08T15:52:01.227313
EVT107472,P013,S04,frozen,2,45,8,1,2026-06-08T15:52:01.227316
EVT989263,P011,S03,beverages,3,60,10,1,2026-06-08T15:52:01.227318
EVT672676,P019,S02,snacks,9,50,2,0,2026-06-08T15:52:01.227320
EVT778429,P015,S02,dairy,0,40,2,0,2026-06-08T15:52:01.227323
EVT204048,P001,S04,bakery,7,35,18,0,2026-06-08T15:52:01.227325
EVT750439,P011,S04,bakery,10,35,12,0,2026-06-08T15:52:01.227328
EVT613623,P010,S04,bakery,30,35,1,0,2026-06-08T15:52:01.227330
EVT982321,P016,S01,household,9,30,0,0,2026-06-08T15:52:01.227333
EVT174055,P010,S03,household,19,30,3,0,2026-06-08T15:52:01.227336
EVT289165,P010,S03,frozen,3,45,14,0,2026-06-08T15:52:01.227338
EVT297793,P018,S02,frozen,28,45,1,0,2026-06-08T15:52:01.227341
EVT284759,P008,S04,bakery,11,35,10,0,2026-06-08T15:52:01.227343
EVT329290,P011,S01,household,4,30,1,0,2026-06-08T15:52:01.227346
EVT277445,P005,S04,beverages,35,60,3,0,2026-06-08T15:52:01.227348
EVT846406,P002,S01,household,10,30,8,0,2026-06-08T15:52:01.227351
EVT760269,P019,S01,frozen,2,45,12,0,2026-06-08T15:52:01.227353
EVT621094,P014,S02,snacks,5,50,11,0,2026-06-08T15:52:01.227355
EVT110659,P001,S04,frozen,4,45,4,0,2026-06-08T15:52:01.227358
EVT897081,P011,S03,household,25,30,6,0,2026-06-08T15:52:01.227360
EVT902459,P017,S01,beverages,31,60,1,1,2026-06-08T15:52:01.227365
EVT935299,P019,S03,dairy,12,40,11,1,2026-06-08T15:52:01.227367
EVT722126,P003,S03,bakery,11,35,9,0,2026-06-08T15:52:01.227370
EVT466328,P009,S02,dairy,0,40,14,0,2026-06-08T15:52:01.227372
EVT638126,P006,S04,snacks,44,50,5,0,2026-06-08T15:52:01.227375
EVT563050,P003,S01,bakery,5,35,12,0,2026-06-08T15:52:01.227377
EVT262455,P015,S04,bakery,5,35,2,0,2026-06-08T15:52:01.227380
EVT177669,P014,S02,bakery,7,35,17,0,2026-06-08T15:52:01.227382
EVT992555,P010,S01,household,7,30,2,0,2026-06-08T15:52:01.227384
EVT594458,P016,S02,household,1,30,7,1,2026-06-08T15:52:01.227387
EVT922978,P003,S03,frozen,16,45,8,0,2026-06-08T15:52:01.227389
EVT494290,P013,S02,household,10,30,8,0,2026-06-08T15:52:01.227392
EVT682433,P016,S04,snacks,15,50,9,1,2026-06-08T15:52:01.227394
EVT600518,P003,S01,dairy,10,40,0,0,2026-06-08T15:52:01.227396
EVT190395,P002,S03,dairy,15,40,9,0,2026-06-08T15:52:01.227399
EVT458956,P001,S01,bakery,18,35,1,0,2026-06-08T15:52:01.227402
EVT483033,P002,S02,dairy,6,40,18,0,2026-06-08T15:52:01.227404
EVT458289,P016,S04,dairy,38,40,5,0,2026-06-08T15:52:01.227407
EVT665293,P019,S03,bakery,27,35,4,0,2026-06-08T15:52:01.227409
EVT192750,P006,S04,beverages,27,60,13,0,2026-06-08T15:52:01.227412
EVT253151,P014,S03,bakery,10,35,8,1,2026-06-08T15:52:01.227414
EVT724123,P015,S04,dairy,2,40,3,0,2026-06-08T15:52:01.227416
EVT561938,P001,S02,bakery,5,35,9,1,2026-06-08T15:52:01.227419
EVT872459,P019,S01,dairy,11,40,9,0,2026-06-08T15:52:01.227421
EVT934204,P020,S04,bakery,9,35,5,0,2026-06-08T15:52:01.227424
EVT521523,P011,S03,household,5,30,12,0,2026-06-08T15:52:01.227426
EVT950698,P005,S02,beverages,5,60,12,1,2026-06-08T15:52:01.227428
EVT991555,P006,S01,dairy,7,40,14,0,2026-06-08T15:52:01.227431
EVT432242,P012,S01,frozen,30,45,5,0,2026-06-08T15:52:01.227433
EVT480178,P020,S03,snacks,32,50,0,0,2026-06-08T15:52:01.227436
EVT140511,P004,S02,dairy,0,40,0,0,2026-06-08T15:52:01.227438
EVT487972,P018,S01,frozen,5,45,13,0,2026-06-08T15:52:01.227440
EVT904929,P003,S01,bakery,6,35,15,1,2026-06-08T15:52:01.227443
EVT516535,P001,S01,snacks,40,50,0,0,2026-06-08T15:52:01.227445
EVT819544,P008,S02,dairy,30,40,6,0,2026-06-08T15:52:01.227448
EVT849249,P006,S01,dairy,8,40,15,0,2026-06-08T15:52:01.227450
EVT190956,P014,S02,dairy,1,40,16,0,2026-06-08T15:52:01.227452
EVT923101,P008,S02,dairy,6,40,0,0,2026-06-08T15:52:01.227455
EVT111894,P020,S04,frozen,7,45,0,0,2026-06-08T15:52:01.227460
EVT298361,P011,S03,frozen,9,45,12,0,2026-06-08T15:52:01.227462
EVT743845,P002,S02,household,12,30,11,1,2026-06-08T15:52:01.227465
EVT501590,P012,S04,snacks,34,50,5,0,2026-06-08T15:52:01.227467
EVT785132,P006,S02,snacks,30,50,2,0,2026-06-08T15:52:01.227469
EVT773879,P015,S03,frozen,35,45,6,0,2026-06-08T15:52:01.227472
EVT188801,P012,S01,bakery,8,35,14,0,2026-06-08T15:52:01.227475
EVT505903,P007,S03,beverages,0,60,4,0,2026-06-08T15:52:01.227477
EVT936244,P006,S01,dairy,9,40,11,1,2026-06-08T15:52:01.227479
EVT400830,P010,S02,bakery,30,35,5,0,2026-06-08T15:52:01.227508
EVT829802,P013,S03,bakery,6,35,2,0,2026-06-08T15:52:01.227510
EVT963063,P010,S04,dairy,26,40,4,0,2026-06-08T15:52:01.227513
EVT953867,P018,S04,household,18,30,4,0,2026-06-08T15:52:01.227515
EVT996077,P002,S01,dairy,26,40,4,0,2026-06-08T15:52:01.227517
EVT659353,P003,S01,household,11,30,11,0,2026-06-08T15:52:01.227520
EVT319148,P004,S02,bakery,27,35,4,0,2026-06-08T15:52:01.227522
EVT669307,P014,S04,snacks,5,50,1,0,2026-06-08T15:52:01.227525
EVT745433,P017,S02,household,23,30,6,0,2026-06-08T15:52:01.227527
EVT361925,P017,S02,beverages,10,60,1,0,2026-06-08T15:52:01.227529
EVT549927,P012,S04,beverages,7,60,10,0,2026-06-08T15:52:01.227532
EVT426950,P004,S03,household,30,30,0,0,2026-06-08T15:52:01.227534
EVT186964,P014,S03,household,29,30,1,0,2026-06-08T15:52:01.227536
EVT648189,P004,S03,dairy,28,40,1,0,2026-06-08T15:52:01.227539
EVT505393,P011,S02,snacks,2,50,14,0,2026-06-08T15:52:01.227541
EVT284240,P010,S02,snacks,46,50,4,0,2026-06-08T15:52:01.227544
EVT321283,P007,S01,snacks,6,50,1,0,2026-06-08T15:52:01.227546
EVT300426,P001,S02,frozen,14,45,10,0,2026-06-08T15:52:01.227549
EVT291814,P002,S02,frozen,9,45,9,0,2026-06-08T15:52:01.227552
EVT712502,P016,S04,dairy,14,40,7,0,2026-06-08T15:52:01.227554
EVT719393,P020,S03,snacks,31,50,5,0,2026-06-08T15:52:01.227556
EVT951714,P013,S03,frozen,12,45,11,1,2026-06-08T15:52:01.227559
EVT425227,P003,S04,snacks,42,50,2,0,2026-06-08T15:52:01.227561
EVT682350,P015,S03,household,2,30,3,0,2026-06-08T15:52:01.227563
EVT735961,P009,S03,household,13,30,16,0,2026-06-08T15:52:01.227566
EVT302245,P005,S04,frozen,43,45,0,0,2026-06-08T15:52:01.227568
EVT327004,P001,S04,snacks,42,50,3,1,2026-06-08T15:52:01.227571
EVT156658,P016,S01,snacks,9,50,11,1,2026-06-08T15:52:01.227573
EVT992373,P012,S04,household,6,30,8,1,2026-06-08T15:52:01.227575
EVT965693,P011,S03,dairy,10,40,1,0,2026-06-08T15:52:01.227578
EVT721892,P002,S03,beverages,35,60,1,0,2026-06-08T15:52:01.227580
EVT808014,P007,S02,frozen,36,45,4,0,2026-06-08T15:52:01.227582
EVT515011,P016,S04,beverages,5,60,12,0,2026-06-08T15:52:01.227585
EVT885093,P007,S04,dairy,1,40,6,1,2026-06-08T15:52:01.227587
EVT882010,P008,S03,beverages,5,60,15,0,2026-06-08T15:52:01.227590
EVT712832,P001,S02,bakery,19,35,3,0,2026-06-08T15:52:01.227594
EVT307247,P007,S04,snacks,24,50,0,0,2026-06-08T15:52:01.227597
EVT445203,P004,S01,beverages,45,60,5,1,2026-06-08T15:52:01.227599
EVT294772,P019,S01,frozen,0,45,7,1,2026-06-08T15:52:01.227602
EVT979204,P013,S04,dairy,36,40,4,0,2026-06-08T15:52:01.227604
EVT211098,P018,S04,household,17,30,1,0,2026-06-08T15:52:01.227606
EVT711781,P017,S04,bakery,28,35,0,0,2026-06-08T15:52:01.227609
EVT458482,P020,S04,dairy,28,40,1,0,2026-06-08T15:52:01.227611
EVT522300,P007,S01,bakery,22,35,6,0,2026-06-08T15:52:01.227614
EVT716870,P008,S01,frozen,40,45,2,0,2026-06-08T15:52:01.227616
EVT976545,P013,S01,household,14,30,6,0,2026-06-08T15:52:01.227618
EVT762523,P005,S02,household,11,30,11,1,2026-06-08T15:52:01.227621
EVT876828,P015,S04,bakery,33,35,6,1,2026-06-08T15:52:01.227623
EVT983052,P014,S01,bakery,26,35,0,0,2026-06-08T15:52:01.227626
EVT783370,P003,S01,bakery,0,35,3,0,2026-06-08T15:52:01.227628
EVT384588,P001,S04,dairy,13,40,8,0,2026-06-08T15:52:01.227631
EVT753495,P014,S01,bakery,29,35,3,0,2026-06-08T15:52:01.227633
EVT717393,P009,S04,bakery,7,35,17,0,2026-06-08T15:52:01.227635
EVT847009,P004,S03,beverages,39,60,6,0,2026-06-08T15:52:01.227638
EVT435787,P003,S04,beverages,42,60,1,0,2026-06-08T15:52:01.227641
EVT649769,P010,S04,snacks,29,50,1,0,2026-06-08T15:52:01.227643
EVT228686,P017,S03,frozen,16,45,10,0,2026-06-08T15:52:01.227646
EVT345702,P006,S04,snacks,13,50,8,0,2026-06-08T15:52:01.227648
EVT688121,P009,S04,bakery,1,35,12,1,2026-06-08T15:52:01.227651
EVT290752,P006,S02,snacks,1,50,16,0,2026-06-08T15:52:01.227653
EVT739034,P007,S02,snacks,13,50,9,1,2026-06-08T15:52:01.227655
EVT901583,P012,S02,snacks,2,50,14,0,2026-06-08T15:52:01.227658
EVT990382,P016,S01,household,6,30,16,0,2026-06-08T15:52:01.227660
EVT878209,P008,S04,frozen,36,45,4,0,2026-06-08T15:52:01.227663
EVT629482,P008,S01,snacks,21,50,10,0,2026-06-08T15:52:01.227665
EVT840331,P006,S03,household,26,30,1,0,2026-06-08T15:52:01.227667
EVT944613,P005,S04,frozen,22,45,3,0,2026-06-08T15:52:01.227670
EVT655641,P004,S03,dairy,34,40,5,0,2026-06-08T15:52:01.227672
EVT226343,P012,S02,beverages,2,60,1,0,2026-06-08T15:52:01.227674
EVT263696,P017,S03,snacks,24,50,6,0,2026-06-08T15:52:01.227677
EVT410683,P014,S02,bakery,33,35,0,0,2026-06-08T15:52:01.227679
EVT235946,P001,S02,frozen,44,45,1,0,2026-06-08T15:52:01.227681
EVT383543,P018,S03,dairy,32,40,3,0,2026-06-08T15:52:01.227684
EVT952190,P005,S01,beverages,9,60,2,0,2026-06-08T15:52:01.227686
EVT255143,P014,S02,household,2,30,5,0,2026-06-08T15:52:01.227691
EVT652392,P004,S03,household,13,30,11,0,2026-06-08T15:52:01.227693
EVT809859,P004,S04,frozen,5,45,13,1,2026-06-08T15:52:01.227696
EVT220970,P009,S03,bakery,8,35,15,0,2026-06-08T15:52:01.227698
EVT615730,P017,S02,dairy,8,40,14,0,2026-06-08T15:52:01.227701
EVT116845,P008,S02,frozen,20,45,5,1,2026-06-08T15:52:01.227703
EVT506173,P006,S02,beverages,38,60,5,0,2026-06-08T15:52:01.227705
EVT476214,P007,S03,household,13,30,3,0,2026-06-08T15:52:01.227708
EVT640639,P017,S03,bakery,18,35,1,0,2026-06-08T15:52:01.227710
EVT963682,P018,S03,frozen,23,45,4,0,2026-06-08T15:52:01.227713
EVT656383,P017,S04,household,29,30,4,0,2026-06-08T15:52:01.227715
EVT922205,P017,S02,bakery,4,35,2,0,2026-06-08T15:52:01.227718
EVT940108,P017,S03,beverages,3,60,13,1,2026-06-08T15:52:01.227720
EVT384475,P003,S04,household,7,30,14,0,2026-06-08T15:52:01.227723
EVT287838,P004,S04,dairy,6,40,13,1,2026-06-08T15:52:01.227725
EVT189960,P016,S03,beverages,17,60,15,0,2026-06-08T15:52:01.227727
EVT218319,P009,S03,snacks,15,50,13,0,2026-06-08T15:52:01.227730
EVT243270,P010,S03,bakery,28,35,3,0,2026-06-08T15:52:01.227732
EVT794517,P016,S04,snacks,15,50,10,0,2026-06-08T15:52:01.227735
EVT437594,P004,S03,snacks,36,50,2,0,2026-06-08T15:52:01.227738
EVT947466,P001,S02,snacks,9,50,4,0,2026-06-08T15:52:01.227740
EVT838217,P004,S04,snacks,38,50,6,1,2026-06-08T15:52:01.227743
EVT572640,P001,S01,frozen,5,45,16,0,2026-06-08T15:52:01.227745
EVT485168,P017,S02,beverages,50,60,4,0,2026-06-08T15:52:01.227748
EVT761103,P019,S02,dairy,8,40,10,0,2026-06-08T15:52:01.227750
EVT442693,P019,S01,dairy,27,40,3,0,2026-06-08T15:52:01.227752
EVT550943,P005,S01,bakery,1,35,11,0,2026-06-08T15:52:01.227755
EVT552120,P015,S01,household,13,30,6,1,2026-06-08T15:52:01.227757
EVT154896,P013,S02,frozen,10,45,2,0,2026-06-08T15:52:01.227759
EVT502103,P019,S02,frozen,5,45,2,0,2026-06-08T15:52:01.227762
EVT603085,P010,S04,frozen,26,45,5,0,2026-06-08T15:52:01.227764
EVT743592,P020,S02,household,6,30,1,0,2026-06-08T15:52:01.227766
EVT216938,P003,S02,dairy,34,40,0,0,2026-06-08T15:52:01.227769
EVT498582,P002,S01,dairy,15,40,11,0,2026-06-08T15:52:01.227771
EVT232144,P018,S04,beverages,28,60,0,0,2026-06-08T15:52:01.227774
EVT681737,P015,S04,household,17,30,3,0,2026-06-08T15:52:01.227776
EVT697234,P016,S02,beverages,31,60,0,0,2026-06-08T15:52:01.227778
EVT451374,P012,S02,dairy,2,40,4,0,2026-06-08T15:52:01.227781
EVT745554,P008,S02,beverages,24,60,14,0,2026-06-08T15:52:01.227783
EVT283567,P020,S03,beverages,29,60,2,1,2026-06-08T15:52:01.227793
EVT544057,P006,S02,snacks,48,50,4,0,2026-06-08T15:52:01.227796
EVT817839,P008,S02,beverages,29,60,5,0,2026-06-08T15:52:01.227798
EVT798221,P010,S04,bakery,8,35,8,1,2026-06-08T15:52:01.227801
EVT402204,P002,S02,household,10,30,10,0,2026-06-08T15:52:01.227803
EVT592855,P001,S04,frozen,12,45,7,1,2026-06-08T15:52:01.227805
EVT524975,P015,S01,dairy,33,40,1,0,2026-06-08T15:52:01.227808
EVT737040,P019,S02,beverages,31,60,6,0,2026-06-08T15:52:01.227810
EVT924922,P011,S01,snacks,24,50,5,0,2026-06-08T15:52:01.227812
EVT868853,P018,S02,beverages,3,60,14,1,2026-06-08T15:52:01.227815
EVT313372,P013,S04,dairy,21,40,4,0,2026-06-08T15:52:01.227817
EVT607855,P005,S04,beverages,3,60,17,0,2026-06-08T15:52:01.227820
EVT997270,P017,S03,bakery,11,35,10,0,2026-06-08T15:52:01.227822
EVT463135,P002,S02,snacks,25,50,3,0,2026-06-08T15:52:01.227825
EVT317798,P004,S03,bakery,0,35,10,0,2026-06-08T15:52:01.227828
EVT814394,P018,S04,dairy,25,40,6,0,2026-06-08T15:52:01.227830
EVT183829,P006,S02,bakery,10,35,10,0,2026-06-08T15:52:01.227833
EVT986966,P007,S02,bakery,16,35,0,1,2026-06-08T15:52:01.227835
EVT190580,P003,S02,frozen,3,45,3,0,2026-06-08T15:52:01.227838
EVT838784,P017,S01,household,2,30,7,1,2026-06-08T15:52:01.227840
EVT711168,P007,S04,household,30,30,5,0,2026-06-08T15:52:01.227843
EVT113091,P020,S03,dairy,24,40,0,0,2026-06-08T15:52:01.227845
EVT570799,P005,S04,beverages,4,60,12,1,2026-06-08T15:52:01.227848
EVT538557,P019,S04,household,13,30,9,0,2026-06-08T15:52:01.227850
EVT549601,P015,S02,bakery,22,35,5,0,2026-06-08T15:52:01.227853
EVT387515,P018,S02,bakery,5,35,4,0,2026-06-08T15:52:01.227855
EVT548420,P015,S03,household,27,30,5,0,2026-06-08T15:52:01.227857
EVT260358,P006,S01,household,29,30,4,0,2026-06-08T15:52:01.227860
EVT356527,P003,S01,frozen,18,45,11,1,2026-06-08T15:52:01.227862
EVT304125,P017,S04,dairy,38,40,5,0,2026-06-08T15:52:01.227865
EVT807052,P020,S04,dairy,16,40,10,1,2026-06-08T15:52:01.227867
EVT435234,P005,S03,household,15,30,0,0,2026-06-08T15:52:01.227869
EVT905241,P019,S01,dairy,3,40,15,1,2026-06-08T15:52:01.227875
EVT134569,P020,S03,beverages,3,60,15,0,2026-06-08T15:52:01.227878
EVT712586,P001,S01,frozen,2,45,16,0,2026-06-08T15:52:01.227880
EVT265761,P004,S04,dairy,18,40,6,1,2026-06-08T15:52:01.227882
EVT693069,P009,S03,dairy,9,40,5,0,2026-06-08T15:52:01.227885
EVT350681,P017,S03,snacks,2,50,10,0,2026-06-08T15:52:01.227887
EVT953158,P015,S03,household,27,30,2,0,2026-06-08T15:52:01.227889
EVT839164,P006,S03,household,25,30,1,1,2026-06-08T15:52:01.227892
EVT607566,P001,S03,frozen,10,45,10,0,2026-06-08T15:52:01.227895
EVT411734,P020,S03,bakery,26,35,5,0,2026-06-08T15:52:01.227897
EVT762646,P006,S01,frozen,3,45,17,0,2026-06-08T15:52:01.227899
EVT970703,P012,S03,household,4,30,11,1,2026-06-08T15:52:01.227902
EVT843808,P007,S04,frozen,6,45,3,0,2026-06-08T15:52:01.227904
EVT520287,P011,S01,beverages,60,60,5,0,2026-06-08T15:52:01.227906
EVT650604,P002,S03,household,4,30,4,0,2026-06-08T15:52:01.227909
EVT929156,P009,S01,frozen,9,45,13,1,2026-06-08T15:52:01.227911
EVT381347,P005,S03,beverages,15,60,10,0,2026-06-08T15:52:01.227913
EVT781469,P003,S01,bakery,30,35,1,0,2026-06-08T15:52:01.227916
EVT932856,P020,S03,snacks,46,50,4,0,2026-06-08T15:52:01.227918
EVT209372,P008,S02,dairy,24,40,6,0,2026-06-08T15:52:01.227921
EVT173247,P001,S01,bakery,5,35,16,0,2026-06-08T15:52:01.227923
EVT131111,P001,S04,beverages,3,60,10,0,2026-06-08T15:52:01.227925
EVT558592,P012,S03,bakery,4,35,1,0,2026-06-08T15:52:01.227928
EVT699326,P017,S02,snacks,10,50,14,0,2026-06-08T15:52:01.227930
EVT753287,P013,S03,snacks,35,50,6,0,2026-06-08T15:52:01.227933
EVT305269,P005,S01,frozen,22,45,6,0,2026-06-08T15:52:01.227935
EVT851885,P010,S03,snacks,18,50,14,0,2026-06-08T15:52:01.227938
EVT246250,P017,S04,beverages,16,60,14,0,2026-06-08T15:52:01.227941
EVT315619,P009,S01,dairy,11,40,10,0,2026-06-08T15:52:01.227943
EVT606962,P020,S03,dairy,35,40,3,0,2026-06-08T15:52:01.227946
EVT391913,P001,S04,dairy,9,40,8,1,2026-06-08T15:52:01.227948
EVT125581,P004,S01,household,5,30,10,1,2026-06-08T15:52:01.227951
EVT805543,P016,S04,frozen,25,45,4,0,2026-06-08T15:52:01.227953
EVT845322,P019,S03,frozen,32,45,0,0,2026-06-08T15:52:01.227956
EVT510666,P013,S04,bakery,0,35,18,0,2026-06-08T15:52:01.227958
EVT497674,P019,S04,snacks,36,50,3,0,2026-06-08T15:52:01.227961
EVT441863,P013,S02,dairy,2,40,11,0,2026-06-08T15:52:01.227963
EVT590546,P019,S01,snacks,17,50,12,0,2026-06-08T15:52:01.227966
EVT281763,P020,S02,beverages,1,60,10,0,2026-06-08T15:52:01.227968
EVT139897,P010,S03,dairy,15,40,10,0,2026-06-08T15:52:01.227971
EVT321068,P004,S04,beverages,34,60,6,1,2026-06-08T15:52:01.227973
EVT464660,P008,S03,dairy,38,40,1,0,2026-06-08T15:52:01.227975
EVT761584,P009,S03,bakery,6,35,11,0,2026-06-08T15:52:01.227978
EVT397562,P009,S03,bakery,14,35,6,0,2026-06-08T15:52:01.227980
EVT851471,P001,S03,bakery,26,35,5,0,2026-06-08T15:52:01.227982
EVT209771,P011,S02,frozen,10,45,12,0,2026-06-08T15:52:01.227985
EVT130449,P015,S02,household,9,30,10,1,2026-06-08T15:52:01.227990
EVT988262,P001,S01,snacks,42,50,5,0,2026-06-08T15:52:01.227993
EVT226187,P013,S03,bakery,8,35,11,0,2026-06-08T15:52:01.227995
EVT760620,P002,S04,frozen,18,45,14,0,2026-06-08T15:52:01.227998
EVT548796,P011,S02,bakery,34,35,6,0,2026-06-08T15:52:01.228000
EVT771373,P010,S02,frozen,27,45,3,0,2026-06-08T15:52:01.228003
EVT864266,P015,S02,snacks,1,50,2,0,2026-06-08T15:52:01.228005
EVT346992,P019,S04,beverages,25,60,11,0,2026-06-08T15:52:01.228008
EVT382191,P020,S03,snacks,30,50,5,0,2026-06-08T15:52:01.228010
EVT611235,P010,S04,bakery,34,35,3,0,2026-06-08T15:52:01.228012
EVT838012,P012,S03,beverages,6,60,14,0,2026-06-08T15:52:01.228015
EVT146488,P010,S03,dairy,4,40,0,0,2026-06-08T15:52:01.228017
EVT195700,P014,S02,household,18,30,3,0,2026-06-08T15:52:01.228020
EVT241623,P017,S04,snacks,22,50,2,0,2026-06-08T15:52:01.228022
EVT178586,P008,S01,bakery,12,35,9,0,2026-06-08T15:52:01.228025
EVT311557,P007,S04,bakery,8,35,9,0,2026-06-08T15:52:01.228027
EVT456773,P009,S03,frozen,17,45,8,0,2026-06-08T15:52:01.228030
EVT791523,P020,S03,household,9,30,14,1,2026-06-08T15:52:01.228032
EVT959929,P009,S02,household,24,30,5,0,2026-06-08T15:52:01.228035
EVT435049,P004,S02,snacks,33,50,6,0,2026-06-08T15:52:01.228038
EVT952184,P013,S03,snacks,9,50,9,0,2026-06-08T15:52:01.228041
EVT139230,P004,S01,dairy,40,40,3,0,2026-06-08T15:52:01.228043
EVT909330,P007,S03,household,22,30,3,0,2026-06-08T15:52:01.228045
EVT929707,P002,S03,household,16,30,4,0,2026-06-08T15:52:01.228048
EVT814620,P012,S02,beverages,7,60,0,0,2026-06-08T15:52:01.228050
EVT271680,P006,S03,frozen,28,45,5,0,2026-06-08T15:52:01.228052
EVT698589,P017,S04,dairy,32,40,5,1,2026-06-08T15:52:01.228055
EVT313555,P001,S02,beverages,15,60,11,0,2026-06-08T15:52:01.228057
EVT626341,P018,S02,bakery,6,35,14,1,2026-06-08T15:52:01.228060
EVT532497,P016,S01,beverages,49,60,2,0,2026-06-08T15:52:01.228062
EVT504656,P005,S03,bakery,10,35,7,1,2026-06-08T15:52:01.228064
EVT320300,P016,S02,household,13,30,10,0,2026-06-08T15:52:01.228067
EVT902316,P007,S03,bakery,1,35,2,0,2026-06-08T15:52:01.228069
EVT210101,P009,S04,frozen,5,45,5,0,2026-06-08T15:52:01.228071
EVT412944,P009,S03,frozen,36,45,0,0,2026-06-08T15:52:01.228074
EVT832454,P018,S04,beverages,7,60,10,0,2026-06-08T15:52:01.228076
EVT639502,P006,S04,bakery,4,35,15,0,2026-06-08T15:52:01.228078
EVT194049,P016,S04,beverages,19,60,10,0,2026-06-08T15:52:01.228081
EVT517385,P002,S03,dairy,24,40,0,0,2026-06-08T15:52:01.228083
EVT686373,P002,S03,dairy,19,40,3,0,2026-06-08T15:52:01.228088
EVT957709,P006,S04,snacks,48,50,2,0,2026-06-08T15:52:01.228091
EVT952088,P005,S04,snacks,43,50,6,0,2026-06-08T15:52:01.228093
EVT994548,P017,S02,snacks,10,50,12,0,2026-06-08T15:52:01.228096
EVT221997,P012,S03,bakery,16,35,7,0,2026-06-08T15:52:01.228098
EVT132084,P001,S03,household,7,30,17,0,2026-06-08T15:52:01.228101
EVT596115,P003,S01,dairy,27,40,4,0,2026-06-08T15:52:01.228103
EVT906035,P016,S04,snacks,9,50,0,0,2026-06-08T15:52:01.228106
EVT794890,P002,S02,household,24,30,0,0,2026-06-08T15:52:01.228108
EVT119933,P019,S03,beverages,8,60,12,0,2026-06-08T15:52:01.228110
EVT417905,P020,S01,bakery,13,35,8,1,2026-06-08T15:52:01.228113
EVT231851,P019,S04,bakery,18,35,4,0,2026-06-08T15:52:01.228115
EVT386514,P015,S01,household,12,30,9,0,2026-06-08T15:52:01.228118
EVT978769,P019,S04,snacks,48,50,2,0,2026-06-08T15:52:01.228120
EVT824274,P002,S03,beverages,57,60,1,0,2026-06-08T15:52:01.228123
EVT181939,P008,S04,snacks,2,50,0,0,2026-06-08T15:52:01.228125
EVT248629,P020,S01,beverages,4,60,16,0,2026-06-08T15:52:01.228128
EVT209302,P019,S01,frozen,3,45,10,1,2026-06-08T15:52:01.228130
EVT166383,P001,S02,beverages,3,60,0,0,2026-06-08T15:52:01.228132
EVT411943,P010,S02,beverages,3,60,10,0,2026-06-08T15:52:01.228135
EVT692312,P012,S03,beverages,36,60,1,0,2026-06-08T15:52:01.228137
EVT654307,P007,S01,frozen,24,45,0,0,2026-06-08T15:52:01.228139
EVT315330,P001,S01,bakery,3,35,0,0,2026-06-08T15:52:01.228142
EVT889594,P004,S04,bakery,7,35,3,0,2026-06-08T15:52:01.228144
EVT748687,P014,S04,household,8,30,5,0,2026-06-08T15:52:01.228146
EVT137043,P019,S03,dairy,5,40,0,0,2026-06-08T15:52:01.228149
EVT133244,P018,S03,household,7,30,9,1,2026-06-08T15:52:01.228151
EVT439247,P009,S03,dairy,8,40,15,0,2026-06-08T15:52:01.228153
EVT875691,P018,S04,household,21,30,1,0,2026-06-08T15:52:01.228156
EVT404526,P017,S04,dairy,31,40,1,1,2026-06-08T15:52:01.228158
EVT727132,P015,S04,frozen,3,45,6,1,2026-06-08T15:52:01.228161
EVT608431,P001,S03,household,7,30,2,0,2026-06-08T15:52:01.228163
EVT532721,P016,S02,bakery,27,35,1,0,2026-06-08T15:52:01.228165
EVT725159,P002,S01,household,12,30,13,1,2026-06-08T15:52:01.228168
EVT573476,P002,S02,frozen,39,45,5,0,2026-06-08T15:52:01.228171
EVT335521,P019,S02,beverages,39,60,0,0,2026-06-08T15:52:01.228173
EVT891472,P015,S04,household,30,30,0,0,2026-06-08T15:52:01.228175
EVT133040,P003,S04,snacks,26,50,5,0,2026-06-08T15:52:01.228178
EVT283910,P018,S02,household,20,30,1,0,2026-06-08T15:52:01.228180
EVT666603,P004,S01,beverages,25,60,9,0,2026-06-08T15:52:01.228185
EVT608207,P019,S03,frozen,7,45,18,0,2026-06-08T15:52:01.228188
EVT614800,P001,S02,household,30,30,5,0,2026-06-08T15:52:01.228190
EVT231265,P014,S03,bakery,5,35,11,0,2026-06-08T15:52:01.228193
EVT435346,P010,S03,bakery,8,35,6,1,2026-06-08T15:52:01.228195
EVT883759,P002,S04,household,10,30,11,1,2026-06-08T15:52:01.228197
EVT811949,P013,S01,bakery,4,35,16,0,2026-06-08T15:52:01.228200
EVT571866,P019,S04,bakery,4,35,16,0,2026-06-08T15:52:01.228202
EVT803597,P011,S03,household,12,30,13,0,2026-06-08T15:52:01.228205
EVT792544,P013,S01,beverages,48,60,6,0,2026-06-08T15:52:01.228207
EVT389548,P004,S02,bakery,9,35,2,0,2026-06-08T15:52:01.228209
EVT176838,P005,S01,bakery,7,35,4,0,2026-06-08T15:52:01.228212
EVT359918,P016,S02,dairy,9,40,16,0,2026-06-08T15:52:01.228214
EVT643696,P012,S03,frozen,39,45,2,0,2026-06-08T15:52:01.228217
EVT257783,P004,S04,bakery,9,35,0,0,2026-06-08T15:52:01.228219
EVT647506,P018,S01,beverages,13,60,9,0,2026-06-08T15:52:01.228221
EVT906226,P018,S02,beverages,54,60,0,0,2026-06-08T15:52:01.228224
EVT673333,P001,S02,dairy,9,40,4,0,2026-06-08T15:52:01.228226
EVT139569,P014,S02,snacks,4,50,18,0,2026-06-08T15:52:01.228228
EVT240813,P005,S02,snacks,22,50,2,0,2026-06-08T15:52:01.228231
EVT666535,P020,S04,snacks,41,50,1,0,2026-06-08T15:52:01.228234
EVT400513,P005,S04,frozen,35,45,3,0,2026-06-08T15:52:01.228236
EVT133766,P015,S03,household,23,30,1,0,2026-06-08T15:52:01.228238
EVT172780,P009,S03,frozen,31,45,1,0,2026-06-08T15:52:01.228241
EVT116105,P014,S04,dairy,17,40,8,0,2026-06-08T15:52:01.228243
EVT788494,P014,S04,household,10,30,12,0,2026-06-08T15:52:01.228245
EVT439516,P002,S02,snacks,24,50,1,0,2026-06-08T15:52:01.228248
EVT312728,P017,S02,beverages,6,60,15,1,2026-06-08T15:52:01.228250
EVT640166,P002,S03,beverages,35,60,5,0,2026-06-08T15:52:01.228253
EVT908135,P008,S03,snacks,3,50,15,0,2026-06-08T15:52:01.228255
EVT762972,P009,S01,dairy,32,40,5,0,2026-06-08T15:52:01.228258
EVT585809,P020,S01,household,22,30,2,0,2026-06-08T15:52:01.228260
EVT348506,P011,S04,dairy,7,40,18,0,2026-06-08T15:52:01.228262
EVT284107,P019,S03,dairy,21,40,6,0,2026-06-08T15:52:01.228265
EVT588599,P013,S02,dairy,25,40,2,0,2026-06-08T15:52:01.228267
EVT978432,P012,S04,snacks,10,50,5,0,2026-06-08T15:52:01.228272
EVT238017,P013,S02,frozen,35,45,5,0,2026-06-08T15:52:01.228274
EVT310328,P013,S03,snacks,5,50,11,0,2026-06-08T15:52:01.228277
EVT335230,P011,S02,frozen,9,45,3,0,2026-06-08T15:52:01.228279
EVT645066,P001,S04,dairy,19,40,4,0,2026-06-08T15:52:01.228282
EVT101689,P018,S03,household,30,30,0,1,2026-06-08T15:52:01.228284
EVT804988,P002,S01,frozen,4,45,3,0,2026-06-08T15:52:01.228287
EVT440933,P005,S03,beverages,6,60,0,0,2026-06-08T15:52:01.228289
EVT672232,P001,S01,household,13,30,3,0,2026-06-08T15:52:01.228292
EVT510043,P007,S03,bakery,1,35,4,0,2026-06-08T15:52:01.228294
EVT741055,P003,S02,snacks,48,50,5,0,2026-06-08T15:52:01.228296
EVT286269,P017,S03,beverages,2,60,5,0,2026-06-08T15:52:01.228299
EVT124652,P013,S04,bakery,7,35,0,0,2026-06-08T15:52:01.228301
EVT505778,P009,S04,snacks,6,50,1,0,2026-06-08T15:52:01.228303
EVT511035,P011,S02,beverages,13,60,11,0,2026-06-08T15:52:01.228306
EVT962541,P005,S04,snacks,31,50,5,0,2026-06-08T15:52:01.228308
EVT281618,P008,S02,dairy,21,40,2,0,2026-06-08T15:52:01.228310
EVT435006,P017,S02,snacks,14,50,8,0,2026-06-08T15:52:01.228313
EVT252701,P012,S01,dairy,23,40,1,0,2026-06-08T15:52:01.228315
EVT327363,P005,S01,snacks,13,50,10,0,2026-06-08T15:52:01.228318
EVT297923,P002,S04,dairy,14,40,11,0,2026-06-08T15:52:01.228320
EVT434362,P002,S02,beverages,43,60,4,0,2026-06-08T15:52:01.228323
EVT722449,P006,S04,frozen,21,45,5,0,2026-06-08T15:52:01.228325
EVT509689,P020,S01,dairy,10,40,15,0,2026-06-08T15:52:01.228328
EVT877395,P005,S01,frozen,34,45,2,0,2026-06-08T15:52:01.228330
EVT356183,P017,S02,beverages,0,60,18,0,2026-06-08T15:52:01.228333
EVT123325,P018,S04,household,5,30,18,0,2026-06-08T15:52:01.228335
EVT722776,P013,S01,beverages,2,60,3,0,2026-06-08T15:52:01.228337
EVT215305,P002,S02,snacks,15,50,13,0,2026-06-08T15:52:01.228340
EVT208297,P001,S04,frozen,14,45,6,1,2026-06-08T15:52:01.228342
EVT484776,P012,S03,dairy,2,40,5,0,2026-06-08T15:52:01.228345
EVT612033,P019,S01,snacks,5,50,1,0,2026-06-08T15:52:01.228347
EVT601567,P007,S03,snacks,22,50,0,0,2026-06-08T15:52:01.228350
EVT441992,P001,S04,frozen,41,45,5,0,2026-06-08T15:52:01.228352
EVT553689,P013,S02,beverages,6,60,1,0,2026-06-08T15:52:01.228354
EVT173691,P002,S02,frozen,44,45,1,0,2026-06-08T15:52:01.228357
EVT944444,P013,S04,dairy,30,40,0,0,2026-06-08T15:52:01.228359
EVT642813,P004,S04,dairy,30,40,3,0,2026-06-08T15:52:01.228361
EVT342510,P013,S02,snacks,8,50,16,0,2026-06-08T15:52:01.228364
EVT850691,P014,S02,frozen,24,45,5,0,2026-06-08T15:52:01.228366
EVT688033,P008,S04,household,10,30,1,0,2026-06-08T15:52:01.228368
EVT380269,P014,S03,snacks,8,50,2,0,2026-06-08T15:52:01.228371
EVT458894,P015,S01,beverages,29,60,4,0,2026-06-08T15:52:01.228373
EVT929237,P012,S01,beverages,53,60,6,0,2026-06-08T15:52:01.228378
EVT253714,P001,S03,dairy,16,40,15,0,2026-06-08T15:52:01.228381
EVT566087,P004,S01,beverages,58,60,0,0,2026-06-08T15:52:01.228383
EVT881609,P010,S02,frozen,5,45,11,1,2026-06-08T15:52:01.228386
EVT749713,P013,S04,frozen,6,45,6,1,2026-06-08T15:52:01.228388
EVT911600,P018,S04,snacks,0,50,3,0,2026-06-08T15:52:01.228391
EVT407540,P012,S03,beverages,34,60,2,0,2026-06-08T15:52:01.228393
EVT604058,P011,S01,snacks,34,50,3,0,2026-06-08T15:52:01.228395
EVT660527,P005,S04,beverages,36,60,3,0,2026-06-08T15:52:01.228398
EVT786543,P003,S03,snacks,11,50,6,0,2026-06-08T15:52:01.228400
EVT255355,P010,S03,beverages,3,60,10,0,2026-06-08T15:52:01.228402
EVT266802,P005,S01,frozen,7,45,4,0,2026-06-08T15:52:01.228404
EVT473106,P012,S02,beverages,32,60,6,0,2026-06-08T15:52:01.228407
EVT355451,P016,S03,dairy,37,40,4,0,2026-06-08T15:52:01.228409
EVT515004,P014,S01,snacks,6,50,7,1,2026-06-08T15:52:01.228412
EVT878696,P011,S04,snacks,47,50,1,0,2026-06-08T15:52:01.228414
EVT767481,P017,S02,dairy,10,40,15,0,2026-06-08T15:52:01.228417
EVT445007,P004,S02,snacks,15,50,11,0,2026-06-08T15:52:01.228419
EVT252409,P007,S01,dairy,7,40,13,0,2026-06-08T15:52:01.228421
EVT377149,P017,S02,frozen,4,45,12,1,2026-06-08T15:52:01.228424
EVT164657,P005,S04,dairy,3,40,2,0,2026-06-08T15:52:01.228427
EVT223794,P009,S02,household,27,30,5,0,2026-06-08T15:52:01.228430
EVT950591,P015,S01,snacks,8,50,1,0,2026-06-08T15:52:01.228432
EVT318738,P010,S01,snacks,15,50,7,0,2026-06-08T15:52:01.228434
EVT787134,P004,S01,frozen,17,45,8,0,2026-06-08T15:52:01.228437
EVT431557,P010,S01,bakery,19,35,3,0,2026-06-08T15:52:01.228439
EVT255460,P014,S04,snacks,0,50,6,1,2026-06-08T15:52:01.228441
EVT618496,P006,S04,household,9,30,9,0,2026-06-08T15:52:01.228444
EVT511346,P004,S02,frozen,25,45,1,0,2026-06-08T15:52:01.228446
EVT881748,P019,S02,frozen,43,45,2,0,2026-06-08T15:52:01.228449
EVT408539,P011,S04,bakery,10,35,10,0,2026-06-08T15:52:01.228451
EVT476975,P017,S02,household,17,30,5,0,2026-06-08T15:52:01.228454
EVT278218,P003,S04,beverages,44,60,5,0,2026-06-08T15:52:01.228456
EVT582184,P003,S01,household,6,30,14,1,2026-06-08T15:52:01.228459
EVT253738,P004,S03,bakery,9,35,14,0,2026-06-08T15:52:01.228461
EVT449595,P020,S01,bakery,1,35,0,0,2026-06-08T15:52:01.228463
EVT674350,P006,S02,snacks,38,50,5,0,2026-06-08T15:52:01.228466
EVT778379,P014,S03,dairy,0,40,4,0,2026-06-08T15:52:01.228468
EVT464036,P017,S02,frozen,8,45,4,0,2026-06-08T15:52:01.228470
EVT635938,P018,S03,dairy,36,40,4,0,2026-06-08T15:52:01.228479
EVT826745,P005,S04,beverages,7,60,18,0,2026-06-08T15:52:01.228481
EVT834424,P004,S01,household,13,30,13,0,2026-06-08T15:52:01.228484
EVT280673,P014,S03,bakery,3,35,0,0,2026-06-08T15:52:01.228486
EVT630709,P020,S02,frozen,20,45,16,0,2026-06-08T15:52:01.228488
EVT141130,P002,S02,household,13,30,4,0,2026-06-08T15:52:01.228491
EVT585649,P020,S03,frozen,20,45,9,0,2026-06-08T15:52:01.228493
EVT788613,P007,S04,snacks,2,50,10,1,2026-06-08T15:52:01.228496
EVT289367,P018,S03,snacks,22,50,9,0,2026-06-08T15:52:01.228498
EVT349093,P018,S03,bakery,27,35,6,0,2026-06-08T15:52:01.228500
EVT707282,P011,S01,frozen,7,45,12,0,2026-06-08T15:52:01.228502
EVT958491,P003,S01,frozen,44,45,2,0,2026-06-08T15:52:01.228505
EVT709321,P004,S04,frozen,28,45,1,0,2026-06-08T15:52:01.228507
EVT768437,P002,S01,household,0,30,10,0,2026-06-08T15:52:01.228510
EVT245446,P017,S03,household,29,30,3,0,2026-06-08T15:52:01.228513
EVT728267,P002,S03,beverages,42,60,1,0,2026-06-08T15:52:01.228515
EVT836294,P001,S02,dairy,24,40,5,0,2026-06-08T15:52:01.228518
EVT257919,P016,S03,household,14,30,5,1,2026-06-08T15:52:01.228520
EVT212982,P003,S04,bakery,15,35,5,0,2026-06-08T15:52:01.228522
EVT456347,P020,S02,snacks,16,50,16,0,2026-06-08T15:52:01.228525
EVT233427,P001,S04,bakery,32,35,4,0,2026-06-08T15:52:01.228527
EVT612872,P008,S03,snacks,25,50,2,0,2026-06-08T15:52:01.228530
EVT193023,P006,S02,frozen,10,45,1,0,2026-06-08T15:52:01.228532
EVT817651,P019,S03,beverages,0,60,4,0,2026-06-08T15:52:01.228534
EVT587298,P001,S01,beverages,34,60,2,0,2026-06-08T15:52:01.228537
EVT624510,P003,S04,bakery,10,35,5,0,2026-06-08T15:52:01.228539
EVT191978,P012,S04,household,16,30,4,0,2026-06-08T15:52:01.228542
EVT574873,P020,S01,dairy,14,40,12,0,2026-06-08T15:52:01.228544
EVT403391,P010,S04,frozen,0,45,13,1,2026-06-08T15:52:01.228546
EVT665547,P017,S01,frozen,36,45,5,0,2026-06-08T15:52:01.228549
EVT885347,P020,S03,beverages,36,60,1,0,2026-06-08T15:52:01.228551
EVT133206,P016,S02,frozen,33,45,5,0,2026-06-08T15:52:01.228553
EVT967729,P004,S01,beverages,37,60,6,0,2026-06-08T15:52:01.228556
EVT443249,P019,S04,beverages,32,60,4,1,2026-06-08T15:52:01.228558
EVT987265,P003,S03,beverages,4,60,16,0,2026-06-08T15:52:01.228560
EVT250102,P007,S03,dairy,18,40,8,0,2026-06-08T15:52:01.228563
EVT347503,P011,S02,bakery,26,35,4,0,2026-06-08T15:52:01.228565
EVT364362,P007,S02,frozen,27,45,6,0,2026-06-08T15:52:01.228567
EVT628359,P003,S04,frozen,28,45,6,0,2026-06-08T15:52:01.228569
EVT108684,P004,S02,beverages,30,60,5,0,2026-06-08T15:52:01.228575
EVT633351,P010,S01,snacks,14,50,12,0,2026-06-08T15:52:01.228577
EVT903128,P003,S01,household,5,30,0,0,2026-06-08T15:52:01.228579
EVT384610,P015,S02,frozen,0,45,10,0,2026-06-08T15:52:01.228582
EVT817264,P014,S01,household,6,30,13,0,2026-06-08T15:52:01.228584
EVT265237,P007,S01,dairy,16,40,15,0,2026-06-08T15:52:01.228587
EVT325102,P015,S02,dairy,2,40,11,0,2026-06-08T15:52:01.228589
EVT143890,P006,S01,beverages,59,60,1,0,2026-06-08T15:52:01.228592
EVT227081,P008,S01,snacks,33,50,0,0,2026-06-08T15:52:01.228594
EVT193933,P002,S04,snacks,28,50,1,0,2026-06-08T15:52:01.228596
EVT438145,P012,S01,bakery,14,35,9,0,2026-06-08T15:52:01.228599
EVT581535,P011,S03,bakery,27,35,1,0,2026-06-08T15:52:01.228601
EVT660013,P008,S03,snacks,37,50,4,0,2026-06-08T15:52:01.228603
EVT555487,P007,S03,dairy,4,40,1,0,2026-06-08T15:52:01.228606
EVT430298,P014,S03,bakery,33,35,0,0,2026-06-08T15:52:01.228608
EVT695697,P011,S01,dairy,28,40,4,0,2026-06-08T15:52:01.228611
EVT829303,P017,S03,dairy,19,40,2,0,2026-06-08T15:52:01.228613
EVT730320,P017,S03,snacks,27,50,4,0,2026-06-08T15:52:01.228615
EVT548181,P004,S02,snacks,22,50,4,0,2026-06-08T15:52:01.228617
EVT665602,P007,S01,beverages,12,60,9,0,2026-06-08T15:52:01.228620
EVT244594,P020,S02,dairy,25,40,2,0,2026-06-08T15:52:01.228623
EVT617138,P018,S02,snacks,35,50,4,0,2026-06-08T15:52:01.228625
EVT589701,P011,S04,household,21,30,6,0,2026-06-08T15:52:01.228627
EVT320855,P004,S02,beverages,1,60,14,0,2026-06-08T15:52:01.228630
EVT819461,P004,S01,beverages,35,60,4,0,2026-06-08T15:52:01.228632
EVT972583,P003,S03,snacks,0,50,11,0,2026-06-08T15:52:01.228635
EVT276272,P013,S04,dairy,39,40,5,0,2026-06-08T15:52:01.228637
EVT752135,P013,S02,dairy,0,40,0,0,2026-06-08T15:52:01.228639
EVT843582,P002,S01,frozen,44,45,0,0,2026-06-08T15:52:01.228641
EVT645915,P013,S02,frozen,10,45,15,1,2026-06-08T15:52:01.228644
EVT699280,P001,S01,dairy,32,40,6,0,2026-06-08T15:52:01.228646
EVT440056,P011,S01,beverages,51,60,5,0,2026-06-08T15:52:01.228648
EVT857475,P010,S02,bakery,26,35,5,0,2026-06-08T15:52:01.228651
EVT514621,P020,S03,household,11,30,15,0,2026-06-08T15:52:01.228653
EVT847005,P002,S02,bakery,9,35,9,0,2026-06-08T15:52:01.228656
EVT397132,P007,S03,frozen,40,45,0,0,2026-06-08T15:52:01.228658
EVT969330,P001,S01,snacks,23,50,1,1,2026-06-08T15:52:01.228660
EVT150974,P014,S02,bakery,16,35,2,0,2026-06-08T15:52:01.228662
EVT473437,P020,S04,beverages,6,60,16,0,2026-06-08T15:52:01.228675
EVT647504,P005,S03,frozen,25,45,4,1,2026-06-08T15:52:01.228678
EVT103988,P019,S02,snacks,6,50,0,0,2026-06-08T15:52:01.228681
EVT122406,P008,S04,beverages,13,60,12,0,2026-06-08T15:52:01.228683
EVT289639,P015,S02,beverages,32,60,6,0,2026-06-08T15:52:01.228686
EVT483916,P014,S03,household,21,30,2,0,2026-06-08T15:52:01.228688
EVT825518,P012,S01,snacks,1,50,1,0,2026-06-08T15:52:01.228690
EVT448826,P016,S04,bakery,7,35,3,0,2026-06-08T15:52:01.228693
EVT634872,P012,S01,household,30,30,4,0,2026-06-08T15:52:01.228695
EVT385101,P014,S01,household,0,30,1,0,2026-06-08T15:52:01.228697
EVT981739,P012,S02,dairy,20,40,2,0,2026-06-08T15:52:01.228700
EVT126946,P012,S01,frozen,13,45,6,0,2026-06-08T15:52:01.228702
EVT365789,P003,S04,bakery,0,35,12,1,2026-06-08T15:52:01.228704
EVT579902,P008,S04,household,1,30,4,0,2026-06-08T15:52:01.228706
EVT730024,P006,S01,snacks,23,50,3,0,2026-06-08T15:52:01.228709
EVT323942,P005,S04,household,15,30,0,0,2026-06-08T15:52:01.228711
EVT492820,P017,S01,beverages,35,60,5,0,2026-06-08T15:52:01.228713
EVT393759,P010,S03,dairy,10,40,12,0,2026-06-08T15:52:01.228716
EVT626170,P016,S02,dairy,8,40,11,1,2026-06-08T15:52:01.228718
EVT568334,P007,S03,beverages,38,60,4,0,2026-06-08T15:52:01.228721
EVT358918,P020,S01,dairy,14,40,7,1,2026-06-08T15:52:01.228723
EVT400398,P019,S01,snacks,21,50,8,0,2026-06-08T15:52:01.228726
EVT726096,P009,S01,snacks,23,50,6,0,2026-06-08T15:52:01.228728
EVT595960,P016,S04,frozen,23,45,1,0,2026-06-08T15:52:01.228730
EVT986451,P004,S03,dairy,9,40,13,1,2026-06-08T15:52:01.228733
EVT267074,P014,S04,dairy,2,40,11,0,2026-06-08T15:52:01.228735
EVT858577,P008,S01,frozen,38,45,2,0,2026-06-08T15:52:01.228737
EVT872068,P018,S03,frozen,7,45,14,0,2026-06-08T15:52:01.228740
EVT613734,P019,S02,snacks,48,50,5,0,2026-06-08T15:52:01.228742
EVT746034,P020,S03,frozen,30,45,0,0,2026-06-08T15:52:01.228745
EVT341868,P017,S01,frozen,17,45,8,0,2026-06-08T15:52:01.228747
EVT152965,P004,S02,snacks,40,50,3,0,2026-06-08T15:52:01.228750
EVT226874,P002,S02,snacks,35,50,1,0,2026-06-08T15:52:01.228753
EVT337248,P015,S04,beverages,0,60,5,0,2026-06-08T15:52:01.228755
EVT987460,P003,S04,dairy,2,40,4,0,2026-06-08T15:52:01.228757
EVT510207,P003,S02,snacks,28,50,6,1,2026-06-08T15:52:01.228760
EVT364212,P018,S02,beverages,16,60,13,0,2026-06-08T15:52:01.228762
EVT177377,P011,S01,frozen,22,45,5,0,2026-06-08T15:52:01.228764
EVT117056,P012,S04,beverages,0,60,17,0,2026-06-08T15:52:01.228769
EVT435870,P008,S01,dairy,20,40,5,0,2026-06-08T15:52:01.228771
EVT476919,P002,S03,dairy,10,40,10,0,2026-06-08T15:52:01.228774
EVT556831,P020,S02,beverages,26,60,12,0,2026-06-08T15:52:01.228777
EVT255559,P018,S01,frozen,2,45,15,0,2026-06-08T15:52:01.228779
EVT441660,P003,S01,snacks,42,50,6,0,2026-06-08T15:52:01.228781
EVT916940,P017,S02,frozen,0,45,7,1,2026-06-08T15:52:01.228784
EVT520756,P011,S02,beverages,2,60,10,0,2026-06-08T15:52:01.228786
EVT176488,P014,S04,dairy,1,40,18,0,2026-06-08T15:52:01.228803
EVT494998,P003,S02,snacks,15,50,16,0,2026-06-08T15:52:01.228807
EVT915517,P018,S03,bakery,6,35,11,0,2026-06-08T15:52:01.228810
EVT539688,P002,S04,frozen,5,45,1,0,2026-06-08T15:52:01.228813
EVT467224,P019,S01,snacks,27,50,5,0,2026-06-08T15:52:01.228816
EVT579376,P020,S04,household,5,30,12,0,2026-06-08T15:52:01.228819
EVT203067,P020,S04,bakery,3,35,3,0,2026-06-08T15:52:01.228822
EVT129803,P008,S03,bakery,4,35,17,0,2026-06-08T15:52:01.228824
EVT552389,P011,S02,dairy,28,40,4,0,2026-06-08T15:52:01.228827
EVT299246,P016,S02,bakery,0,35,12,1,2026-06-08T15:52:01.228829
EVT297829,P004,S04,dairy,32,40,6,0,2026-06-08T15:52:01.228832
EVT800900,P008,S01,household,3,30,7,1,2026-06-08T15:52:01.228834
EVT758944,P020,S03,frozen,41,45,2,0,2026-06-08T15:52:01.228836
EVT729780,P013,S01,dairy,8,40,12,1,2026-06-08T15:52:01.228840
EVT765513,P013,S04,frozen,27,45,0,0,2026-06-08T15:52:01.228843
EVT888752,P019,S03,household,29,30,0,0,2026-06-08T15:52:01.228845
EVT679307,P006,S01,snacks,13,50,8,0,2026-06-08T15:52:01.228848
EVT243284,P007,S03,beverages,41,60,5,0,2026-06-08T15:52:01.228850
EVT194574,P017,S02,household,9,30,2,0,2026-06-08T15:52:01.228853
EVT437401,P010,S03,frozen,3,45,7,1,2026-06-08T15:52:01.228856
EVT531204,P011,S02,beverages,44,60,0,0,2026-06-08T15:52:01.228858
EVT407600,P003,S01,beverages,11,60,9,1,2026-06-08T15:52:01.228861
EVT536781,P001,S03,snacks,0,50,7,1,2026-06-08T15:52:01.228863
EVT788696,P009,S02,bakery,9,35,7,0,2026-06-08T15:52:01.228866
EVT164585,P002,S03,dairy,19,40,0,0,2026-06-08T15:52:01.228868
EVT232334,P017,S04,household,22,30,6,0,2026-06-08T15:52:01.228871
EVT416406,P011,S01,snacks,43,50,3,0,2026-06-08T15:52:01.228873
EVT858658,P004,S01,snacks,6,50,14,1,2026-06-08T15:52:01.228875
EVT817410,P013,S04,dairy,13,40,10,0,2026-06-08T15:52:01.228878
EVT912966,P016,S01,household,11,30,16,0,2026-06-08T15:52:01.228881
EVT827647,P009,S04,dairy,12,40,11,0,2026-06-08T15:52:01.228884
EVT808384,P004,S03,frozen,35,45,6,0,2026-06-08T15:52:01.228886
EVT850691,P007,S02,household,0,30,2,0,2026-06-08T15:52:01.228889
EVT328581,P008,S04,household,22,30,4,0,2026-06-08T15:52:01.228897
EVT185473,P019,S04,snacks,4,50,3,0,2026-06-08T15:52:01.228899
EVT606229,P020,S01,household,24,30,5,0,2026-06-08T15:52:01.228902
EVT251152,P007,S02,beverages,12,60,11,0,2026-06-08T15:52:01.228905
EVT468632,P007,S04,snacks,2,50,1,0,2026-06-08T15:52:01.228907
EVT715700,P019,S03,beverages,30,60,2,0,2026-06-08T15:52:01.228909
EVT222512,P016,S04,frozen,9,45,3,0,2026-06-08T15:52:01.228912
EVT777470,P017,S03,frozen,37,45,3,0,2026-06-08T15:52:01.228914
EVT133809,P012,S04,snacks,6,50,8,1,2026-06-08T15:52:01.228917
EVT219205,P005,S01,snacks,32,50,4,0,2026-06-08T15:52:01.228919
EVT788074,P010,S01,dairy,16,40,8,0,2026-06-08T15:52:01.228922
EVT969238,P015,S02,frozen,24,45,1,0,2026-06-08T15:52:01.228925
EVT186484,P017,S04,snacks,9,50,6,1,2026-06-08T15:52:01.228928
EVT707528,P006,S03,beverages,5,60,11,0,2026-06-08T15:52:01.228930
EVT116476,P004,S04,snacks,39,50,1,0,2026-06-08T15:52:01.228933
EVT617825,P009,S02,household,0,30,4,0,2026-06-08T15:52:01.228935
EVT242621,P012,S02,bakery,17,35,7,1,2026-06-08T15:52:01.228937
EVT423658,P010,S02,household,10,30,10,0,2026-06-08T15:52:01.228941
EVT116336,P009,S03,snacks,2,50,0,0,2026-06-08T15:52:01.228944
EVT697886,P004,S04,dairy,5,40,14,0,2026-06-08T15:52:01.228948
EVT838512,P001,S03,frozen,29,45,0,0,2026-06-08T15:52:01.228952
EVT753962,P007,S04,snacks,32,50,2,0,2026-06-08T15:52:01.228955
EVT255018,P016,S02,bakery,34,35,6,0,2026-06-08T15:52:01.228970
EVT304768,P007,S03,beverages,33,60,2,0,2026-06-08T15:52:01.228973
EVT109892,P014,S02,household,5,30,6,1,2026-06-08T15:52:01.228976
EVT740542,P011,S02,bakery,27,35,3,0,2026-06-08T15:52:01.228979
EVT529335,P005,S02,bakery,18,35,7,0,2026-06-08T15:52:01.228981
EVT950315,P002,S02,household,27,30,5,0,2026-06-08T15:52:01.228984
EVT379745,P009,S04,household,9,30,9,1,2026-06-08T15:52:01.228987
EVT400378,P013,S02,frozen,38,45,3,0,2026-06-08T15:52:01.228989
EVT601741,P013,S03,household,5,30,8,1,2026-06-08T15:52:01.228992
EVT204231,P001,S04,snacks,33,50,0,0,2026-06-08T15:52:01.228994
EVT381731,P001,S04,dairy,6,40,10,0,2026-06-08T15:52:01.228997
EVT163292,P012,S04,frozen,17,45,10,0,2026-06-08T15:52:01.229000
EVT367937,P004,S04,beverages,54,60,3,0,2026-06-08T15:52:01.229002
EVT127244,P008,S01,dairy,28,40,5,0,2026-06-08T15:52:01.229005
EVT894356,P002,S01,dairy,6,40,4,0,2026-06-08T15:52:01.229007
EVT135531,P020,S04,bakery,9,35,10,0,2026-06-08T15:52:01.229010
EVT420902,P018,S03,snacks,5,50,11,0,2026-06-08T15:52:01.229013
EVT753011,P011,S04,frozen,26,45,0,0,2026-06-08T15:52:01.229018
EVT216779,P009,S03,frozen,40,45,2,1,2026-06-08T15:52:01.229021
EVT186856,P020,S04,dairy,30,40,4,0,2026-06-08T15:52:01.229023
EVT447553,P014,S01,beverages,31,60,2,0,2026-06-08T15:52:01.229026
EVT154399,P005,S02,bakery,29,35,4,1,2026-06-08T15:52:01.229028
EVT983593,P004,S04,bakery,35,35,3,0,2026-06-08T15:52:01.229031
EVT154079,P014,S04,beverages,14,60,13,0,2026-06-08T15:52:01.229034
EVT557287,P017,S04,household,9,30,3,0,2026-06-08T15:52:01.229036
EVT543050,P006,S04,dairy,17,40,14,0,2026-06-08T15:52:01.229039
EVT175291,P015,S04,dairy,13,40,15,0,2026-06-08T15:52:01.229042
EVT517558,P020,S03,beverages,30,60,4,0,2026-06-08T15:52:01.229045
EVT818183,P011,S01,snacks,39,50,3,0,2026-06-08T15:52:01.229047
EVT163371,P011,S03,frozen,44,45,4,1,2026-06-08T15:52:01.229050
EVT315239,P001,S04,bakery,20,35,6,0,2026-06-08T15:52:01.229053
EVT778978,P003,S03,dairy,17,40,9,0,2026-06-08T15:52:01.229055
EVT298662,P005,S02,beverages,31,60,4,0,2026-06-08T15:52:01.229058
EVT606477,P001,S02,snacks,5,50,1,0,2026-06-08T15:52:01.229060
EVT785172,P017,S02,dairy,8,40,16,0,2026-06-08T15:52:01.229063
EVT345613,P015,S03,dairy,5,40,13,0,2026-06-08T15:52:01.229066
EVT732154,P013,S02,snacks,16,50,10,0,2026-06-08T15:52:01.229069
EVT350601,P003,S03,bakery,15,35,8,0,2026-06-08T15:52:01.229072
EVT788699,P006,S02,bakery,3,35,0,0,2026-06-08T15:52:01.229114
EVT818920,P010,S01,snacks,42,50,6,0,2026-06-08T15:52:01.229124
EVT595410,P006,S02,bakery,3,35,3,0,2026-06-08T15:52:01.229129
EVT990647,P011,S03,beverages,43,60,0,0,2026-06-08T15:52:01.229132
EVT819908,P011,S04,bakery,10,35,11,0,2026-06-08T15:52:01.229135
EVT346082,P013,S02,bakery,35,35,5,1,2026-06-08T15:52:01.229138
EVT808983,P004,S02,household,10,30,8,0,2026-06-08T15:52:01.229141
EVT971892,P002,S01,bakery,18,35,1,0,2026-06-08T15:52:01.229144
EVT524658,P006,S04,household,3,30,2,0,2026-06-08T15:52:01.229146
EVT477698,P019,S02,bakery,14,35,8,0,2026-06-08T15:52:01.229149
EVT378859,P009,S02,snacks,1,50,16,0,2026-06-08T15:52:01.229152
EVT407595,P011,S04,frozen,1,45,14,0,2026-06-08T15:52:01.229155
EVT820864,P007,S01,dairy,18,40,2,0,2026-06-08T15:52:01.229157
EVT747461,P003,S04,bakery,29,35,6,0,2026-06-08T15:52:01.229160
EVT131348,P019,S03,household,4,30,6,1,2026-06-08T15:52:01.229163
EVT951651,P002,S02,dairy,18,40,9,0,2026-06-08T15:52:01.229165
EVT664407,P018,S04,frozen,20,45,4,1,2026-06-08T15:52:01.229168
EVT646540,P001,S02,beverages,12,60,11,1,2026-06-08T15:52:01.229171
EVT957154,P009,S02,household,30,30,0,0,2026-06-08T15:52:01.229177
EVT215019,P011,S03,frozen,15,45,11,1,2026-06-08T15:52:01.229180
EVT522081,P005,S02,beverages,57,60,5,1,2026-06-08T15:52:01.229182
EVT239283,P007,S02,household,15,30,11,0,2026-06-08T15:52:01.229185
EVT366320,P001,S02,household,9,30,14,0,2026-06-08T15:52:01.229188
EVT682298,P019,S02,bakery,8,35,9,0,2026-06-08T15:52:01.229191
EVT502576,P018,S04,snacks,0,50,5,0,2026-06-08T15:52:01.229194
EVT418103,P009,S02,bakery,17,35,6,0,2026-06-08T15:52:01.229196
EVT486458,P020,S04,household,9,30,9,1,2026-06-08T15:52:01.229199
EVT980798,P011,S02,beverages,5,60,17,0,2026-06-08T15:52:01.229202
EVT413164,P013,S03,bakery,17,35,5,0,2026-06-08T15:52:01.229204
EVT518406,P008,S01,snacks,20,50,11,0,2026-06-08T15:52:01.229207
EVT276789,P018,S01,frozen,31,45,5,0,2026-06-08T15:52:01.229210
EVT553396,P017,S01,frozen,32,45,0,0,2026-06-08T15:52:01.229212
EVT982927,P012,S02,frozen,43,45,1,0,2026-06-08T15:52:01.229215
EVT990113,P013,S04,bakery,13,35,14,0,2026-06-08T15:52:01.229218
EVT241323,P018,S02,dairy,18,40,8,0,2026-06-08T15:52:01.229220
EVT690673,P016,S01,bakery,3,35,0,0,2026-06-08T15:52:01.229223
EVT533571,P015,S03,household,13,30,7,0,2026-06-08T15:52:01.229225
EVT806730,P001,S04,household,18,30,6,0,2026-06-08T15:52:01.229228
EVT275794,P015,S01,beverages,18,60,8,0,2026-06-08T15:52:01.229231
EVT757886,P009,S03,beverages,13,60,10,0,2026-06-08T15:52:01.229234
EVT927526,P013,S02,bakery,10,35,8,1,2026-06-08T15:52:01.229236
EVT507497,P005,S04,household,2,30,15,1,2026-06-08T15:52:01.229239
EVT827443,P014,S04,beverages,3,60,15,1,2026-06-08T15:52:01.229242
EVT561862,P019,S04,beverages,31,60,0,0,2026-06-08T15:52:01.229244
EVT200574,P007,S02,dairy,2,40,1,0,2026-06-08T15:52:01.229247
EVT561514,P007,S02,household,0,30,9,1,2026-06-08T15:52:01.229249
EVT719280,P007,S02,beverages,29,60,5,0,2026-06-08T15:52:01.229252
EVT472485,P006,S03,frozen,11,45,10,1,2026-06-08T15:52:01.229255
EVT733908,P007,S03,dairy,38,40,1,0,2026-06-08T15:52:01.229257
EVT234570,P008,S04,snacks,26,50,1,0,2026-06-08T15:52:01.229260
EVT326196,P019,S03,household,10,30,9,0,2026-06-08T15:52:01.229263
EVT708273,P016,S02,snacks,8,50,12,0,2026-06-08T15:52:01.229266
EVT320218,P004,S02,frozen,41,45,0,1,2026-06-08T15:52:01.229269
EVT507971,P006,S03,frozen,44,45,3,0,2026-06-08T15:52:01.229274
EVT301240,P016,S03,dairy,4,40,9,1,2026-06-08T15:52:01.229277
EVT755657,P003,S03,dairy,24,40,5,0,2026-06-08T15:52:01.229280
EVT333010,P019,S04,snacks,13,50,12,0,2026-06-08T15:52:01.229282
EVT699263,P015,S02,snacks,9,50,9,0,2026-06-08T15:52:01.229285
EVT749571,P003,S01,dairy,4,40,12,0,2026-06-08T15:52:01.229288
EVT709024,P011,S03,frozen,2,45,2,0,2026-06-08T15:52:01.229291
EVT318827,P007,S01,beverages,25,60,16,0,2026-06-08T15:52:01.229293
EVT158533,P012,S02,household,22,30,4,0,2026-06-08T15:52:01.229296
EVT639318,P012,S01,snacks,12,50,12,1,2026-06-08T15:52:01.229298
EVT302766,P013,S01,dairy,25,40,3,0,2026-06-08T15:52:01.229301
EVT407009,P011,S01,frozen,42,45,6,1,2026-06-08T15:52:01.229304
EVT733597,P004,S04,snacks,38,50,1,0,2026-06-08T15:52:01.229306
EVT744806,P005,S03,dairy,6,40,0,0,2026-06-08T15:52:01.229309
EVT809566,P012,S02,household,15,30,3,0,2026-06-08T15:52:01.229312
EVT272015,P015,S03,frozen,13,45,6,0,2026-06-08T15:52:01.229314
EVT421022,P008,S03,household,15,30,0,0,2026-06-08T15:52:01.229317
EVT641742,P009,S04,frozen,14,45,7,1,2026-06-08T15:52:01.229319
EVT147398,P001,S04,snacks,0,50,10,0,2026-06-08T15:52:01.229322
EVT335961,P019,S03,snacks,5,50,5,0,2026-06-08T15:52:01.229324
EVT360660,P020,S01,bakery,21,35,3,0,2026-06-08T15:52:01.229327
EVT308079,P019,S04,dairy,32,40,6,1,2026-06-08T15:52:01.229330
EVT444346,P004,S01,beverages,1,60,0,0,2026-06-08T15:52:01.229332
EVT977330,P006,S04,beverages,21,60,12,0,2026-06-08T15:52:01.229335
EVT904920,P013,S03,snacks,17,50,9,0,2026-06-08T15:52:01.229338
EVT759819,P002,S01,beverages,7,60,8,1,2026-06-08T15:52:01.229341
EVT333188,P005,S02,snacks,6,50,1,0,2026-06-08T15:52:01.229343
EVT940737,P015,S02,beverages,1,60,16,0,2026-06-08T15:52:01.229345
EVT997204,P002,S04,frozen,10,45,3,0,2026-06-08T15:52:01.229348
EVT242619,P016,S02,bakery,5,35,15,0,2026-06-08T15:52:01.229350
EVT832587,P001,S04,frozen,1,45,18,0,2026-06-08T15:52:01.229353
EVT953189,P020,S03,bakery,6,35,17,0,2026-06-08T15:52:01.229356
EVT959427,P004,S03,dairy,4,40,12,0,2026-06-08T15:52:01.229359
EVT360606,P013,S01,dairy,29,40,3,0,2026-06-08T15:52:01.229361
EVT413590,P016,S04,frozen,41,45,6,0,2026-06-08T15:52:01.229364
EVT721051,P014,S02,snacks,45,50,2,0,2026-06-08T15:52:01.229366
EVT752847,P013,S03,beverages,49,60,3,0,2026-06-08T15:52:01.229369
EVT769538,P019,S01,beverages,51,60,6,0,2026-06-08T15:52:01.229372
EVT497361,P017,S02,bakery,7,35,12,0,2026-06-08T15:52:01.229374
EVT222165,P019,S04,household,27,30,4,0,2026-06-08T15:52:01.229377
EVT847150,P010,S02,bakery,4,35,0,0,2026-06-08T15:52:01.229379
EVT459782,P016,S02,dairy,11,40,9,0,2026-06-08T15:52:01.229382
EVT509773,P012,S01,beverages,49,60,2,0,2026-06-08T15:52:01.229385
EVT558962,P002,S03,dairy,17,40,6,0,2026-06-08T15:52:01.229390
EVT587753,P008,S04,dairy,38,40,6,0,2026-06-08T15:52:01.229393
EVT824690,P017,S04,beverages,24,60,11,0,2026-06-08T15:52:01.229395
EVT391789,P010,S03,beverages,31,60,5,0,2026-06-08T15:52:01.229398
EVT401905,P018,S02,dairy,14,40,8,0,2026-06-08T15:52:01.229400
EVT659699,P019,S04,bakery,14,35,13,0,2026-06-08T15:52:01.229404
EVT277590,P010,S01,dairy,12,40,13,0,2026-06-08T15:52:01.229406
EVT191721,P008,S01,bakery,35,35,1,0,2026-06-08T15:52:01.229409
EVT792928,P008,S01,bakery,0,35,13,1,2026-06-08T15:52:01.229412
EVT102075,P011,S03,dairy,4,40,4,0,2026-06-08T15:52:01.229414
EVT234604,P018,S01,snacks,6,50,11,0,2026-06-08T15:52:01.229417
EVT821355,P003,S01,snacks,29,50,3,0,2026-06-08T15:52:01.229420
EVT609848,P011,S02,beverages,39,60,3,0,2026-06-08T15:52:01.229422
EVT466281,P017,S04,household,18,30,4,0,2026-06-08T15:52:01.229425
EVT243338,P019,S02,dairy,10,40,13,0,2026-06-08T15:52:01.229428
EVT905458,P005,S04,beverages,13,60,11,0,2026-06-08T15:52:01.229430
EVT415423,P017,S03,snacks,50,50,3,0,2026-06-08T15:52:01.229433
EVT624602,P009,S02,frozen,45,45,2,0,2026-06-08T15:52:01.229436
EVT585435,P001,S01,bakery,6,35,8,1,2026-06-08T15:52:01.229438
EVT441451,P019,S04,frozen,42,45,3,0,2026-06-08T15:52:01.229441
EVT343224,P002,S01,dairy,4,40,2,0,2026-06-08T15:52:01.229444
EVT800640,P013,S01,frozen,28,45,4,0,2026-06-08T15:52:01.229447
EVT252806,P018,S02,household,27,30,0,0,2026-06-08T15:52:01.229450
EVT418394,P002,S02,frozen,5,45,7,1,2026-06-08T15:52:01.229452
EVT640581,P008,S02,household,14,30,3,0,2026-06-08T15:52:01.229455
EVT522827,P006,S04,frozen,41,45,1,0,2026-06-08T15:52:01.229458
EVT824085,P009,S03,bakery,15,35,4,0,2026-06-08T15:52:01.229460
EVT336428,P019,S01,household,8,30,9,0,2026-06-08T15:52:01.229463
EVT405378,P015,S03,beverages,0,60,14,0,2026-06-08T15:52:01.229466
EVT684994,P001,S03,dairy,13,40,9,1,2026-06-08T15:52:01.229468
EVT394711,P012,S03,snacks,5,50,13,0,2026-06-08T15:52:01.229471
EVT628960,P013,S04,dairy,7,40,5,0,2026-06-08T15:52:01.229473
EVT302448,P001,S03,frozen,26,45,4,1,2026-06-08T15:52:01.229476
EVT532692,P010,S03,snacks,19,50,8,0,2026-06-08T15:52:01.229478
EVT790179,P020,S03,snacks,16,50,10,0,2026-06-08T15:52:01.229481
EVT726507,P008,S01,bakery,2,35,13,0,2026-06-08T15:52:01.229483
EVT635141,P001,S02,bakery,6,35,15,0,2026-06-08T15:52:01.229486
EVT115855,P009,S01,frozen,2,45,2,0,2026-06-08T15:52:01.229489
EVT327688,P005,S04,household,26,30,5,0,2026-06-08T15:52:01.229492
EVT339447,P011,S01,bakery,0,35,17,0,2026-06-08T15:52:01.229497
EVT536274,P006,S04,frozen,21,45,1,0,2026-06-08T15:52:01.229500
EVT933652,P016,S04,dairy,28,40,5,0,2026-06-08T15:52:01.229503
EVT671410,P018,S02,beverages,32,60,3,0,2026-06-08T15:52:01.229505
EVT520773,P010,S02,frozen,36,45,3,0,2026-06-08T15:52:01.229507
EVT599663,P011,S03,frozen,3,45,14,1,2026-06-08T15:52:01.229510
EVT103251,P004,S04,bakery,10,35,3,0,2026-06-08T15:52:01.229512
EVT466702,P016,S03,snacks,50,50,5,0,2026-06-08T15:52:01.229515
EVT675465,P016,S04,frozen,21,45,1,0,2026-06-08T15:52:01.229517
EVT961677,P015,S04,beverages,42,60,2,0,2026-06-08T15:52:01.229520
EVT473674,P012,S03,frozen,34,45,6,0,2026-06-08T15:52:01.229522
EVT777697,P019,S02,snacks,10,50,6,1,2026-06-08T15:52:01.229526
EVT955996,P005,S01,dairy,18,40,13,0,2026-06-08T15:52:01.229528
EVT979756,P003,S02,dairy,4,40,12,0,2026-06-08T15:52:01.229531
EVT462449,P016,S03,beverages,18,60,9,0,2026-06-08T15:52:01.229534
EVT797144,P020,S01,dairy,16,40,10,0,2026-06-08T15:52:01.229536
EVT997764,P002,S02,snacks,8,50,14,0,2026-06-08T15:52:01.229539
EVT370977,P002,S03,dairy,32,40,5,0,2026-06-08T15:52:01.229542
EVT550315,P009,S04,beverages,10,60,4,0,2026-06-08T15:52:01.229544
EVT308994,P013,S01,dairy,14,40,14,0,2026-06-08T15:52:01.229548
EVT699357,P010,S02,beverages,7,60,14,0,2026-06-08T15:52:01.229559
EVT667621,P007,S02,dairy,9,40,10,0,2026-06-08T15:52:01.229562
EVT966152,P006,S04,snacks,47,50,3,1,2026-06-08T15:52:01.229564
EVT752684,P018,S04,beverages,12,60,16,0,2026-06-08T15:52:01.229567
EVT205518,P001,S01,frozen,7,45,15,0,2026-06-08T15:52:01.229569
EVT320022,P020,S04,household,24,30,6,0,2026-06-08T15:52:01.229572
EVT185500,P006,S03,bakery,33,35,5,0,2026-06-08T15:52:01.229574
EVT120713,P006,S02,bakery,19,35,0,0,2026-06-08T15:52:01.229576
EVT637482,P020,S04,beverages,0,60,2,0,2026-06-08T15:52:01.229579
EVT938430,P013,S01,dairy,24,40,0,0,2026-06-08T15:52:01.229581
EVT233468,P015,S02,bakery,8,35,6,1,2026-06-08T15:52:01.229583
EVT151314,P014,S01,beverages,51,60,4,0,2026-06-08T15:52:01.229586
EVT354932,P001,S02,household,6,30,10,0,2026-06-08T15:52:01.229588
EVT899469,P004,S01,household,28,30,5,0,2026-06-08T15:52:01.229590
EVT767451,P004,S02,household,20,30,1,0,2026-06-08T15:52:01.229593
EVT741533,P012,S02,dairy,3,40,2,0,2026-06-08T15:52:01.229595
EVT547152,P001,S02,bakery,5,35,0,0,2026-06-08T15:52:01.229598
EVT722068,P006,S02,beverages,39,60,5,1,2026-06-08T15:52:01.229600
EVT290801,P019,S02,frozen,11,45,13,1,2026-06-08T15:52:01.229602
EVT958846,P019,S02,frozen,38,45,3,0,2026-06-08T15:52:01.229607
EVT504516,P016,S02,beverages,45,60,3,0,2026-06-08T15:52:01.229610
EVT828736,P018,S01,snacks,22,50,9,0,2026-06-08T15:52:01.229613
EVT216998,P007,S03,household,5,30,14,0,2026-06-08T15:52:01.229615
EVT350623,P018,S04,snacks,4,50,15,0,2026-06-08T15:52:01.229617
EVT127969,P008,S03,bakery,5,35,11,0,2026-06-08T15:52:01.229619
EVT109268,P018,S04,dairy,40,40,1,0,2026-06-08T15:52:01.229622
EVT951999,P009,S03,frozen,26,45,4,0,2026-06-08T15:52:01.229625
EVT804549,P017,S01,frozen,28,45,0,0,2026-06-08T15:52:01.229627
EVT703699,P014,S01,household,7,30,16,0,2026-06-08T15:52:01.229629
EVT498302,P017,S04,beverages,9,60,6,1,2026-06-08T15:52:01.229632
EVT588332,P006,S01,frozen,12,45,6,0,2026-06-08T15:52:01.229634
EVT748718,P001,S01,beverages,31,60,5,1,2026-06-08T15:52:01.229636
EVT512828,P005,S03,beverages,7,60,12,0,2026-06-08T15:52:01.229639
EVT260931,P002,S01,frozen,9,45,9,0,2026-06-08T15:52:01.229641
EVT637958,P011,S04,household,5,30,0,0,2026-06-08T15:52:01.229644
EVT288699,P008,S04,dairy,9,40,2,0,2026-06-08T15:52:01.229646
EVT384085,P015,S03,dairy,9,40,4,0,2026-06-08T15:52:01.229648
EVT618621,P015,S01,snacks,2,50,13,0,2026-06-08T15:52:01.229651
EVT566403,P013,S02,frozen,2,45,7,1,2026-06-08T15:52:01.229653
EVT807283,P001,S01,dairy,19,40,4,0,2026-06-08T15:52:01.229656
EVT358395,P006,S04,dairy,15,40,15,0,2026-06-08T15:52:01.229658
EVT704060,P001,S02,beverages,48,60,3,0,2026-06-08T15:52:01.229661
EVT710010,P009,S03,household,8,30,8,0,2026-06-08T15:52:01.229663
EVT750519,P012,S02,snacks,9,50,14,1,2026-06-08T15:52:01.229666
EVT545349,P002,S04,bakery,0,35,8,1,2026-06-08T15:52:01.229668
EVT860819,P003,S03,snacks,38,50,1,0,2026-06-08T15:52:01.229670
EVT154070,P007,S03,snacks,11,50,10,0,2026-06-08T15:52:01.229673
EVT162856,P004,S03,snacks,48,50,0,0,2026-06-08T15:52:01.229675
EVT725812,P011,S03,dairy,1,40,6,1,2026-06-08T15:52:01.229677
EVT649099,P010,S04,snacks,19,50,16,0,2026-06-08T15:52:01.229680
EVT168442,P008,S02,frozen,5,45,13,0,2026-06-08T15:52:01.229683
EVT562870,P012,S01,beverages,59,60,6,0,2026-06-08T15:52:01.229685
EVT257300,P011,S02,frozen,23,45,4,0,2026-06-08T15:52:01.229688
EVT800077,P004,S01,dairy,22,40,4,1,2026-06-08T15:52:01.229690
EVT452378,P014,S03,frozen,10,45,8,0,2026-06-08T15:52:01.229692
EVT343264,P003,S04,frozen,27,45,3,0,2026-06-08T15:52:01.229695
EVT711382,P007,S02,snacks,43,50,0,0,2026-06-08T15:52:01.229697
EVT341345,P010,S02,household,12,30,10,0,2026-06-08T15:52:01.229702
EVT474273,P019,S01,beverages,28,60,4,0,2026-06-08T15:52:01.229706
EVT586293,P010,S01,beverages,10,60,14,1,2026-06-08T15:52:01.229708
EVT810137,P010,S04,beverages,10,60,4,0,2026-06-08T15:52:01.229710
EVT823136,P002,S04,frozen,10,45,5,0,2026-06-08T15:52:01.229713
EVT604941,P016,S01,snacks,15,50,11,0,2026-06-08T15:52:01.229715
EVT483039,P014,S03,household,21,30,1,0,2026-06-08T15:52:01.229718
EVT698286,P003,S04,dairy,3,40,14,1,2026-06-08T15:52:01.229720
EVT181704,P006,S04,frozen,42,45,0,0,2026-06-08T15:52:01.229723
EVT128237,P004,S04,frozen,4,45,16,0,2026-06-08T15:52:01.229725
EVT759521,P013,S04,household,11,30,10,0,2026-06-08T15:52:01.229728
EVT891610,P007,S02,frozen,6,45,14,0,2026-06-08T15:52:01.229730
EVT553959,P018,S01,household,9,30,0,0,2026-06-08T15:52:01.229732
EVT602199,P003,S01,snacks,19,50,15,0,2026-06-08T15:52:01.229735
EVT813514,P003,S01,bakery,3,35,14,0,2026-06-08T15:52:01.229737
EVT630585,P018,S03,bakery,22,35,4,0,2026-06-08T15:52:01.229740
EVT759576,P013,S02,bakery,7,35,7,1,2026-06-08T15:52:01.229742
EVT406116,P012,S03,snacks,35,50,2,0,2026-06-08T15:52:01.229744
EVT610108,P006,S01,frozen,16,45,9,0,2026-06-08T15:52:01.229747
EVT517993,P015,S02,snacks,46,50,4,0,2026-06-08T15:52:01.229749
EVT826507,P001,S01,snacks,2,50,6,1,2026-06-08T15:52:01.229752
EVT182743,P011,S04,household,16,30,8,0,2026-06-08T15:52:01.229754
EVT695701,P009,S02,frozen,9,45,4,0,2026-06-08T15:52:01.229757
EVT690346,P002,S02,dairy,18,40,11,1,2026-06-08T15:52:01.229759
EVT401242,P013,S03,snacks,6,50,3,0,2026-06-08T15:52:01.229761
EVT680338,P013,S01,beverages,27,60,2,0,2026-06-08T15:52:01.229764
EVT375437,P015,S01,snacks,22,50,11,0,2026-06-08T15:52:01.229766
EVT932699,P013,S02,household,21,30,1,0,2026-06-08T15:52:01.229768
EVT954065,P020,S04,dairy,30,40,6,0,2026-06-08T15:52:01.229771
EVT868707,P009,S01,beverages,19,60,8,0,2026-06-08T15:52:01.229773
EVT571255,P016,S02,snacks,45,50,5,0,2026-06-08T15:52:01.229776
EVT774645,P020,S03,snacks,18,50,8,1,2026-06-08T15:52:01.229778
EVT222981,P016,S04,household,8,30,3,0,2026-06-08T15:52:01.229781
EVT212079,P014,S04,bakery,33,35,1,0,2026-06-08T15:52:01.229783
EVT729335,P009,S04,beverages,15,60,8,0,2026-06-08T15:52:01.229786
EVT324216,P004,S01,household,25,30,0,0,2026-06-08T15:52:01.229794
EVT396767,P012,S01,frozen,6,45,14,0,2026-06-08T15:52:01.229797
EVT975215,P010,S02,bakery,28,35,5,0,2026-06-08T15:52:01.229799
EVT982525,P012,S04,snacks,12,50,12,1,2026-06-08T15:52:01.229802
EVT351260,P011,S01,frozen,35,45,6,0,2026-06-08T15:52:01.229804
EVT597039,P019,S01,frozen,20,45,0,0,2026-06-08T15:52:01.229809
EVT287258,P016,S04,bakery,33,35,5,0,2026-06-08T15:52:01.229812
EVT912915,P015,S02,household,18,30,11,1,2026-06-08T15:52:01.229814
EVT491387,P011,S03,bakery,17,35,3,0,2026-06-08T15:52:01.229816
EVT554236,P008,S04,frozen,0,45,18,0,2026-06-08T15:52:01.229819
EVT247965,P008,S01,bakery,15,35,12,0,2026-06-08T15:52:01.229822
EVT898095,P020,S03,dairy,5,40,18,0,2026-06-08T15:52:01.229824
EVT453096,P019,S02,snacks,31,50,4,0,2026-06-08T15:52:01.229827
EVT358852,P016,S04,bakery,12,35,13,0,2026-06-08T15:52:01.229829
EVT189130,P017,S04,frozen,2,45,10,1,2026-06-08T15:52:01.229832
EVT115669,P008,S02,dairy,40,40,4,0,2026-06-08T15:52:01.229834
EVT767071,P002,S02,frozen,1,45,11,0,2026-06-08T15:52:01.229836
EVT244330,P004,S03,frozen,21,45,5,0,2026-06-08T15:52:01.229838
EVT925616,P016,S04,household,9,30,5,0,2026-06-08T15:52:01.229841
EVT280725,P019,S02,frozen,0,45,12,0,2026-06-08T15:52:01.229843
EVT311390,P003,S03,frozen,23,45,4,0,2026-06-08T15:52:01.229846
EVT289339,P006,S01,beverages,36,60,0,1,2026-06-08T15:52:01.229848
EVT304984,P009,S03,snacks,7,50,12,0,2026-06-08T15:52:01.229850
EVT632980,P018,S01,beverages,13,60,11,0,2026-06-08T15:52:01.229853
EVT174644,P009,S04,frozen,40,45,5,0,2026-06-08T15:52:01.229856
EVT566968,P011,S02,snacks,49,50,6,0,2026-06-08T15:52:01.229858
EVT148904,P016,S01,snacks,24,50,5,0,2026-06-08T15:52:01.229860
EVT721778,P002,S04,snacks,2,50,5,0,2026-06-08T15:52:01.229863
EVT529579,P010,S04,snacks,23,50,1,0,2026-06-08T15:52:01.229865
EVT405275,P005,S02,beverages,13,60,13,0,2026-06-08T15:52:01.229868
EVT886466,P013,S01,snacks,24,50,4,1,2026-06-08T15:52:01.229870
EVT528317,P007,S01,snacks,27,50,5,0,2026-06-08T15:52:01.229873
EVT566753,P014,S03,snacks,20,50,15,0,2026-06-08T15:52:01.229875
EVT432962,P008,S02,household,13,30,10,0,2026-06-08T15:52:01.229878
EVT796355,P010,S03,frozen,1,45,13,1,2026-06-08T15:52:01.229880
EVT931071,P011,S02,dairy,36,40,6,0,2026-06-08T15:52:01.229882
EVT627210,P003,S04,snacks,12,50,6,1,2026-06-08T15:52:01.229885
EVT809672,P016,S03,frozen,12,45,10,1,2026-06-08T15:52:01.229887
EVT975257,P009,S02,snacks,47,50,5,0,2026-06-08T15:52:01.229890
EVT600164,P009,S04,frozen,2,45,16,0,2026-06-08T15:52:01.229892
EVT437297,P003,S04,frozen,44,45,2,0,2026-06-08T15:52:01.229894
EVT281320,P009,S03,dairy,25,40,0,0,2026-06-08T15:52:01.229897
EVT985171,P009,S03,household,0,30,12,0,2026-06-08T15:52:01.229899
EVT191004,P011,S01,bakery,8,35,12,1,2026-06-08T15:52:01.229901
EVT280518,P012,S04,frozen,0,45,3,0,2026-06-08T15:52:01.229906
EVT739315,P003,S04,dairy,23,40,2,0,2026-06-08T15:52:01.229909
EVT104056,P013,S04,beverages,42,60,2,0,2026-06-08T15:52:01.229911
EVT161147,P009,S01,dairy,19,40,2,0,2026-06-08T15:52:01.229914
EVT702096,P017,S04,household,2,30,5,0,2026-06-08T15:52:01.229916
EVT401597,P007,S01,dairy,6,40,2,0,2026-06-08T15:52:01.229918
EVT682548,P019,S02,household,2,30,4,0,2026-06-08T15:52:01.229921
EVT156306,P020,S04,beverages,43,60,1,0,2026-06-08T15:52:01.229923
EVT496623,P017,S02,household,24,30,5,0,2026-06-08T15:52:01.229925
EVT570720,P009,S01,beverages,7,60,4,0,2026-06-08T15:52:01.229928
EVT935484,P006,S03,frozen,41,45,6,0,2026-06-08T15:52:01.229930
EVT730848,P003,S01,bakery,8,35,8,0,2026-06-08T15:52:01.229933
EVT642519,P017,S02,snacks,0,50,4,0,2026-06-08T15:52:01.229935
EVT129798,P011,S04,frozen,37,45,3,0,2026-06-08T15:52:01.229937
EVT699161,P019,S03,dairy,30,40,6,0,2026-06-08T15:52:01.229940
EVT835720,P008,S02,household,13,30,0,0,2026-06-08T15:52:01.229942
EVT863245,P009,S02,snacks,0,50,0,0,2026-06-08T15:52:01.229945
EVT483265,P004,S03,beverages,3,60,11,0,2026-06-08T15:52:01.229948
EVT473806,P002,S04,frozen,6,45,7,1,2026-06-08T15:52:01.229950
EVT851631,P005,S04,beverages,45,60,5,1,2026-06-08T15:52:01.229953
EVT801470,P004,S02,bakery,1,35,17,0,2026-06-08T15:52:01.229955
EVT169138,P001,S02,household,10,30,2,0,2026-06-08T15:52:01.229958
EVT495950,P016,S01,household,5,30,15,1,2026-06-08T15:52:01.229960
EVT668973,P009,S01,frozen,16,45,11,1,2026-06-08T15:52:01.229962
EVT794149,P008,S01,dairy,3,40,16,0,2026-06-08T15:52:01.229965
EVT318683,P008,S03,frozen,19,45,8,0,2026-06-08T15:52:01.229967
EVT352320,P013,S04,beverages,6,60,4,0,2026-06-08T15:52:01.229969
EVT110638,P010,S01,bakery,10,35,1,0,2026-06-08T15:52:01.229972
EVT942385,P001,S02,bakery,27,35,2,0,2026-06-08T15:52:01.229974
EVT702114,P019,S02,bakery,34,35,4,0,2026-06-08T15:52:01.229976
EVT586833,P008,S02,dairy,8,40,15,0,2026-06-08T15:52:01.229978
EVT676014,P010,S02,frozen,7,45,10,0,2026-06-08T15:52:01.229981
EVT718058,P010,S03,snacks,23,50,2,0,2026-06-08T15:52:01.229983
EVT217013,P004,S03,snacks,11,50,14,0,2026-06-08T15:52:01.229985
EVT266526,P005,S04,bakery,19,35,6,0,2026-06-08T15:52:01.229988
EVT633782,P013,S04,household,15,30,2,1,2026-06-08T15:52:01.229990
EVT775404,P020,S04,beverages,27,60,5,0,2026-06-08T15:52:01.229993
EVT687669,P018,S04,household,6,30,4,0,2026-06-08T15:52:01.229995
EVT397283,P007,S02,bakery,9,35,16,0,2026-06-08T15:52:01.229997
EVT537308,P010,S04,frozen,6,45,14,0,2026-06-08T15:52:01.230002
EVT992118,P020,S03,bakery,29,35,5,0,2026-06-08T15:52:01.230004
EVT963718,P012,S01,household,6,30,13,1,2026-06-08T15:52:01.230007
EVT416986,P006,S04,beverages,28,60,6,0,2026-06-08T15:52:01.230009
EVT901787,P002,S01,bakery,5,35,10,0,2026-06-08T15:52:01.230011
EVT835943,P019,S01,frozen,37,45,1,0,2026-06-08T15:52:01.230014
EVT183398,P005,S01,dairy,7,40,6,1,2026-06-08T15:52:01.230016
EVT315604,P007,S03,dairy,7,40,13,1,2026-06-08T15:52:01.230018
EVT418602,P014,S03,household,6,30,5,0,2026-06-08T15:52:01.230021
EVT351923,P012,S04,frozen,2,45,3,0,2026-06-08T15:52:01.230024
EVT651078,P003,S02,beverages,4,60,6,1,2026-06-08T15:52:01.230026
EVT271024,P016,S01,snacks,1,50,6,1,2026-06-08T15:52:01.230028
EVT992753,P002,S02,beverages,12,60,15,0,2026-06-08T15:52:01.230031
EVT850236,P008,S02,dairy,20,40,2,0,2026-06-08T15:52:01.230033
EVT831456,P002,S03,snacks,35,50,3,0,2026-06-08T15:52:01.230035
EVT956933,P012,S04,frozen,15,45,13,0,2026-06-08T15:52:01.230038
EVT787184,P017,S04,household,12,30,9,0,2026-06-08T15:52:01.230040
EVT605210,P020,S02,household,5,30,13,0,2026-06-08T15:52:01.230043
EVT270562,P020,S01,frozen,11,45,9,0,2026-06-08T15:52:01.230045
EVT887099,P003,S03,bakery,28,35,2,0,2026-06-08T15:52:01.230048
EVT778885,P016,S01,dairy,31,40,0,0,2026-06-08T15:52:01.230050
EVT521913,P019,S02,dairy,28,40,1,0,2026-06-08T15:52:01.230053
EVT643130,P015,S02,snacks,4,50,10,0,2026-06-08T15:52:01.230055
EVT447032,P001,S02,household,8,30,2,0,2026-06-08T15:52:01.230057
EVT901553,P011,S03,frozen,4,45,0,0,2026-06-08T15:52:01.230060
EVT309657,P002,S01,dairy,17,40,8,0,2026-06-08T15:52:01.230062
EVT825025,P009,S03,beverages,54,60,1,0,2026-06-08T15:52:01.230065
EVT107424,P014,S04,beverages,31,60,4,0,2026-06-08T15:52:01.230067
EVT155203,P015,S02,snacks,34,50,5,0,2026-06-08T15:52:01.230070
EVT473573,P009,S01,bakery,1,35,5,0,2026-06-08T15:52:01.230073
EVT595073,P016,S01,bakery,11,35,10,0,2026-06-08T15:52:01.230075
EVT952217,P010,S01,household,8,30,2,0,2026-06-08T15:52:01.230077
EVT280318,P020,S01,bakery,34,35,5,0,2026-06-08T15:52:01.230080
EVT456828,P004,S02,beverages,59,60,5,0,2026-06-08T15:52:01.230082
EVT440928,P014,S02,household,3,30,12,0,2026-06-08T15:52:01.230085
EVT881357,P014,S01,dairy,23,40,3,0,2026-06-08T15:52:01.230087
EVT874731,P004,S04,household,14,30,6,1,2026-06-08T15:52:01.230090
EVT591516,P018,S03,snacks,28,50,4,1,2026-06-08T15:52:01.230092
EVT532731,P001,S01,snacks,49,50,5,0,2026-06-08T15:52:01.230095
EVT923729,P014,S02,dairy,12,40,15,0,2026-06-08T15:52:01.230099
EVT798380,P007,S01,dairy,21,40,1,0,2026-06-08T15:52:01.230102
EVT676712,P010,S03,dairy,12,40,12,1,2026-06-08T15:52:01.230104
EVT229366,P020,S04,beverages,19,60,13,0,2026-06-08T15:52:01.230107
EVT810783,P002,S01,beverages,37,60,2,0,2026-06-08T15:52:01.230109
EVT406143,P010,S04,dairy,6,40,0,0,2026-06-08T15:52:01.230112
EVT315257,P011,S01,household,10,30,9,1,2026-06-08T15:52:01.230114
EVT595970,P009,S01,household,3,30,5,0,2026-06-08T15:52:01.230116
EVT292495,P019,S01,snacks,44,50,3,0,2026-06-08T15:52:01.230119
EVT373402,P018,S01,household,2,30,10,0,2026-06-08T15:52:01.230121
EVT307040,P015,S04,beverages,57,60,0,1,2026-06-08T15:52:01.230123
EVT577837,P012,S03,household,26,30,3,0,2026-06-08T15:52:01.230126
EVT625778,P004,S04,dairy,23,40,3,0,2026-06-08T15:52:01.230128
EVT848033,P017,S02,dairy,12,40,14,1,2026-06-08T15:52:01.230130
EVT116693,P007,S03,dairy,25,40,0,0,2026-06-08T15:52:01.230133
EVT165226,P007,S02,frozen,24,45,3,0,2026-06-08T15:52:01.230135
EVT258723,P018,S03,household,6,30,4,0,2026-06-08T15:52:01.230137
EVT278677,P001,S01,frozen,6,45,13,0,2026-06-08T15:52:01.230140
EVT248902,P007,S03,beverages,48,60,2,0,2026-06-08T15:52:01.230142
EVT852893,P002,S03,snacks,44,50,2,0,2026-06-08T15:52:01.230145
EVT461434,P011,S01,snacks,41,50,0,0,2026-06-08T15:52:01.230147
EVT971843,P013,S04,bakery,18,35,4,1,2026-06-08T15:52:01.230149
EVT682452,P013,S04,bakery,0,35,0,0,2026-06-08T15:52:01.230152
EVT834511,P007,S03,frozen,45,45,1,0,2026-06-08T15:52:01.230154
EVT433818,P015,S02,beverages,12,60,9,1,2026-06-08T15:52:01.230156
EVT148584,P018,S03,beverages,30,60,6,0,2026-06-08T15:52:01.230159
EVT910652,P010,S04,dairy,36,40,5,0,2026-06-08T15:52:01.230161
EVT369705,P001,S04,beverages,18,60,6,1,2026-06-08T15:52:01.230164
EVT723653,P010,S01,bakery,30,35,0,0,2026-06-08T15:52:01.230166
EVT344530,P017,S02,frozen,34,45,3,0,2026-06-08T15:52:01.230168
EVT407848,P003,S04,household,27,30,3,0,2026-06-08T15:52:01.230171
EVT162375,P016,S01,beverages,6,60,15,0,2026-06-08T15:52:01.230173
EVT718914,P007,S02,bakery,3,35,14,1,2026-06-08T15:52:01.230175
EVT792614,P011,S03,frozen,34,45,0,0,2026-06-08T15:52:01.230178
EVT830816,P016,S04,dairy,11,40,9,1,2026-06-08T15:52:01.230180
EVT877870,P010,S03,household,12,30,14,0,2026-06-08T15:52:01.230183
EVT584329,P002,S03,bakery,3,35,1,0,2026-06-08T15:52:01.230185
EVT799869,P013,S02,household,10,30,9,0,2026-06-08T15:52:01.230188
EVT653790,P002,S04,dairy,5,40,4,0,2026-06-08T15:52:01.230190
EVT365024,P001,S02,snacks,8,50,0,0,2026-06-08T15:52:01.230195
EVT816755,P008,S02,dairy,29,40,6,0,2026-06-08T15:52:01.230197
EVT143327,P002,S02,bakery,0,35,5,0,2026-06-08T15:52:01.230200
EVT904455,P006,S01,household,2,30,11,0,2026-06-08T15:52:01.230202
EVT739106,P018,S04,dairy,36,40,6,0,2026-06-08T15:52:01.230204
EVT885436,P017,S03,frozen,6,45,12,0,2026-06-08T15:52:01.230207
EVT224878,P013,S03,beverages,0,60,2,0,2026-06-08T15:52:01.230209
EVT941423,P005,S04,bakery,8,35,11,1,2026-06-08T15:52:01.230212
EVT260584,P012,S01,bakery,7,35,7,1,2026-06-08T15:52:01.230214
EVT239018,P009,S04,bakery,19,35,6,1,2026-06-08T15:52:01.230216
EVT303158,P009,S03,frozen,15,45,15,0,2026-06-08T15:52:01.230219
EVT337699,P004,S02,frozen,6,45,16,0,2026-06-08T15:52:01.230222
EVT967291,P016,S03,dairy,27,40,3,0,2026-06-08T15:52:01.230224
EVT559514,P004,S04,household,15,30,10,0,2026-06-08T15:52:01.230226
EVT999605,P004,S02,snacks,1,50,15,0,2026-06-08T15:52:01.230228
EVT983139,P012,S04,dairy,8,40,14,0,2026-06-08T15:52:01.230231
EVT945024,P003,S02,household,8,30,13,0,2026-06-08T15:52:01.230233
EVT616117,P011,S03,household,7,30,10,1,2026-06-08T15:52:01.230235
EVT961007,P017,S01,household,24,30,6,0,2026-06-08T15:52:01.230238
EVT799293,P012,S02,dairy,8,40,6,1,2026-06-08T15:52:01.230241
EVT797264,P019,S01,dairy,27,40,6,0,2026-06-08T15:52:01.230243
EVT410292,P006,S01,bakery,31,35,2,0,2026-06-08T15:52:01.230245
EVT508598,P018,S01,beverages,4,60,0,0,2026-06-08T15:52:01.230248
EVT277921,P001,S01,dairy,7,40,5,0,2026-06-08T15:52:01.230250
EVT311314,P002,S03,frozen,3,45,6,1,2026-06-08T15:52:01.230252
EVT825490,P004,S02,frozen,17,45,6,1,2026-06-08T15:52:01.230255
EVT998349,P013,S01,dairy,2,40,8,1,2026-06-08T15:52:01.230257
EVT315841,P012,S03,beverages,0,60,4,0,2026-06-08T15:52:01.230260
EVT656441,P005,S04,dairy,5,40,9,1,2026-06-08T15:52:01.230262
EVT301453,P020,S03,snacks,19,50,11,0,2026-06-08T15:52:01.230265
EVT499928,P020,S04,snacks,40,50,6,1,2026-06-08T15:52:01.230267
EVT364043,P020,S01,bakery,16,35,2,0,2026-06-08T15:52:01.230269
EVT988361,P008,S03,beverages,28,60,2,0,2026-06-08T15:52:01.230272
EVT486191,P002,S04,beverages,5,60,11,1,2026-06-08T15:52:01.230274
EVT269653,P012,S04,beverages,34,60,1,0,2026-06-08T15:52:01.230277
EVT669351,P004,S01,frozen,12,45,10,0,2026-06-08T15:52:01.230279
EVT379146,P018,S04,bakery,24,35,2,0,2026-06-08T15:52:01.230282
EVT608589,P020,S04,household,3,30,2,0,2026-06-08T15:52:01.230284
EVT712058,P005,S03,beverages,16,60,7,0,2026-06-08T15:52:01.230286
EVT497418,P017,S04,household,13,30,4,0,2026-06-08T15:52:01.230293
EVT445949,P005,S02,dairy,24,40,3,0,2026-06-08T15:52:01.230296
EVT658993,P017,S03,bakery,30,35,4,0,2026-06-08T15:52:01.230298
EVT108142,P002,S01,frozen,17,45,8,0,2026-06-08T15:52:01.230300
EVT644001,P009,S02,dairy,21,40,3,0,2026-06-08T15:52:01.230303
EVT279043,P001,S01,beverages,13,60,9,0,2026-06-08T15:52:01.230305
EVT975427,P011,S03,bakery,11,35,6,0,2026-06-08T15:52:01.230307
EVT652035,P020,S03,beverages,54,60,5,1,2026-06-08T15:52:01.230310
EVT916688,P007,S01,beverages,56,60,0,0,2026-06-08T15:52:01.230312
EVT599882,P018,S04,household,4,30,4,0,2026-06-08T15:52:01.230315
EVT429113,P013,S02,snacks,30,50,3,0,2026-06-08T15:52:01.230317
EVT949203,P003,S04,frozen,29,45,2,0,2026-06-08T15:52:01.230319
EVT988650,P006,S01,bakery,16,35,1,0,2026-06-08T15:52:01.230322
EVT956582,P007,S02,household,10,30,0,0,2026-06-08T15:52:01.230325
EVT882304,P001,S04,dairy,33,40,3,0,2026-06-08T15:52:01.230327
EVT665136,P020,S02,household,5,30,13,0,2026-06-08T15:52:01.230330
EVT245335,P004,S04,dairy,7,40,13,1,2026-06-08T15:52:01.230332
EVT395745,P004,S02,bakery,24,35,1,0,2026-06-08T15:52:01.230334
EVT690625,P006,S03,dairy,2,40,12,0,2026-06-08T15:52:01.230337
EVT787959,P014,S02,bakery,5,35,2,0,2026-06-08T15:52:01.230339
EVT619305,P016,S01,bakery,21,35,3,0,2026-06-08T15:52:01.230342
EVT103119,P016,S02,snacks,12,50,10,1,2026-06-08T15:52:01.230345
EVT841161,P011,S03,bakery,27,35,2,0,2026-06-08T15:52:01.230348
EVT294353,P002,S04,beverages,58,60,0,0,2026-06-08T15:52:01.230350
EVT685812,P011,S01,bakery,18,35,3,0,2026-06-08T15:52:01.230352
EVT427929,P019,S01,dairy,22,40,6,0,2026-06-08T15:52:01.230355
EVT979987,P019,S01,frozen,32,45,2,0,2026-06-08T15:52:01.230357
EVT821109,P003,S02,beverages,0,60,12,0,2026-06-08T15:52:01.230359
EVT714414,P013,S02,frozen,3,45,10,1,2026-06-08T15:52:01.230362
EVT114163,P011,S03,household,2,30,0,0,2026-06-08T15:52:01.230364
EVT482501,P020,S01,bakery,9,35,5,0,2026-06-08T15:52:01.230366
EVT923624,P020,S01,household,4,30,15,0,2026-06-08T15:52:01.230369
EVT513844,P003,S01,household,16,30,5,0,2026-06-08T15:52:01.230371
EVT254349,P019,S04,snacks,0,50,17,0,2026-06-08T15:52:01.230373
EVT879235,P013,S03,dairy,36,40,3,0,2026-06-08T15:52:01.230376
EVT243389,P017,S03,frozen,8,45,11,1,2026-06-08T15:52:01.230378
EVT295783,P010,S04,snacks,36,50,6,0,2026-06-08T15:52:01.230380
EVT755605,P009,S01,household,6,30,13,0,2026-06-08T15:52:01.230383
EVT718207,P001,S02,frozen,14,45,8,0,2026-06-08T15:52:01.230385
EVT344465,P020,S02,household,22,30,2,0,2026-06-08T15:52:01.230392
EVT668362,P012,S01,bakery,3,35,13,0,2026-06-08T15:52:01.230395
EVT345102,P015,S02,snacks,35,50,5,0,2026-06-08T15:52:01.230397
EVT388916,P019,S03,dairy,20,40,6,0,2026-06-08T15:52:01.230399
EVT482415,P010,S03,snacks,46,50,6,0,2026-06-08T15:52:01.230402
EVT269068,P020,S01,bakery,25,35,1,0,2026-06-08T15:52:01.230404
EVT435923,P020,S02,bakery,20,35,2,0,2026-06-08T15:52:01.230407
EVT319333,P003,S04,dairy,28,40,2,0,2026-06-08T15:52:01.230409
EVT744099,P016,S04,household,5,30,14,0,2026-06-08T15:52:01.230411
EVT772277,P020,S02,beverages,35,60,5,0,2026-06-08T15:52:01.230413
EVT126522,P013,S02,frozen,1,45,0,0,2026-06-08T15:52:01.230416
EVT180948,P006,S02,household,13,30,9,0,2026-06-08T15:52:01.230418
EVT196126,P008,S01,beverages,9,60,11,1,2026-06-08T15:52:01.230421
EVT592173,P016,S01,household,29,30,2,0,2026-06-08T15:52:01.230424
EVT962827,P004,S03,frozen,40,45,5,0,2026-06-08T15:52:01.230426
EVT636534,P020,S02,frozen,20,45,6,0,2026-06-08T15:52:01.230429
EVT494399,P014,S02,household,21,30,0,0,2026-06-08T15:52:01.230431
EVT801061,P004,S04,frozen,3,45,10,1,2026-06-08T15:52:01.230433
EVT441568,P018,S01,snacks,36,50,5,0,2026-06-08T15:52:01.230436
EVT349617,P010,S02,snacks,29,50,2,0,2026-06-08T15:52:01.230438
EVT305007,P019,S04,snacks,49,50,5,0,2026-06-08T15:52:01.230441
EVT664863,P007,S03,beverages,43,60,1,0,2026-06-08T15:52:01.230443
EVT408396,P018,S04,bakery,4,35,3,0,2026-06-08T15:52:01.230446
EVT915765,P007,S03,frozen,44,45,0,0,2026-06-08T15:52:01.230448
EVT989550,P007,S04,household,6,30,4,0,2026-06-08T15:52:01.230450
EVT855436,P005,S04,dairy,30,40,2,0,2026-06-08T15:52:01.230453
EVT905801,P006,S03,dairy,29,40,4,0,2026-06-08T15:52:01.230455
EVT846251,P018,S04,bakery,17,35,3,0,2026-06-08T15:52:01.230458
EVT848022,P013,S01,dairy,7,40,11,1,2026-06-08T15:52:01.230460
EVT459032,P002,S02,snacks,20,50,10,0,2026-06-08T15:52:01.230463
EVT857454,P007,S04,beverages,28,60,0,0,2026-06-08T15:52:01.230465
EVT741679,P007,S01,dairy,29,40,3,0,2026-06-08T15:52:01.230467
EVT422854,P006,S03,household,22,30,5,0,2026-06-08T15:52:01.230470
EVT694937,P011,S02,household,18,30,6,0,2026-06-08T15:52:01.230472
EVT968645,P012,S04,frozen,23,45,2,1,2026-06-08T15:52:01.230474
EVT514828,P006,S01,bakery,23,35,4,0,2026-06-08T15:52:01.230477
EVT511186,P002,S02,snacks,30,50,3,0,2026-06-08T15:52:01.230479
EVT786904,P020,S02,beverages,13,60,11,0,2026-06-08T15:52:01.230482
EVT724063,P010,S04,bakery,19,35,6,0,2026-06-08T15:52:01.230484
EVT275251,P014,S04,household,27,30,0,0,2026-06-08T15:52:01.230491
EVT114926,P008,S02,beverages,46,60,1,0,2026-06-08T15:52:01.230494
EVT150063,P001,S01,bakery,14,35,10,0,2026-06-08T15:52:01.230497
EVT490120,P018,S04,frozen,18,45,9,0,2026-06-08T15:52:01.230499
EVT270216,P018,S02,dairy,32,40,4,0,2026-06-08T15:52:01.230502
EVT816586,P019,S04,household,26,30,3,1,2026-06-08T15:52:01.230504
EVT499489,P012,S01,snacks,1,50,18,0,2026-06-08T15:52:01.230507
EVT852541,P012,S02,snacks,5,50,15,1,2026-06-08T15:52:01.230510
EVT576737,P003,S03,dairy,35,40,3,0,2026-06-08T15:52:01.230512
EVT340425,P003,S01,beverages,17,60,15,0,2026-06-08T15:52:01.230515
EVT490763,P013,S01,bakery,19,35,2,0,2026-06-08T15:52:01.230517
EVT192520,P006,S02,dairy,14,40,16,0,2026-06-08T15:52:01.230520
EVT837210,P007,S01,beverages,10,60,0,0,2026-06-08T15:52:01.230522
EVT496146,P017,S03,household,13,30,5,0,2026-06-08T15:52:01.230524
EVT405344,P007,S03,snacks,29,50,4,0,2026-06-08T15:52:01.230527
EVT500128,P004,S01,dairy,5,40,15,0,2026-06-08T15:52:01.230529
EVT132669,P017,S04,dairy,25,40,5,0,2026-06-08T15:52:01.230531
EVT285351,P010,S04,snacks,11,50,8,0,2026-06-08T15:52:01.230534
EVT909735,P012,S03,dairy,33,40,4,0,2026-06-08T15:52:01.230536
EVT839891,P019,S03,dairy,40,40,1,0,2026-06-08T15:52:01.230539
EVT185738,P014,S01,dairy,4,40,3,0,2026-06-08T15:52:01.230541
EVT944341,P011,S01,dairy,8,40,9,0,2026-06-08T15:52:01.230544
EVT376526,P007,S03,dairy,12,40,12,0,2026-06-08T15:52:01.230546
EVT355636,P017,S02,household,15,30,5,1,2026-06-08T15:52:01.230549
EVT664690,P013,S01,dairy,34,40,4,1,2026-06-08T15:52:01.230551
EVT438928,P003,S03,frozen,28,45,5,1,2026-06-08T15:52:01.230553
EVT934805,P012,S03,snacks,10,50,11,0,2026-06-08T15:52:01.230555
EVT204204,P018,S01,beverages,1,60,5,0,2026-06-08T15:52:01.230558
EVT231793,P011,S03,beverages,8,60,12,0,2026-06-08T15:52:01.230560
EVT994513,P010,S02,snacks,44,50,0,0,2026-06-08T15:52:01.230562
EVT506358,P012,S04,snacks,0,50,5,0,2026-06-08T15:52:01.230565
EVT145608,P020,S01,bakery,25,35,1,0,2026-06-08T15:52:01.230567
EVT669414,P002,S02,household,5,30,9,1,2026-06-08T15:52:01.230569
EVT497876,P015,S04,frozen,32,45,1,0,2026-06-08T15:52:01.230572
EVT354260,P010,S04,bakery,11,35,6,0,2026-06-08T15:52:01.230574
EVT774551,P012,S04,frozen,32,45,2,0,2026-06-08T15:52:01.230577
EVT604838,P013,S03,frozen,22,45,5,0,2026-06-08T15:52:01.230579
EVT822217,P003,S01,snacks,47,50,1,0,2026-06-08T15:52:01.230582
EVT433957,P014,S01,bakery,3,35,8,1,2026-06-08T15:52:01.230590
EVT470447,P007,S04,household,2,30,0,0,2026-06-08T15:52:01.230593
EVT179117,P008,S04,frozen,9,45,0,0,2026-06-08T15:52:01.230595
EVT316726,P001,S03,snacks,35,50,4,0,2026-06-08T15:52:01.230598
EVT895268,P010,S04,beverages,1,60,10,0,2026-06-08T15:52:01.230600
EVT609359,P003,S03,snacks,10,50,14,0,2026-06-08T15:52:01.230602
EVT483546,P001,S04,frozen,0,45,3,0,2026-06-08T15:52:01.230605
EVT775547,P002,S04,household,14,30,3,0,2026-06-08T15:52:01.230607
EVT491029,P007,S03,dairy,2,40,14,1,2026-06-08T15:52:01.230609
EVT162843,P020,S04,frozen,23,45,4,0,2026-06-08T15:52:01.230612
EVT502425,P017,S01,household,8,30,11,0,2026-06-08T15:52:01.230614
EVT611180,P006,S02,bakery,34,35,1,0,2026-06-08T15:52:01.230617
EVT256226,P008,S03,snacks,41,50,6,0,2026-06-08T15:52:01.230619
EVT298714,P010,S04,frozen,4,45,2,0,2026-06-08T15:52:01.230621
EVT132950,P017,S04,dairy,33,40,1,0,2026-06-08T15:52:01.230624
EVT749043,P020,S01,household,14,30,5,1,2026-06-08T15:52:01.230626
EVT455223,P013,S04,beverages,3,60,12,0,2026-06-08T15:52:01.230628
EVT396341,P001,S01,household,7,30,10,0,2026-06-08T15:52:01.230631
EVT321280,P009,S01,household,20,30,0,1,2026-06-08T15:52:01.230633
EVT670109,P005,S04,household,11,30,13,1,2026-06-08T15:52:01.230635
EVT556098,P018,S02,beverages,10,60,4,0,2026-06-08T15:52:01.230638
EVT689835,P004,S03,snacks,9,50,9,0,2026-06-08T15:52:01.230641
EVT309936,P004,S04,frozen,7,45,5,0,2026-06-08T15:52:01.230643
EVT240644,P013,S01,bakery,30,35,6,1,2026-06-08T15:52:01.230645
EVT388296,P015,S01,dairy,2,40,17,0,2026-06-08T15:52:01.230647
EVT547980,P001,S02,household,6,30,1,0,2026-06-08T15:52:01.230650
EVT819736,P017,S01,dairy,4,40,15,0,2026-06-08T15:52:01.230652
EVT169608,P012,S01,dairy,27,40,0,0,2026-06-08T15:52:01.230654
EVT161997,P007,S01,snacks,34,50,4,0,2026-06-08T15:52:01.230657
EVT435587,P017,S01,frozen,32,45,1,0,2026-06-08T15:52:01.230659
EVT222707,P013,S01,dairy,21,40,6,0,2026-06-08T15:52:01.230661
EVT341584,P017,S04,bakery,33,35,4,0,2026-06-08T15:52:01.230664
EVT319819,P008,S04,frozen,30,45,4,1,2026-06-08T15:52:01.230667
EVT927185,P013,S02,snacks,3,50,10,0,2026-06-08T15:52:01.230669
EVT265958,P009,S01,household,5,30,12,0,2026-06-08T15:52:01.230671
EVT782809,P003,S01,frozen,6,45,0,0,2026-06-08T15:52:01.230674
EVT509854,P013,S04,frozen,11,45,12,0,2026-06-08T15:52:01.230676
EVT277993,P006,S01,bakery,9,35,14,1,2026-06-08T15:52:01.230679
EVT585494,P008,S02,frozen,25,45,0,0,2026-06-08T15:52:01.230681
EVT425079,P008,S03,bakery,2,35,8,1,2026-06-08T15:52:01.230683
EVT904181,P010,S03,snacks,48,50,2,0,2026-06-08T15:52:01.230689
EVT109529,P001,S04,bakery,17,35,4,0,2026-06-08T15:52:01.230691
EVT943389,P001,S02,beverages,57,60,3,0,2026-06-08T15:52:01.230693
EVT388523,P013,S03,household,8,30,9,0,2026-06-08T15:52:01.230696
EVT750866,P010,S01,beverages,28,60,2,0,2026-06-08T15:52:01.230698
EVT466687,P020,S02,snacks,30,50,6,0,2026-06-08T15:52:01.230700
EVT668260,P018,S02,household,5,30,12,1,2026-06-08T15:52:01.230703
EVT925981,P003,S04,snacks,25,50,5,0,2026-06-08T15:52:01.230705
EVT771801,P009,S01,snacks,5,50,5,0,2026-06-08T15:52:01.230707
EVT109175,P019,S02,beverages,2,60,8,1,2026-06-08T15:52:01.230710
EVT220505,P015,S04,snacks,9,50,1,0,2026-06-08T15:52:01.230713
EVT210497,P011,S01,bakery,27,35,0,0,2026-06-08T15:52:01.230715
EVT778825,P020,S01,snacks,8,50,11,1,2026-06-08T15:52:01.230717
EVT405913,P018,S03,bakery,17,35,3,0,2026-06-08T15:52:01.230720
EVT489906,P019,S02,dairy,37,40,4,0,2026-06-08T15:52:01.230722
EVT271836,P017,S04,household,13,30,9,0,2026-06-08T15:52:01.230725
EVT440153,P007,S02,beverages,3,60,9,1,2026-06-08T15:52:01.230727
EVT780385,P019,S02,frozen,30,45,2,0,2026-06-08T15:52:01.230729
EVT116993,P015,S02,frozen,5,45,12,0,2026-06-08T15:52:01.230732
EVT430766,P011,S04,beverages,44,60,1,0,2026-06-08T15:52:01.230735
EVT424418,P015,S04,bakery,22,35,5,0,2026-06-08T15:52:01.230737
EVT453125,P009,S04,frozen,10,45,11,1,2026-06-08T15:52:01.230739
EVT870244,P018,S03,beverages,10,60,9,0,2026-06-08T15:52:01.230742
EVT719132,P002,S01,beverages,27,60,15,0,2026-06-08T15:52:01.230744
EVT111725,P020,S02,beverages,3,60,10,0,2026-06-08T15:52:01.230747
EVT332401,P007,S02,dairy,5,40,3,0,2026-06-08T15:52:01.230749
EVT920007,P020,S04,bakery,0,35,2,0,2026-06-08T15:52:01.230751
EVT649514,P004,S03,bakery,12,35,12,1,2026-06-08T15:52:01.230754
EVT295667,P006,S03,beverages,11,60,6,1,2026-06-08T15:52:01.230756
EVT361252,P004,S02,bakery,4,35,13,0,2026-06-08T15:52:01.230759
EVT684502,P003,S04,household,9,30,7,0,2026-06-08T15:52:01.230761
EVT854053,P011,S04,dairy,0,40,0,0,2026-06-08T15:52:01.230763
EVT150099,P013,S02,dairy,2,40,6,1,2026-06-08T15:52:01.230766
EVT946304,P018,S02,dairy,12,40,10,0,2026-06-08T15:52:01.230768
EVT283876,P007,S04,beverages,57,60,6,0,2026-06-08T15:52:01.230770
EVT957207,P006,S01,frozen,3,45,4,0,2026-06-08T15:52:01.230773
EVT163695,P002,S03,bakery,33,35,1,0,2026-06-08T15:52:01.230775
EVT258121,P006,S01,frozen,19,45,12,0,2026-06-08T15:52:01.230778
EVT892047,P011,S01,frozen,6,45,15,1,2026-06-08T15:52:01.230780
EVT558673,P010,S01,beverages,35,60,6,0,2026-06-08T15:52:01.230786
EVT592952,P015,S03,household,23,30,4,0,2026-06-08T15:52:01.230801
EVT472102,P008,S04,snacks,2,50,2,0,2026-06-08T15:52:01.230805
EVT790691,P003,S03,snacks,9,50,8,1,2026-06-08T15:52:01.230808
EVT698129,P019,S02,bakery,24,35,5,0,2026-06-08T15:52:01.230811
EVT206119,P014,S02,dairy,27,40,5,0,2026-06-08T15:52:01.230814
EVT264996,P016,S04,frozen,26,45,5,0,2026-06-08T15:52:01.230817
EVT328892,P009,S04,household,19,30,0,0,2026-06-08T15:52:01.230821
EVT646700,P016,S02,frozen,0,45,4,0,2026-06-08T15:52:01.230824
EVT818470,P014,S02,frozen,20,45,0,0,2026-06-08T15:52:01.230828
EVT917009,P002,S01,bakery,6,35,11,0,2026-06-08T15:52:01.230831
EVT435389,P005,S04,bakery,2,35,15,0,2026-06-08T15:52:01.230834
EVT255551,P005,S04,frozen,42,45,0,0,2026-06-08T15:52:01.230838
EVT918738,P009,S04,dairy,12,40,15,1,2026-06-08T15:52:01.230840
EVT798070,P012,S02,snacks,50,50,6,0,2026-06-08T15:52:01.230843
EVT465585,P019,S04,household,28,30,6,0,2026-06-08T15:52:01.230846
EVT723773,P015,S02,bakery,1,35,14,1,2026-06-08T15:52:01.230849
EVT984864,P014,S04,snacks,50,50,2,0,2026-06-08T15:52:01.230851
EVT881855,P001,S04,beverages,45,60,2,0,2026-06-08T15:52:01.230854
EVT179747,P019,S01,bakery,4,35,5,0,2026-06-08T15:52:01.230857
EVT477382,P012,S02,frozen,2,45,4,0,2026-06-08T15:52:01.230860
EVT361295,P010,S02,snacks,4,50,3,0,2026-06-08T15:52:01.230863
EVT203508,P001,S01,bakery,0,35,5,0,2026-06-08T15:52:01.230865
EVT328505,P016,S03,dairy,7,40,3,0,2026-06-08T15:52:01.230868
EVT205741,P015,S02,beverages,38,60,6,1,2026-06-08T15:52:01.230871
EVT387542,P004,S03,dairy,33,40,5,0,2026-06-08T15:52:01.230873
EVT662716,P015,S01,frozen,7,45,9,1,2026-06-08T15:52:01.230876
EVT460931,P001,S03,dairy,18,40,5,0,2026-06-08T15:52:01.230878
EVT163930,P004,S02,household,20,30,4,1,2026-06-08T15:52:01.230881
EVT238476,P019,S01,beverages,0,60,18,0,2026-06-08T15:52:01.230884
EVT904849,P001,S01,household,9,30,15,0,2026-06-08T15:52:01.230886
EVT441221,P015,S02,snacks,50,50,4,0,2026-06-08T15:52:01.230889
EVT204895,P001,S01,household,17,30,5,0,2026-06-08T15:52:01.230892
EVT637758,P002,S04,dairy,17,40,16,0,2026-06-08T15:52:01.230894
EVT735210,P008,S02,dairy,11,40,9,0,2026-06-08T15:52:01.230897
EVT805101,P002,S04,beverages,10,60,11,1,2026-06-08T15:52:01.230900
EVT842938,P004,S02,beverages,53,60,4,0,2026-06-08T15:52:01.230902
EVT362503,P008,S01,bakery,8,35,16,0,2026-06-08T15:52:01.230904
EVT764021,P015,S02,frozen,17,45,11,0,2026-06-08T15:52:01.230907
EVT346260,P008,S01,beverages,60,60,4,0,2026-06-08T15:52:01.230913
EVT217965,P011,S03,household,24,30,6,1,2026-06-08T15:52:01.230916
EVT330732,P013,S04,bakery,11,35,12,0,2026-06-08T15:52:01.230919
EVT827604,P008,S03,snacks,9,50,14,1,2026-06-08T15:52:01.230922
EVT156366,P014,S02,bakery,23,35,2,1,2026-06-08T15:52:01.230924
EVT856950,P001,S04,snacks,22,50,14,0,2026-06-08T15:52:01.230927
EVT483551,P007,S03,beverages,4,60,8,1,2026-06-08T15:52:01.230929
EVT919443,P010,S04,beverages,41,60,1,0,2026-06-08T15:52:01.230932
EVT758541,P018,S03,beverages,52,60,5,0,2026-06-08T15:52:01.230935
EVT986208,P016,S04,snacks,8,50,13,1,2026-06-08T15:52:01.230938
EVT807838,P017,S02,beverages,29,60,6,0,2026-06-08T15:52:01.230941
EVT878586,P020,S03,household,5,30,10,0,2026-06-08T15:52:01.230943
EVT886287,P015,S04,bakery,9,35,8,1,2026-06-08T15:52:01.230946
EVT156549,P011,S03,snacks,44,50,0,1,2026-06-08T15:52:01.230948
EVT782017,P002,S02,frozen,11,45,8,1,2026-06-08T15:52:01.230951
EVT608086,P013,S01,beverages,56,60,0,0,2026-06-08T15:52:01.230954
EVT940639,P011,S03,bakery,27,35,6,1,2026-06-08T15:52:01.230956
EVT722660,P011,S01,beverages,3,60,6,1,2026-06-08T15:52:01.230958
EVT538304,P001,S02,frozen,15,45,10,0,2026-06-08T15:52:01.230961
EVT622657,P018,S03,bakery,27,35,1,0,2026-06-08T15:52:01.230964
EVT419182,P017,S03,beverages,10,60,7,0,2026-06-08T15:52:01.230967
EVT379733,P015,S03,household,5,30,10,0,2026-06-08T15:52:01.230969
EVT754652,P002,S04,beverages,30,60,3,0,2026-06-08T15:52:01.230972
EVT978045,P009,S02,dairy,39,40,4,1,2026-06-08T15:52:01.230974
EVT132297,P018,S04,beverages,2,60,15,1,2026-06-08T15:52:01.230977
EVT323133,P020,S01,beverages,59,60,2,0,2026-06-08T15:52:01.230979
EVT494721,P007,S04,frozen,43,45,4,0,2026-06-08T15:52:01.230982
EVT898695,P017,S04,frozen,38,45,6,0,2026-06-08T15:52:01.230985
EVT771871,P002,S04,dairy,15,40,9,0,2026-06-08T15:52:01.230987
EVT481625,P013,S02,snacks,46,50,0,0,2026-06-08T15:52:01.230990
EVT998486,P008,S02,beverages,6,60,9,1,2026-06-08T15:52:01.230992
EVT740470,P008,S04,bakery,4,35,11,0,2026-06-08T15:52:01.230995
EVT202691,P018,S03,dairy,27,40,0,0,2026-06-08T15:52:01.230998
EVT183919,P001,S03,beverages,5,60,2,0,2026-06-08T15:52:01.231000
EVT426564,P005,S04,dairy,24,40,6,1,2026-06-08T15:52:01.231003
EVT440007,P004,S02,snacks,18,50,16,0,2026-06-08T15:52:01.231006
EVT868830,P008,S04,frozen,10,45,5,0,2026-06-08T15:52:01.231009
EVT363353,P006,S01,frozen,24,45,4,0,2026-06-08T15:52:01.231011
EVT736491,P017,S04,bakery,3,35,3,0,2026-06-08T15:52:01.231014
EVT732675,P003,S03,snacks,11,50,11,0,2026-06-08T15:52:01.231022
EVT940819,P001,S03,bakery,6,35,0,0,2026-06-08T15:52:01.231025
EVT288705,P006,S03,frozen,23,45,6,0,2026-06-08T15:52:01.231028
EVT722973,P011,S01,beverages,4,60,15,0,2026-06-08T15:52:01.231031
EVT201974,P002,S04,beverages,5,60,18,0,2026-06-08T15:52:01.231033
EVT413447,P004,S01,household,17,30,3,0,2026-06-08T15:52:01.231036
EVT788348,P019,S02,snacks,35,50,3,0,2026-06-08T15:52:01.231038
EVT840052,P008,S01,beverages,3,60,17,0,2026-06-08T15:52:01.231041
EVT816171,P017,S04,snacks,3,50,13,0,2026-06-08T15:52:01.231044
EVT331061,P005,S04,household,8,30,3,0,2026-06-08T15:52:01.231046
EVT398921,P001,S03,frozen,8,45,15,0,2026-06-08T15:52:01.231049
EVT561982,P012,S04,frozen,17,45,16,0,2026-06-08T15:52:01.231052
EVT938098,P010,S03,beverages,5,60,3,0,2026-06-08T15:52:01.231054
EVT858212,P020,S04,household,7,30,15,1,2026-06-08T15:52:01.231057
EVT637398,P011,S04,beverages,44,60,4,0,2026-06-08T15:52:01.231059
EVT872912,P005,S01,snacks,43,50,5,0,2026-06-08T15:52:01.231062
EVT681863,P013,S04,dairy,14,40,9,0,2026-06-08T15:52:01.231065
EVT712770,P016,S04,dairy,0,40,0,0,2026-06-08T15:52:01.231067
EVT264282,P013,S02,frozen,35,45,5,0,2026-06-08T15:52:01.231070
EVT706809,P013,S03,bakery,18,35,3,0,2026-06-08T15:52:01.231073
EVT770367,P008,S02,dairy,39,40,0,0,2026-06-08T15:52:01.231076
EVT931870,P007,S04,beverages,59,60,0,0,2026-06-08T15:52:01.231078
EVT801110,P017,S01,beverages,41,60,4,1,2026-06-08T15:52:01.231081
EVT256215,P018,S04,bakery,2,35,16,0,2026-06-08T15:52:01.231083
EVT579379,P015,S02,beverages,34,60,2,0,2026-06-08T15:52:01.231086
EVT810711,P014,S03,dairy,19,40,4,0,2026-06-08T15:52:01.231089
EVT240081,P001,S04,dairy,4,40,4,0,2026-06-08T15:52:01.231091
EVT501433,P020,S04,household,14,30,3,0,2026-06-08T15:52:01.231094
EVT165639,P020,S03,frozen,15,45,9,0,2026-06-08T15:52:01.231096
EVT947642,P004,S01,household,26,30,1,1,2026-06-08T15:52:01.231099
EVT561647,P001,S04,snacks,7,50,13,0,2026-06-08T15:52:01.231101
EVT351015,P006,S04,dairy,4,40,3,0,2026-06-08T15:52:01.231104
EVT272301,P018,S02,household,13,30,10,1,2026-06-08T15:52:01.231107
EVT821730,P011,S03,snacks,35,50,4,0,2026-06-08T15:52:01.231109
EVT832135,P014,S01,snacks,26,50,0,1,2026-06-08T15:52:01.231112
EVT963056,P017,S02,household,13,30,2,0,2026-06-08T15:52:01.231115
EVT972752,P004,S01,bakery,1,35,16,0,2026-06-08T15:52:01.231117
EVT247884,P012,S01,beverages,5,60,16,0,2026-06-08T15:52:01.231120
EVT743756,P014,S03,household,25,30,1,1,2026-06-08T15:52:01.231122
EVT624033,P005,S03,snacks,19,50,11,0,2026-06-08T15:52:01.231128
EVT100129,P012,S04,bakery,10,35,3,0,2026-06-08T15:52:01.231130
EVT337979,P001,S04,snacks,37,50,3,0,2026-06-08T15:52:01.231133
EVT141377,P010,S04,beverages,3,60,10,0,2026-06-08T15:52:01.231136
EVT748410,P004,S02,dairy,30,40,5,0,2026-06-08T15:52:01.231138
EVT923922,P012,S04,dairy,9,40,1,0,2026-06-08T15:52:01.231141
EVT297643,P002,S03,frozen,36,45,5,0,2026-06-08T15:52:01.231143
EVT904544,P019,S01,snacks,40,50,0,0,2026-06-08T15:52:01.231146
EVT743609,P008,S04,household,10,30,10,0,2026-06-08T15:52:01.231153
EVT561410,P001,S04,dairy,2,40,10,0,2026-06-08T15:52:01.231156
EVT656810,P002,S01,beverages,44,60,2,1,2026-06-08T15:52:01.231159
EVT942841,P014,S01,household,30,30,6,0,2026-06-08T15:52:01.231161
EVT821069,P003,S03,bakery,8,35,4,0,2026-06-08T15:52:01.231164
EVT642523,P013,S03,dairy,22,40,6,0,2026-06-08T15:52:01.231166
EVT833561,P015,S03,bakery,1,35,0,0,2026-06-08T15:52:01.231169
EVT214812,P002,S02,bakery,18,35,2,0,2026-06-08T15:52:01.231172
EVT689400,P014,S04,snacks,42,50,1,0,2026-06-08T15:52:01.231174
EVT936521,P019,S03,beverages,44,60,6,1,2026-06-08T15:52:01.231177
EVT998252,P010,S04,dairy,33,40,4,0,2026-06-08T15:52:01.231179
EVT457263,P003,S04,snacks,49,50,4,1,2026-06-08T15:52:01.231184
EVT364835,P008,S03,dairy,9,40,11,0,2026-06-08T15:52:01.231187
EVT694885,P011,S03,household,3,30,16,0,2026-06-08T15:52:01.231190
EVT869044,P008,S04,household,16,30,4,0,2026-06-08T15:52:01.231192
EVT893207,P002,S02,snacks,2,50,18,0,2026-06-08T15:52:01.231195
EVT610637,P010,S02,frozen,3,45,16,0,2026-06-08T15:52:01.231198
EVT204952,P019,S03,beverages,23,60,16,0,2026-06-08T15:52:01.231200
EVT293253,P003,S02,beverages,28,60,1,1,2026-06-08T15:52:01.231203
EVT581055,P020,S01,dairy,9,40,1,0,2026-06-08T15:52:01.231206
EVT476686,P006,S01,bakery,8,35,2,0,2026-06-08T15:52:01.231209
EVT728807,P020,S04,dairy,15,40,11,0,2026-06-08T15:52:01.231211
EVT117867,P019,S04,frozen,8,45,12,0,2026-06-08T15:52:01.231214
EVT812283,P012,S01,beverages,18,60,9,0,2026-06-08T15:52:01.231216
EVT121112,P010,S04,frozen,33,45,0,0,2026-06-08T15:52:01.231219
EVT264015,P017,S03,bakery,15,35,14,0,2026-06-08T15:52:01.231221
EVT733764,P009,S02,dairy,5,40,6,1,2026-06-08T15:52:01.231224
EVT838066,P005,S04,beverages,2,60,13,0,2026-06-08T15:52:01.231226
EVT535313,P006,S03,beverages,44,60,6,0,2026-06-08T15:52:01.231229
EVT245119,P020,S02,bakery,14,35,12,0,2026-06-08T15:52:01.231231
EVT629550,P017,S03,beverages,4,60,15,0,2026-06-08T15:52:01.231234
EVT290494,P015,S02,frozen,15,45,12,0,2026-06-08T15:52:01.231239
EVT515074,P018,S03,snacks,1,50,6,1,2026-06-08T15:52:01.231242
EVT254535,P013,S04,bakery,5,35,2,0,2026-06-08T15:52:01.231244
EVT794855,P016,S03,household,13,30,14,0,2026-06-08T15:52:01.231246
EVT831316,P008,S01,snacks,21,50,10,0,2026-06-08T15:52:01.231249
EVT924420,P011,S02,snacks,20,50,14,0,2026-06-08T15:52:01.231251
EVT944181,P006,S03,snacks,4,50,7,1,2026-06-08T15:52:01.231254
EVT497673,P017,S04,snacks,28,50,6,0,2026-06-08T15:52:01.231256
EVT185701,P017,S04,dairy,8,40,16,0,2026-06-08T15:52:01.231258
EVT752477,P006,S01,dairy,18,40,10,0,2026-06-08T15:52:01.231261
EVT299017,P012,S02,dairy,5,40,0,0,2026-06-08T15:52:01.231263
EVT247855,P007,S01,frozen,12,45,12,0,2026-06-08T15:52:01.231266
EVT807825,P007,S01,bakery,4,35,1,0,2026-06-08T15:52:01.231268
EVT969379,P010,S01,snacks,40,50,3,1,2026-06-08T15:52:01.231270
EVT478354,P011,S04,beverages,56,60,3,0,2026-06-08T15:52:01.231273
EVT400600,P020,S01,bakery,8,35,11,1,2026-06-08T15:52:01.231275
EVT382270,P001,S04,frozen,45,45,2,0,2026-06-08T15:52:01.231277
EVT762867,P017,S03,dairy,8,40,17,0,2026-06-08T15:52:01.231280
EVT860785,P012,S01,frozen,2,45,10,0,2026-06-08T15:52:01.231282
EVT371868,P001,S03,bakery,16,35,10,0,2026-06-08T15:52:01.231285
EVT570339,P004,S04,bakery,14,35,9,0,2026-06-08T15:52:01.231288
EVT211812,P016,S04,bakery,22,35,1,0,2026-06-08T15:52:01.231291
EVT399834,P008,S02,frozen,27,45,4,0,2026-06-08T15:52:01.231293
EVT270847,P013,S01,dairy,0,40,0,0,2026-06-08T15:52:01.231296
EVT991377,P009,S02,dairy,9,40,4,0,2026-06-08T15:52:01.231298
EVT451816,P015,S04,frozen,11,45,9,0,2026-06-08T15:52:01.231300
EVT418697,P001,S04,beverages,44,60,6,0,2026-06-08T15:52:01.231303
EVT673192,P012,S03,bakery,19,35,3,0,2026-06-08T15:52:01.231305
EVT327022,P005,S01,snacks,29,50,0,0,2026-06-08T15:52:01.231307
EVT507894,P006,S04,beverages,13,60,9,0,2026-06-08T15:52:01.231310
EVT551115,P001,S03,dairy,21,40,1,0,2026-06-08T15:52:01.231312
EVT167436,P014,S02,dairy,23,40,5,0,2026-06-08T15:52:01.231315
EVT844859,P008,S03,beverages,1,60,18,0,2026-06-08T15:52:01.231317
EVT972174,P018,S03,frozen,4,45,17,0,2026-06-08T15:52:01.231319
EVT522869,P001,S03,beverages,20,60,8,0,2026-06-08T15:52:01.231322
EVT220094,P017,S03,beverages,36,60,5,0,2026-06-08T15:52:01.231324
EVT183939,P008,S02,bakery,2,35,11,1,2026-06-08T15:52:01.231326
EVT617814,P010,S02,beverages,31,60,2,0,2026-06-08T15:52:01.231329
EVT322101,P013,S03,snacks,45,50,3,0,2026-06-08T15:52:01.231331
EVT423729,P001,S02,frozen,7,45,11,0,2026-06-08T15:52:01.231338
EVT815108,P011,S04,beverages,0,60,10,0,2026-06-08T15:52:01.231341
EVT768379,P016,S03,household,15,30,5,0,2026-06-08T15:52:01.231343
EVT160043,P014,S01,snacks,34,50,0,0,2026-06-08T15:52:01.231345
EVT938158,P001,S04,beverages,35,60,5,0,2026-06-08T15:52:01.231348
EVT926795,P002,S03,bakery,34,35,4,0,2026-06-08T15:52:01.231350
EVT823267,P012,S01,dairy,8,40,17,0,2026-06-08T15:52:01.231352
EVT411409,P005,S03,dairy,0,40,8,1,2026-06-08T15:52:01.231355
EVT836744,P016,S01,beverages,33,60,0,1,2026-06-08T15:52:01.231357
EVT901869,P018,S04,beverages,9,60,5,0,2026-06-08T15:52:01.231359
EVT780607,P014,S02,beverages,55,60,1,0,2026-06-08T15:52:01.231362
EVT973871,P010,S04,frozen,11,45,13,0,2026-06-08T15:52:01.231364
EVT509380,P001,S04,frozen,4,45,14,0,2026-06-08T15:52:01.231367
EVT762162,P017,S02,snacks,16,50,12,0,2026-06-08T15:52:01.231370
EVT723360,P012,S03,snacks,10,50,5,0,2026-06-08T15:52:01.231372
EVT777660,P006,S02,frozen,2,45,15,1,2026-06-08T15:52:01.231374
EVT184229,P015,S04,dairy,12,40,9,0,2026-06-08T15:52:01.231377
EVT260185,P017,S04,bakery,35,35,4,0,2026-06-08T15:52:01.231379
EVT801898,P014,S04,beverages,3,60,17,0,2026-06-08T15:52:01.231382
EVT964759,P010,S03,household,3,30,10,0,2026-06-08T15:52:01.231384
EVT747113,P016,S04,household,15,30,5,0,2026-06-08T15:52:01.231387
EVT581696,P007,S03,dairy,25,40,6,0,2026-06-08T15:52:01.231389
EVT619342,P020,S03,beverages,2,60,13,0,2026-06-08T15:52:01.231391
EVT276425,P004,S02,snacks,31,50,6,0,2026-06-08T15:52:01.231394
EVT737494,P006,S01,frozen,21,45,1,0,2026-06-08T15:52:01.231396
EVT623812,P018,S04,bakery,27,35,1,0,2026-06-08T15:52:01.231398
EVT704460,P017,S01,household,11,30,16,0,2026-06-08T15:52:01.231401
EVT864244,P011,S01,beverages,28,60,3,0,2026-06-08T15:52:01.231403
EVT100312,P007,S04,frozen,9,45,4,0,2026-06-08T15:52:01.231406
EVT671819,P011,S03,bakery,12,35,9,0,2026-06-08T15:52:01.231408
EVT283389,P005,S02,dairy,18,40,13,0,2026-06-08T15:52:01.231411
EVT554101,P007,S02,household,6,30,10,1,2026-06-08T15:52:01.231414
EVT438050,P003,S04,frozen,17,45,7,0,2026-06-08T15:52:01.231416
EVT845629,P020,S04,frozen,8,45,2,0,2026-06-08T15:52:01.231418
EVT688473,P012,S02,frozen,8,45,12,0,2026-06-08T15:52:01.231421
EVT713619,P010,S03,frozen,12,45,13,0,2026-06-08T15:52:01.231423
EVT784289,P004,S03,bakery,32,35,5,0,2026-06-08T15:52:01.231426
EVT636034,P013,S02,household,10,30,10,1,2026-06-08T15:52:01.231428
EVT308465,P018,S03,snacks,4,50,8,1,2026-06-08T15:52:01.231430
EVT518231,P010,S02,dairy,6,40,18,0,2026-06-08T15:52:01.231435
EVT389057,P002,S02,dairy,34,40,0,1,2026-06-08T15:52:01.231438
EVT299437,P013,S02,snacks,43,50,5,0,2026-06-08T15:52:01.231440
EVT152835,P004,S04,snacks,6,50,12,0,2026-06-08T15:52:01.231442
EVT166379,P019,S02,frozen,41,45,5,0,2026-06-08T15:52:01.231445
EVT336853,P011,S01,snacks,11,50,11,0,2026-06-08T15:52:01.231448
EVT174052,P003,S04,household,29,30,5,0,2026-06-08T15:52:01.231450
EVT306091,P013,S03,snacks,30,50,2,0,2026-06-08T15:52:01.231453
EVT271880,P019,S02,household,25,30,0,0,2026-06-08T15:52:01.231455
EVT311899,P014,S02,household,23,30,0,0,2026-06-08T15:52:01.231457
EVT969922,P017,S03,frozen,4,45,10,0,2026-06-08T15:52:01.231459
EVT948111,P013,S01,beverages,30,60,5,0,2026-06-08T15:52:01.231462
EVT959500,P010,S02,household,4,30,13,0,2026-06-08T15:52:01.231464
EVT299614,P005,S01,dairy,38,40,2,0,2026-06-08T15:52:01.231467
EVT936689,P009,S04,household,13,30,6,0,2026-06-08T15:52:01.231469
EVT874906,P017,S02,bakery,4,35,4,0,2026-06-08T15:52:01.231471
EVT374959,P019,S02,dairy,4,40,10,0,2026-06-08T15:52:01.231474
EVT922414,P018,S03,dairy,9,40,15,0,2026-06-08T15:52:01.231476
EVT464017,P020,S02,beverages,41,60,5,0,2026-06-08T15:52:01.231479
EVT148612,P020,S04,bakery,12,35,11,1,2026-06-08T15:52:01.231482
EVT564262,P007,S03,dairy,33,40,3,0,2026-06-08T15:52:01.231484
EVT299564,P012,S02,bakery,1,35,18,0,2026-06-08T15:52:01.231486
EVT598995,P002,S01,beverages,10,60,5,0,2026-06-08T15:52:01.231488
EVT629952,P005,S01,bakery,9,35,14,1,2026-06-08T15:52:01.231491
EVT434215,P007,S01,household,25,30,1,0,2026-06-08T15:52:01.231493
EVT207583,P014,S01,dairy,19,40,0,0,2026-06-08T15:52:01.231495
EVT562958,P009,S04,frozen,25,45,5,0,2026-06-08T15:52:01.231498
EVT899846,P005,S02,snacks,45,50,0,0,2026-06-08T15:52:01.231500
EVT237423,P005,S04,household,20,30,6,0,2026-06-08T15:52:01.231502
EVT402872,P013,S02,dairy,37,40,3,1,2026-06-08T15:52:01.231505
EVT301286,P014,S01,snacks,5,50,13,0,2026-06-08T15:52:01.231507
EVT200209,P005,S03,snacks,0,50,14,0,2026-06-08T15:52:01.231509
EVT420084,P014,S02,bakery,20,35,1,0,2026-06-08T15:52:01.231511
EVT471589,P013,S04,frozen,17,45,13,0,2026-06-08T15:52:01.231514
EVT290621,P001,S02,beverages,11,60,9,1,2026-06-08T15:52:01.231516
EVT930013,P004,S01,snacks,23,50,0,0,2026-06-08T15:52:01.231518
EVT667624,P012,S03,beverages,51,60,1,0,2026-06-08T15:52:01.231521
EVT152026,P012,S04,household,12,30,16,0,2026-06-08T15:52:01.231524
EVT237952,P001,S02,frozen,21,45,1,0,2026-06-08T15:52:01.231526
EVT341736,P003,S03,bakery,15,35,3,0,2026-06-08T15:52:01.231532
EVT153028,P015,S01,frozen,1,45,10,0,2026-06-08T15:52:01.231535
EVT367736,P015,S04,beverages,44,60,6,0,2026-06-08T15:52:01.231537
EVT151997,P020,S01,snacks,7,50,18,0,2026-06-08T15:52:01.231541
EVT691860,P012,S01,snacks,28,50,2,0,2026-06-08T15:52:01.231544
EVT106335,P019,S01,bakery,7,35,17,0,2026-06-08T15:52:01.231546
EVT888032,P019,S04,frozen,29,45,1,0,2026-06-08T15:52:01.231549
EVT974605,P005,S04,frozen,30,45,0,0,2026-06-08T15:52:01.231551
EVT755486,P001,S04,bakery,15,35,9,0,2026-06-08T15:52:01.231554
EVT716001,P012,S01,dairy,18,40,11,0,2026-06-08T15:52:01.231556
EVT390666,P004,S01,dairy,26,40,2,0,2026-06-08T15:52:01.231558
EVT795098,P008,S04,dairy,36,40,4,0,2026-06-08T15:52:01.231561
EVT205347,P017,S04,snacks,15,50,9,0,2026-06-08T15:52:01.231563
EVT591240,P012,S01,dairy,7,40,5,0,2026-06-08T15:52:01.231566
EVT175993,P013,S02,snacks,14,50,6,1,2026-06-08T15:52:01.231568
EVT646044,P018,S01,bakery,29,35,0,0,2026-06-08T15:52:01.231570
EVT542912,P020,S03,bakery,10,35,3,0,2026-06-08T15:52:01.231573
EVT834653,P004,S04,bakery,29,35,3,0,2026-06-08T15:52:01.231575
EVT265181,P008,S03,frozen,14,45,13,0,2026-06-08T15:52:01.231578
EVT935986,P017,S02,bakery,9,35,7,1,2026-06-08T15:52:01.231580
EVT926918,P017,S02,dairy,8,40,7,0,2026-06-08T15:52:01.231583
EVT196489,P007,S04,snacks,43,50,2,0,2026-06-08T15:52:01.231585
EVT490054,P020,S01,snacks,2,50,2,0,2026-06-08T15:52:01.231588
EVT101927,P020,S03,household,1,30,4,0,2026-06-08T15:52:01.231590
EVT152653,P001,S02,snacks,9,50,4,0,2026-06-08T15:52:01.231592
EVT283581,P008,S02,frozen,0,45,15,0,2026-06-08T15:52:01.231595
EVT665319,P008,S03,bakery,31,35,5,0,2026-06-08T15:52:01.231597
EVT463391,P002,S04,bakery,6,35,2,0,2026-06-08T15:52:01.231599
EVT580098,P010,S01,frozen,20,45,13,0,2026-06-08T15:52:01.231602
EVT355032,P019,S04,frozen,23,45,3,0,2026-06-08T15:52:01.231605
EVT133901,P011,S02,snacks,3,50,16,0,2026-06-08T15:52:01.231607
EVT490086,P016,S01,snacks,28,50,5,0,2026-06-08T15:52:01.231610
EVT515735,P015,S04,household,5,30,10,0,2026-06-08T15:52:01.231612
EVT897122,P011,S04,household,14,30,3,0,2026-06-08T15:52:01.231615
EVT302015,P005,S01,snacks,44,50,1,0,2026-06-08T15:52:01.231617
EVT393431,P003,S02,household,16,30,1,0,2026-06-08T15:52:01.231619
EVT219488,P016,S04,beverages,48,60,0,0,2026-06-08T15:52:01.231622
EVT246744,P018,S01,household,2,30,18,0,2026-06-08T15:52:01.231624
EVT246047,P019,S01,snacks,42,50,3,0,2026-06-08T15:52:01.231626
EVT207588,P008,S01,beverages,19,60,9,0,2026-06-08T15:52:01.231632
EVT646024,P011,S01,beverages,31,60,1,0,2026-06-08T15:52:01.231634
EVT997888,P016,S02,snacks,32,50,1,0,2026-06-08T15:52:01.231637
EVT282793,P018,S03,snacks,36,50,0,0,2026-06-08T15:52:01.231639
EVT269848,P017,S01,dairy,2,40,13,0,2026-06-08T15:52:01.231642
EVT788771,P009,S01,bakery,32,35,2,0,2026-06-08T15:52:01.231644
EVT471951,P006,S02,dairy,0,40,5,0,2026-06-08T15:52:01.231646
EVT457644,P009,S04,beverages,32,60,4,0,2026-06-08T15:52:01.231649
EVT496417,P005,S04,frozen,18,45,11,0,2026-06-08T15:52:01.231651
EVT798699,P017,S02,frozen,13,45,11,0,2026-06-08T15:52:01.231654
EVT260038,P006,S01,bakery,2,35,9,1,2026-06-08T15:52:01.231656
EVT960789,P011,S02,dairy,9,40,11,0,2026-06-08T15:52:01.231658
EVT593347,P009,S03,frozen,43,45,2,0,2026-06-08T15:52:01.231661
EVT113311,P020,S02,beverages,48,60,2,0,2026-06-08T15:52:01.231663
EVT554936,P005,S02,snacks,26,50,1,0,2026-06-08T15:52:01.231665
EVT924590,P001,S04,household,0,30,1,0,2026-06-08T15:52:01.231668
EVT110901,P002,S04,snacks,36,50,2,1,2026-06-08T15:52:01.231670
EVT447524,P004,S04,snacks,12,50,10,0,2026-06-08T15:52:01.231673
EVT188992,P014,S04,snacks,4,50,6,1,2026-06-08T15:52:01.231676
EVT146759,P006,S04,frozen,9,45,16,0,2026-06-08T15:52:01.231678
EVT826962,P016,S02,household,13,30,10,0,2026-06-08T15:52:01.231681
EVT510741,P019,S01,snacks,3,50,16,0,2026-06-08T15:52:01.231684
EVT861093,P005,S02,bakery,22,35,4,0,2026-06-08T15:52:01.231686
EVT481314,P010,S02,bakery,10,35,13,0,2026-06-08T15:52:01.231689
EVT568470,P008,S01,bakery,27,35,3,0,2026-06-08T15:52:01.231691
EVT780417,P002,S04,snacks,38,50,3,0,2026-06-08T15:52:01.231694
EVT462749,P019,S02,snacks,1,50,16,0,2026-06-08T15:52:01.231696
EVT562192,P016,S01,beverages,1,60,14,0,2026-06-08T15:52:01.231698
EVT348061,P013,S03,household,29,30,3,0,2026-06-08T15:52:01.231700
EVT741538,P020,S03,dairy,28,40,6,0,2026-06-08T15:52:01.231703
EVT291876,P015,S03,beverages,44,60,1,0,2026-06-08T15:52:01.231705
EVT868638,P016,S02,frozen,12,45,13,0,2026-06-08T15:52:01.231708
EVT345336,P003,S03,household,30,30,3,0,2026-06-08T15:52:01.231710
EVT423411,P010,S04,dairy,1,40,3,0,2026-06-08T15:52:01.231713
EVT365464,P009,S03,dairy,17,40,8,0,2026-06-08T15:52:01.231715
EVT103386,P015,S04,snacks,34,50,0,0,2026-06-08T15:52:01.231718
EVT155223,P008,S04,snacks,24,50,2,0,2026-06-08T15:52:01.231720
EVT221850,P017,S03,dairy,9,40,8,0,2026-06-08T15:52:01.231722
EVT983525,P003,S04,frozen,10,45,12,0,2026-06-08T15:52:01.231725
EVT295163,P001,S04,snacks,31,50,0,1,2026-06-08T15:52:01.231730
EVT442719,P003,S04,frozen,27,45,5,0,2026-06-08T15:52:01.231733
EVT403104,P010,S04,dairy,30,40,2,0,2026-06-08T15:52:01.231735
EVT142912,P006,S03,dairy,5,40,3,0,2026-06-08T15:52:01.231737
EVT859680,P020,S01,snacks,8,50,14,0,2026-06-08T15:52:01.231740
EVT972412,P018,S01,beverages,45,60,2,0,2026-06-08T15:52:01.231742
EVT556167,P012,S02,snacks,42,50,3,0,2026-06-08T15:52:01.231744
EVT421898,P007,S01,dairy,8,40,14,0,2026-06-08T15:52:01.231747
EVT933231,P013,S01,snacks,33,50,1,0,2026-06-08T15:52:01.231749
EVT523179,P001,S03,household,27,30,0,0,2026-06-08T15:52:01.231751
EVT494649,P017,S01,frozen,14,45,8,0,2026-06-08T15:52:01.231754
EVT150825,P008,S03,frozen,36,45,3,0,2026-06-08T15:52:01.231756
EVT433274,P008,S01,frozen,3,45,13,0,2026-06-08T15:52:01.231758
EVT329473,P013,S04,beverages,56,60,5,0,2026-06-08T15:52:01.231761
EVT922300,P008,S02,dairy,40,40,0,0,2026-06-08T15:52:01.231763
EVT835482,P015,S01,household,24,30,1,0,2026-06-08T15:52:01.231766
EVT163350,P002,S02,household,13,30,10,0,2026-06-08T15:52:01.231769
EVT892223,P012,S01,dairy,9,40,5,0,2026-06-08T15:52:01.231771
EVT973004,P017,S02,dairy,9,40,11,0,2026-06-08T15:52:01.231774
EVT254002,P002,S03,bakery,6,35,10,1,2026-06-08T15:52:01.231776
EVT694065,P004,S04,frozen,34,45,3,0,2026-06-08T15:52:01.231779
EVT488056,P014,S01,beverages,4,60,18,0,2026-06-08T15:52:01.231781
EVT689613,P003,S04,frozen,3,45,3,0,2026-06-08T15:52:01.231783
EVT925170,P001,S01,beverages,8,60,2,0,2026-06-08T15:52:01.231786
EVT368017,P001,S03,frozen,40,45,1,0,2026-06-08T15:52:01.231809
EVT857004,P010,S01,bakery,16,35,11,0,2026-06-08T15:52:01.231813
EVT416205,P002,S04,household,1,30,10,0,2026-06-08T15:52:01.231815
EVT348986,P014,S02,dairy,2,40,7,1,2026-06-08T15:52:01.231818
EVT562781,P014,S02,snacks,5,50,6,1,2026-06-08T15:52:01.231821
EVT487589,P008,S02,beverages,41,60,0,0,2026-06-08T15:52:01.231823
EVT871062,P003,S02,frozen,9,45,3,0,2026-06-08T15:52:01.231826
EVT250507,P008,S01,household,13,30,7,0,2026-06-08T15:52:01.231828
EVT745184,P007,S01,beverages,22,60,15,0,2026-06-08T15:52:01.231831
EVT644666,P007,S01,beverages,0,60,2,0,2026-06-08T15:52:01.231834
EVT858845,P006,S02,dairy,34,40,1,0,2026-06-08T15:52:01.231836
EVT278888,P003,S01,frozen,25,45,2,0,2026-06-08T15:52:01.231839
EVT420627,P015,S04,snacks,45,50,4,0,2026-06-08T15:52:01.231841
EVT286358,P020,S04,frozen,31,45,3,0,2026-06-08T15:52:01.231844
EVT612598,P018,S04,bakery,32,35,3,0,2026-06-08T15:52:01.231846
EVT328694,P006,S03,snacks,43,50,3,0,2026-06-08T15:52:01.231854
EVT183924,P002,S02,beverages,8,60,2,0,2026-06-08T15:52:01.231856
EVT752821,P002,S04,snacks,8,50,9,0,2026-06-08T15:52:01.231859
EVT352880,P007,S02,beverages,27,60,0,0,2026-06-08T15:52:01.231862
EVT819470,P012,S01,bakery,7,35,0,0,2026-06-08T15:52:01.231864
EVT420137,P017,S03,household,0,30,13,0,2026-06-08T15:52:01.231867
EVT297912,P013,S01,frozen,43,45,5,0,2026-06-08T15:52:01.231869
EVT949718,P009,S04,snacks,43,50,5,0,2026-06-08T15:52:01.231872
EVT151569,P006,S03,beverages,2,60,1,0,2026-06-08T15:52:01.231874
EVT965910,P006,S02,bakery,8,35,9,0,2026-06-08T15:52:01.231878
EVT771908,P017,S04,dairy,29,40,6,0,2026-06-08T15:52:01.231880
EVT917985,P020,S02,bakery,23,35,3,0,2026-06-08T15:52:01.231882
EVT174654,P003,S04,beverages,3,60,12,1,2026-06-08T15:52:01.231885
EVT148334,P012,S03,snacks,2,50,11,0,2026-06-08T15:52:01.231888
EVT900207,P020,S02,snacks,26,50,5,0,2026-06-08T15:52:01.231890
EVT822098,P013,S01,dairy,7,40,14,0,2026-06-08T15:52:01.231893
EVT316262,P017,S04,beverages,0,60,1,0,2026-06-08T15:52:01.231895
EVT799415,P018,S01,frozen,5,45,17,0,2026-06-08T15:52:01.231898
EVT767095,P008,S04,snacks,40,50,4,0,2026-06-08T15:52:01.231900
EVT471269,P008,S03,snacks,34,50,0,0,2026-06-08T15:52:01.231903
EVT877441,P001,S04,household,17,30,1,0,2026-06-08T15:52:01.231906
EVT289815,P008,S03,household,25,30,5,0,2026-06-08T15:52:01.231908
EVT280407,P019,S03,beverages,0,60,0,0,2026-06-08T15:52:01.231911
EVT569854,P012,S02,bakery,31,35,3,0,2026-06-08T15:52:01.231913
EVT751733,P007,S01,household,11,30,14,0,2026-06-08T15:52:01.231916
EVT289753,P018,S04,beverages,35,60,1,0,2026-06-08T15:52:01.231918
EVT737686,P018,S01,frozen,1,45,14,1,2026-06-08T15:52:01.231921
EVT194306,P020,S04,bakery,20,35,6,0,2026-06-08T15:52:01.231923
EVT484678,P002,S04,dairy,18,40,4,0,2026-06-08T15:52:01.231926
EVT377125,P009,S01,snacks,19,50,13,0,2026-06-08T15:52:01.231929
EVT387463,P005,S02,dairy,0,40,9,1,2026-06-08T15:52:01.231931
EVT824335,P011,S03,bakery,15,35,15,0,2026-06-08T15:52:01.231934
EVT930591,P016,S01,snacks,25,50,0,0,2026-06-08T15:52:01.231936
EVT684349,P003,S02,household,11,30,11,0,2026-06-08T15:52:01.231939
EVT945275,P015,S01,beverages,36,60,5,0,2026-06-08T15:52:01.231941
EVT116123,P005,S01,snacks,2,50,12,0,2026-06-08T15:52:01.231944
EVT128673,P019,S02,snacks,9,50,14,1,2026-06-08T15:52:01.231946
EVT533332,P001,S03,snacks,14,50,6,0,2026-06-08T15:52:01.231948
EVT234763,P017,S02,snacks,2,50,14,0,2026-06-08T15:52:01.231951
EVT356739,P006,S03,beverages,40,60,6,0,2026-06-08T15:52:01.231954
EVT743006,P014,S01,snacks,30,50,4,0,2026-06-08T15:52:01.231959
EVT275332,P018,S02,bakery,7,35,1,0,2026-06-08T15:52:01.231962
EVT196877,P014,S04,bakery,9,35,5,0,2026-06-08T15:52:01.231965
EVT363453,P009,S02,household,5,30,11,0,2026-06-08T15:52:01.231967
EVT436722,P004,S02,bakery,12,35,10,1,2026-06-08T15:52:01.231970
EVT285114,P016,S03,frozen,6,45,14,1,2026-06-08T15:52:01.231972
EVT867390,P001,S01,frozen,6,45,1,0,2026-06-08T15:52:01.231975
EVT114030,P020,S03,frozen,1,45,12,0,2026-06-08T15:52:01.231977
EVT883579,P020,S01,household,2,30,3,0,2026-06-08T15:52:01.231980
EVT504001,P015,S02,household,5,30,5,0,2026-06-08T15:52:01.231982
EVT588905,P014,S02,snacks,10,50,16,0,2026-06-08T15:52:01.231985
EVT970758,P002,S01,household,22,30,6,1,2026-06-08T15:52:01.231987
EVT670711,P004,S03,snacks,10,50,5,0,2026-06-08T15:52:01.231990
EVT687429,P006,S03,snacks,11,50,11,0,2026-06-08T15:52:01.231992
EVT335587,P004,S01,dairy,16,40,14,0,2026-06-08T15:52:01.231995
EVT186867,P006,S01,dairy,32,40,3,1,2026-06-08T15:52:01.231998
EVT232393,P013,S03,bakery,0,35,10,1,2026-06-08T15:52:01.232000
EVT569000,P012,S04,bakery,4,35,3,0,2026-06-08T15:52:01.232003
EVT931223,P011,S04,frozen,44,45,2,0,2026-06-08T15:52:01.232006
EVT232436,P013,S01,bakery,31,35,0,0,2026-06-08T15:52:01.232008
EVT711253,P012,S04,bakery,33,35,0,0,2026-06-08T15:52:01.232011
EVT470972,P011,S04,frozen,10,45,15,1,2026-06-08T15:52:01.232013
EVT840747,P001,S01,household,17,30,6,0,2026-06-08T15:52:01.232016
EVT305616,P017,S03,snacks,41,50,3,0,2026-06-08T15:52:01.232018
EVT897906,P014,S03,frozen,43,45,2,0,2026-06-08T15:52:01.232021
EVT385123,P008,S02,snacks,1,50,14,1,2026-06-08T15:52:01.232023
EVT563675,P017,S02,household,1,30,10,0,2026-06-08T15:52:01.232026
EVT937656,P006,S02,frozen,18,45,11,0,2026-06-08T15:52:01.232029
EVT248064,P016,S02,frozen,13,45,13,0,2026-06-08T15:52:01.232031
EVT849133,P009,S02,dairy,7,40,17,0,2026-06-08T15:52:01.232034
EVT249531,P008,S01,household,5,30,12,0,2026-06-08T15:52:01.232036
EVT453988,P014,S03,snacks,44,50,0,0,2026-06-08T15:52:01.232039
EVT267949,P007,S03,beverages,32,60,5,0,2026-06-08T15:52:01.232042
EVT897132,P017,S03,beverages,34,60,6,0,2026-06-08T15:52:01.232044
EVT509623,P015,S04,bakery,1,35,12,1,2026-06-08T15:52:01.232047
EVT121162,P005,S02,dairy,11,40,15,0,2026-06-08T15:52:01.232050
EVT444036,P013,S03,household,13,30,16,0,2026-06-08T15:52:01.232052
EVT374800,P003,S04,frozen,6,45,10,0,2026-06-08T15:52:01.232055
EVT815534,P010,S02,household,8,30,14,1,2026-06-08T15:52:01.232061
EVT497437,P010,S04,dairy,12,40,9,0,2026-06-08T15:52:01.232064
EVT561862,P019,S04,frozen,20,45,6,0,2026-06-08T15:52:01.232066
EVT554019,P005,S04,beverages,60,60,1,0,2026-06-08T15:52:01.232069
EVT262709,P007,S02,snacks,4,50,2,0,2026-06-08T15:52:01.232072
EVT624221,P011,S04,beverages,32,60,6,0,2026-06-08T15:52:01.232074
EVT621199,P010,S03,bakery,15,35,10,0,2026-06-08T15:52:01.232077
EVT246574,P007,S04,snacks,8,50,11,0,2026-06-08T15:52:01.232079
EVT134975,P004,S04,bakery,27,35,6,0,2026-06-08T15:52:01.232082
EVT748463,P002,S02,dairy,25,40,3,0,2026-06-08T15:52:01.232084
EVT441767,P010,S02,frozen,2,45,0,0,2026-06-08T15:52:01.232087
EVT209287,P018,S02,dairy,0,40,4,0,2026-06-08T15:52:01.232089
EVT754166,P012,S03,frozen,37,45,1,0,2026-06-08T15:52:01.232092
EVT279063,P014,S04,bakery,30,35,6,0,2026-06-08T15:52:01.232095
EVT476881,P017,S02,dairy,5,40,1,0,2026-06-08T15:52:01.232097
EVT404516,P015,S03,frozen,30,45,3,0,2026-06-08T15:52:01.232099
EVT498152,P015,S02,snacks,29,50,4,0,2026-06-08T15:52:01.232102
EVT836476,P018,S01,beverages,2,60,4,0,2026-06-08T15:52:01.232104
EVT144117,P001,S01,dairy,21,40,3,0,2026-06-08T15:52:01.232107
EVT867060,P009,S04,bakery,11,35,11,0,2026-06-08T15:52:01.232111
EVT339843,P008,S04,frozen,7,45,16,0,2026-06-08T15:52:01.232113
EVT701709,P007,S02,beverages,52,60,5,0,2026-06-08T15:52:01.232116
EVT770451,P016,S03,beverages,46,60,1,0,2026-06-08T15:52:01.232118
EVT230446,P001,S02,beverages,55,60,6,0,2026-06-08T15:52:01.232121
EVT380837,P005,S02,dairy,25,40,5,0,2026-06-08T15:52:01.232123
EVT472747,P006,S02,bakery,26,35,0,0,2026-06-08T15:52:01.232126
EVT558572,P001,S01,beverages,42,60,4,1,2026-06-08T15:52:01.232128
EVT412031,P014,S01,bakery,2,35,12,0,2026-06-08T15:52:01.232131
EVT511362,P020,S02,dairy,35,40,1,0,2026-06-08T15:52:01.232133
EVT616878,P019,S03,beverages,32,60,4,0,2026-06-08T15:52:01.232136
EVT305653,P004,S01,household,25,30,6,0,2026-06-08T15:52:01.232138
EVT435702,P012,S01,dairy,34,40,2,0,2026-06-08T15:52:01.232141
EVT244510,P004,S04,snacks,8,50,11,0,2026-06-08T15:52:01.232143
EVT282665,P018,S04,beverages,26,60,14,0,2026-06-08T15:52:01.232146
EVT232987,P011,S04,snacks,49,50,4,0,2026-06-08T15:52:01.232149
EVT179922,P013,S01,beverages,54,60,4,0,2026-06-08T15:52:01.232151
EVT929438,P010,S04,beverages,51,60,0,0,2026-06-08T15:52:01.232154
EVT120246,P019,S02,household,1,30,0,0,2026-06-08T15:52:01.232156
EVT598834,P015,S02,dairy,40,40,4,0,2026-06-08T15:52:01.232159
EVT368407,P002,S04,frozen,5,45,4,0,2026-06-08T15:52:01.232164
EVT873050,P003,S01,frozen,8,45,11,1,2026-06-08T15:52:01.232167
EVT372442,P020,S01,beverages,5,60,14,0,2026-06-08T15:52:01.232169
EVT775008,P003,S02,beverages,25,60,14,0,2026-06-08T15:52:01.232172
EVT890880,P009,S03,household,24,30,6,0,2026-06-08T15:52:01.232174
EVT990174,P010,S01,beverages,1,60,16,0,2026-06-08T15:52:01.232177
EVT321063,P010,S04,dairy,8,40,1,0,2026-06-08T15:52:01.232179
EVT690034,P016,S03,beverages,59,60,4,0,2026-06-08T15:52:01.232182
EVT711927,P005,S04,beverages,45,60,2,0,2026-06-08T15:52:01.232184
EVT105358,P008,S03,bakery,9,35,10,1,2026-06-08T15:52:01.232186
EVT662107,P005,S04,frozen,11,45,7,1,2026-06-08T15:52:01.232189
EVT501104,P018,S02,bakery,14,35,6,1,2026-06-08T15:52:01.232191
EVT284365,P019,S01,beverages,4,60,9,1,2026-06-08T15:52:01.232193
EVT338167,P008,S03,household,24,30,1,0,2026-06-08T15:52:01.232196
EVT703824,P013,S03,snacks,48,50,1,0,2026-06-08T15:52:01.232198
EVT972864,P020,S02,beverages,2,60,18,0,2026-06-08T15:52:01.232201
EVT747126,P009,S03,bakery,30,35,4,0,2026-06-08T15:52:01.232203
EVT980256,P007,S03,snacks,11,50,14,0,2026-06-08T15:52:01.232205
EVT702593,P002,S02,dairy,20,40,3,0,2026-06-08T15:52:01.232208
EVT645879,P011,S04,frozen,17,45,9,1,2026-06-08T15:52:01.232211
EVT441025,P010,S02,household,3,30,7,1,2026-06-08T15:52:01.232214
EVT740492,P014,S01,beverages,3,60,13,0,2026-06-08T15:52:01.232216
EVT592260,P017,S01,dairy,32,40,1,0,2026-06-08T15:52:01.232218
EVT392915,P017,S02,bakery,3,35,12,0,2026-06-08T15:52:01.232221
EVT474268,P002,S03,beverages,12,60,14,0,2026-06-08T15:52:01.232223
EVT942611,P020,S01,beverages,54,60,6,1,2026-06-08T15:52:01.232226
EVT376142,P020,S04,frozen,27,45,1,0,2026-06-08T15:52:01.232229
EVT333546,P018,S03,beverages,27,60,2,0,2026-06-08T15:52:01.232231
EVT316748,P013,S04,household,4,30,14,0,2026-06-08T15:52:01.232233
EVT932153,P004,S04,dairy,3,40,12,0,2026-06-08T15:52:01.232236
EVT455012,P005,S01,household,9,30,0,0,2026-06-08T15:52:01.232238
EVT406255,P001,S04,household,23,30,6,0,2026-06-08T15:52:01.232240
EVT484429,P004,S02,bakery,33,35,3,0,2026-06-08T15:52:01.232243
EVT849253,P005,S03,frozen,3,45,11,0,2026-06-08T15:52:01.232245
EVT480624,P019,S03,bakery,27,35,3,0,2026-06-08T15:52:01.232248
EVT310473,P003,S01,household,19,30,0,0,2026-06-08T15:52:01.232250
EVT339635,P018,S01,household,19,30,1,0,2026-06-08T15:52:01.232252
EVT954018,P002,S02,frozen,1,45,4,0,2026-06-08T15:52:01.232255
EVT626573,P008,S04,bakery,18,35,3,0,2026-06-08T15:52:01.232257
EVT141575,P009,S01,snacks,9,50,2,0,2026-06-08T15:52:01.232262
EVT520953,P007,S01,dairy,26,40,0,0,2026-06-08T15:52:01.232265
EVT311176,P010,S03,snacks,39,50,4,0,2026-06-08T15:52:01.232267
EVT827251,P014,S01,dairy,24,40,2,0,2026-06-08T15:52:01.232269
EVT836724,P020,S01,beverages,17,60,8,0,2026-06-08T15:52:01.232272
EVT471685,P003,S03,frozen,5,45,16,0,2026-06-08T15:52:01.232274
EVT591542,P008,S01,dairy,5,40,18,0,2026-06-08T15:52:01.232276
EVT180215,P015,S04,frozen,20,45,11,0,2026-06-08T15:52:01.232279
EVT151791,P014,S01,beverages,7,60,12,0,2026-06-08T15:52:01.232281
EVT398776,P009,S03,dairy,18,40,8,0,2026-06-08T15:52:01.232284
EVT748849,P004,S01,beverages,46,60,0,0,2026-06-08T15:52:01.232286
EVT966411,P011,S02,bakery,24,35,0,0,2026-06-08T15:52:01.232289
EVT346647,P013,S04,snacks,10,50,7,0,2026-06-08T15:52:01.232291
EVT354395,P001,S02,beverages,60,60,3,0,2026-06-08T15:52:01.232294
EVT286358,P019,S03,frozen,37,45,3,0,2026-06-08T15:52:01.232296
EVT637824,P014,S02,dairy,8,40,10,0,2026-06-08T15:52:01.232298
EVT601196,P007,S01,frozen,35,45,3,0,2026-06-08T15:52:01.232301
EVT173888,P020,S04,household,13,30,5,0,2026-06-08T15:52:01.232303
EVT116261,P018,S04,household,9,30,16,0,2026-06-08T15:52:01.232306
EVT931525,P014,S01,beverages,53,60,5,1,2026-06-08T15:52:01.232308
EVT720792,P004,S03,beverages,24,60,10,0,2026-06-08T15:52:01.232311
EVT433525,P017,S01,beverages,44,60,2,0,2026-06-08T15:52:01.232313
EVT761492,P001,S01,bakery,17,35,0,0,2026-06-08T15:52:01.232315
EVT774946,P001,S04,household,0,30,12,1,2026-06-08T15:52:01.232318
EVT285787,P016,S03,beverages,27,60,11,0,2026-06-08T15:52:01.232320
EVT532463,P005,S01,bakery,8,35,5,0,2026-06-08T15:52:01.232323
EVT986211,P008,S02,dairy,8,40,16,0,2026-06-08T15:52:01.232325
EVT821737,P013,S02,snacks,29,50,6,0,2026-06-08T15:52:01.232327
EVT142248,P003,S02,dairy,32,40,6,0,2026-06-08T15:52:01.232330
EVT841307,P002,S04,household,10,30,10,0,2026-06-08T15:52:01.232333
EVT408323,P012,S03,dairy,25,40,1,0,2026-06-08T15:52:01.232335
EVT221482,P016,S04,frozen,7,45,1,0,2026-06-08T15:52:01.232338
EVT591177,P003,S01,beverages,14,60,10,0,2026-06-08T15:52:01.232340
EVT382848,P007,S02,dairy,39,40,6,0,2026-06-08T15:52:01.232343
EVT693119,P003,S02,frozen,8,45,12,1,2026-06-08T15:52:01.232345
EVT723374,P007,S01,beverages,28,60,5,0,2026-06-08T15:52:01.232347
EVT320456,P003,S04,dairy,3,40,12,0,2026-06-08T15:52:01.232350
EVT354306,P009,S04,frozen,20,45,2,0,2026-06-08T15:52:01.232352
EVT561257,P003,S03,bakery,11,35,12,0,2026-06-08T15:52:01.232355
EVT808501,P018,S01,snacks,19,50,13,0,2026-06-08T15:52:01.232360
EVT325527,P012,S02,snacks,6,50,1,0,2026-06-08T15:52:01.232363
EVT676721,P002,S04,beverages,13,60,9,0,2026-06-08T15:52:01.232365
EVT140315,P003,S04,beverages,7,60,5,0,2026-06-08T15:52:01.232368
EVT239521,P017,S04,beverages,53,60,2,0,2026-06-08T15:52:01.232370
EVT533842,P017,S04,bakery,3,35,0,0,2026-06-08T15:52:01.232373
EVT978455,P005,S02,household,26,30,6,0,2026-06-08T15:52:01.232375
EVT741642,P001,S01,snacks,1,50,3,0,2026-06-08T15:52:01.232378
EVT870200,P004,S02,dairy,31,40,1,0,2026-06-08T15:52:01.232380
EVT873919,P008,S01,beverages,12,60,14,1,2026-06-08T15:52:01.232382
EVT930038,P004,S01,bakery,18,35,0,0,2026-06-08T15:52:01.232385
EVT382500,P003,S04,beverages,4,60,9,1,2026-06-08T15:52:01.232387
EVT855397,P009,S02,bakery,28,35,2,0,2026-06-08T15:52:01.232389
EVT635986,P002,S03,bakery,7,35,12,1,2026-06-08T15:52:01.232392
EVT153836,P012,S01,dairy,23,40,3,0,2026-06-08T15:52:01.232394
EVT629079,P013,S04,beverages,35,60,0,0,2026-06-08T15:52:01.232396
EVT465805,P016,S02,dairy,7,40,13,1,2026-06-08T15:52:01.232399
EVT295099,P007,S01,snacks,47,50,0,0,2026-06-08T15:52:01.232401
EVT516012,P005,S03,snacks,9,50,1,0,2026-06-08T15:52:01.232403
EVT659040,P002,S03,household,1,30,7,1,2026-06-08T15:52:01.232406
EVT157764,P011,S02,household,23,30,6,0,2026-06-08T15:52:01.232408
EVT240653,P011,S01,beverages,57,60,0,0,2026-06-08T15:52:01.232411
EVT244073,P007,S02,dairy,29,40,2,1,2026-06-08T15:52:01.232413
EVT173647,P006,S01,dairy,6,40,7,1,2026-06-08T15:52:01.232416
EVT132265,P001,S03,dairy,4,40,18,0,2026-06-08T15:52:01.232418
EVT323272,P010,S04,bakery,24,35,3,1,2026-06-08T15:52:01.232420
EVT375085,P007,S04,beverages,51,60,2,0,2026-06-08T15:52:01.232423
EVT143257,P007,S01,frozen,36,45,0,0,2026-06-08T15:52:01.232425
EVT796964,P018,S03,beverages,59,60,4,0,2026-06-08T15:52:01.232428
EVT437499,P006,S04,beverages,31,60,3,0,2026-06-08T15:52:01.232430
EVT710409,P017,S03,beverages,11,60,8,0,2026-06-08T15:52:01.232432
EVT879462,P014,S01,frozen,8,45,10,0,2026-06-08T15:52:01.232435
EVT694189,P018,S01,household,12,30,13,0,2026-06-08T15:52:01.232437
EVT797419,P012,S02,household,15,30,6,0,2026-06-08T15:52:01.232440
EVT900525,P005,S04,beverages,43,60,3,0,2026-06-08T15:52:01.232442
EVT962383,P018,S01,household,28,30,1,0,2026-06-08T15:52:01.232444
EVT136131,P016,S04,household,2,30,1,0,2026-06-08T15:52:01.232447
EVT602903,P019,S01,bakery,27,35,2,1,2026-06-08T15:52:01.232450
EVT736484,P014,S04,bakery,7,35,12,0,2026-06-08T15:52:01.232452
EVT382015,P012,S03,dairy,33,40,5,0,2026-06-08T15:52:01.232458
EVT882566,P017,S04,bakery,4,35,4,0,2026-06-08T15:52:01.232461
EVT101959,P006,S02,snacks,34,50,5,0,2026-06-08T15:52:01.232463
EVT566149,P007,S04,household,10,30,6,1,2026-06-08T15:52:01.232466
EVT895089,P005,S04,bakery,16,35,6,0,2026-06-08T15:52:01.232468
EVT920475,P010,S02,household,2,30,10,0,2026-06-08T15:52:01.232470
EVT425264,P003,S03,household,16,30,9,1,2026-06-08T15:52:01.232473
EVT955074,P010,S03,beverages,37,60,0,0,2026-06-08T15:52:01.232475
EVT687749,P003,S01,beverages,33,60,5,0,2026-06-08T15:52:01.232477
EVT689434,P003,S03,frozen,4,45,7,1,2026-06-08T15:52:01.232480
EVT762307,P004,S03,snacks,36,50,2,0,2026-06-08T15:52:01.232482
EVT704752,P002,S01,bakery,1,35,12,0,2026-06-08T15:52:01.232485
EVT179206,P016,S03,snacks,41,50,0,0,2026-06-08T15:52:01.232487
EVT948778,P008,S02,household,7,30,1,0,2026-06-08T15:52:01.232490
EVT378007,P012,S01,frozen,24,45,2,0,2026-06-08T15:52:01.232492
EVT133383,P017,S01,dairy,21,40,6,0,2026-06-08T15:52:01.232494
EVT209650,P010,S03,snacks,10,50,14,0,2026-06-08T15:52:01.232497
EVT674120,P012,S04,household,3,30,9,1,2026-06-08T15:52:01.232499
EVT549365,P011,S03,snacks,1,50,10,0,2026-06-08T15:52:01.232501
EVT507856,P002,S02,dairy,2,40,9,1,2026-06-08T15:52:01.232504
EVT955195,P004,S02,beverages,6,60,12,0,2026-06-08T15:52:01.232506
EVT388723,P018,S04,beverages,0,60,4,0,2026-06-08T15:52:01.232509
EVT779230,P009,S04,beverages,39,60,6,0,2026-06-08T15:52:01.232511
EVT471143,P003,S02,beverages,49,60,1,0,2026-06-08T15:52:01.232513
EVT667783,P001,S01,frozen,29,45,1,0,2026-06-08T15:52:01.232516
EVT487118,P005,S03,household,16,30,6,0,2026-06-08T15:52:01.232518
EVT506982,P019,S02,dairy,22,40,5,1,2026-06-08T15:52:01.232521
EVT307501,P016,S03,frozen,3,45,18,0,2026-06-08T15:52:01.232523
EVT847472,P017,S01,snacks,0,50,10,1,2026-06-08T15:52:01.232526
EVT217915,P010,S01,household,10,30,10,0,2026-06-08T15:52:01.232528
EVT499162,P004,S03,dairy,40,40,4,0,2026-06-08T15:52:01.232531
EVT789050,P003,S01,beverages,49,60,4,0,2026-06-08T15:52:01.232533
EVT172985,P011,S03,dairy,16,40,14,0,2026-06-08T15:52:01.232536
EVT359669,P011,S04,frozen,2,45,1,0,2026-06-08T15:52:01.232538
EVT235432,P017,S04,snacks,21,50,9,0,2026-06-08T15:52:01.232541
EVT934517,P017,S03,bakery,32,35,4,0,2026-06-08T15:52:01.232543
EVT887937,P017,S03,dairy,3,40,10,0,2026-06-08T15:52:01.232546
EVT265718,P014,S04,beverages,39,60,2,0,2026-06-08T15:52:01.232548
EVT554088,P020,S01,frozen,18,45,14,0,2026-06-08T15:52:01.232551
EVT386995,P005,S02,bakery,12,35,7,1,2026-06-08T15:52:01.232555
EVT428818,P014,S04,frozen,32,45,0,0,2026-06-08T15:52:01.232558
EVT423032,P005,S03,dairy,23,40,0,0,2026-06-08T15:52:01.232560
EVT805022,P003,S02,household,10,30,13,0,2026-06-08T15:52:01.232563
EVT954502,P002,S03,frozen,9,45,3,0,2026-06-08T15:52:01.232565
EVT475393,P005,S04,household,1,30,10,0,2026-06-08T15:52:01.232567
EVT835194,P012,S04,dairy,8,40,3,0,2026-06-08T15:52:01.232570
EVT554350,P016,S02,dairy,28,40,1,0,2026-06-08T15:52:01.232572
EVT755542,P011,S03,snacks,2,50,18,0,2026-06-08T15:52:01.232575
EVT732278,P009,S02,beverages,7,60,10,0,2026-06-08T15:52:01.232577
EVT297532,P013,S03,frozen,1,45,4,0,2026-06-08T15:52:01.232579
EVT842398,P012,S02,beverages,8,60,9,0,2026-06-08T15:52:01.232582
EVT862403,P015,S04,household,23,30,5,0,2026-06-08T15:52:01.232584
EVT944157,P011,S01,snacks,10,50,10,1,2026-06-08T15:52:01.232586
EVT558108,P016,S01,snacks,38,50,4,0,2026-06-08T15:52:01.232589
EVT721661,P007,S04,snacks,1,50,2,0,2026-06-08T15:52:01.232591
EVT319311,P016,S01,snacks,34,50,0,0,2026-06-08T15:52:01.232593
EVT206857,P013,S02,beverages,52,60,1,0,2026-06-08T15:52:01.232596
EVT751325,P003,S03,household,27,30,2,1,2026-06-08T15:52:01.232598
EVT492675,P013,S02,snacks,25,50,2,0,2026-06-08T15:52:01.232601
EVT287376,P018,S02,frozen,3,45,5,0,2026-06-08T15:52:01.232603
EVT177721,P017,S03,frozen,0,45,13,0,2026-06-08T15:52:01.232606
EVT964532,P011,S03,dairy,34,40,4,0,2026-06-08T15:52:01.232609
EVT558090,P004,S04,frozen,41,45,6,0,2026-06-08T15:52:01.232611
EVT121977,P018,S03,dairy,38,40,3,0,2026-06-08T15:52:01.232614
EVT541027,P005,S04,dairy,7,40,16,0,2026-06-08T15:52:01.232616
EVT518651,P002,S03,bakery,0,35,18,0,2026-06-08T15:52:01.232618
EVT271675,P019,S04,beverages,54,60,0,0,2026-06-08T15:52:01.232621
EVT147245,P001,S02,household,16,30,4,0,2026-06-08T15:52:01.232623
EVT663561,P004,S04,frozen,35,45,4,0,2026-06-08T15:52:01.232626
EVT363400,P014,S04,bakery,11,35,15,1,2026-06-08T15:52:01.232628
EVT353285,P018,S04,dairy,11,40,8,1,2026-06-08T15:52:01.232630
EVT697084,P010,S04,snacks,22,50,8,0,2026-06-08T15:52:01.232633
EVT461496,P006,S01,bakery,13,35,9,0,2026-06-08T15:52:01.232635
EVT719733,P003,S03,frozen,0,45,17,0,2026-06-08T15:52:01.232637
EVT487104,P004,S03,household,1,30,15,1,2026-06-08T15:52:01.232640
EVT199797,P014,S03,household,11,30,9,1,2026-06-08T15:52:01.232642
EVT882657,P017,S01,frozen,43,45,4,0,2026-06-08T15:52:01.232644
EVT662527,P012,S03,frozen,24,45,2,0,2026-06-08T15:52:01.232647
EVT959609,P007,S04,bakery,18,35,4,0,2026-06-08T15:52:01.232653
EVT761677,P012,S04,bakery,10,35,14,0,2026-06-08T15:52:01.232656
EVT762312,P016,S03,beverages,2,60,13,0,2026-06-08T15:52:01.232658
EVT943963,P013,S03,snacks,15,50,13,0,2026-06-08T15:52:01.232660
EVT465031,P011,S02,dairy,29,40,4,0,2026-06-08T15:52:01.232663
EVT508126,P011,S01,frozen,0,45,13,1,2026-06-08T15:52:01.232665
EVT902038,P014,S03,frozen,7,45,11,0,2026-06-08T15:52:01.232667
EVT874293,P016,S01,dairy,3,40,9,1,2026-06-08T15:52:01.232670
EVT289631,P020,S02,dairy,20,40,4,0,2026-06-08T15:52:01.232672
EVT211453,P007,S04,bakery,27,35,5,0,2026-06-08T15:52:01.232674
EVT819923,P006,S02,frozen,11,45,9,0,2026-06-08T15:52:01.232677
EVT474694,P011,S01,beverages,4,60,13,1,2026-06-08T15:52:01.232679
EVT491702,P008,S04,bakery,17,35,11,0,2026-06-08T15:52:01.232681
EVT507693,P010,S03,frozen,7,45,4,0,2026-06-08T15:52:01.232684
EVT883995,P003,S04,snacks,49,50,5,0,2026-06-08T15:52:01.232686
EVT311550,P017,S01,snacks,1,50,11,1,2026-06-08T15:52:01.232689
EVT326747,P012,S02,dairy,9,40,6,1,2026-06-08T15:52:01.232691
EVT300189,P014,S03,dairy,10,40,7,0,2026-06-08T15:52:01.232693
EVT957379,P004,S02,bakery,24,35,2,0,2026-06-08T15:52:01.232696
EVT194936,P005,S03,household,29,30,4,0,2026-06-08T15:52:01.232699
EVT431989,P011,S04,snacks,5,50,10,1,2026-06-08T15:52:01.232701
EVT528762,P004,S03,bakery,0,35,17,0,2026-06-08T15:52:01.232704
EVT678748,P014,S02,snacks,26,50,0,0,2026-06-08T15:52:01.232706
EVT744746,P001,S02,snacks,5,50,9,1,2026-06-08T15:52:01.232708
EVT634588,P020,S04,dairy,12,40,13,1,2026-06-08T15:52:01.232710
EVT489749,P010,S02,frozen,19,45,12,0,2026-06-08T15:52:01.232713
EVT972693,P018,S01,frozen,26,45,1,0,2026-06-08T15:52:01.232715
EVT551868,P010,S04,dairy,13,40,7,1,2026-06-08T15:52:01.232718
EVT806964,P007,S02,frozen,0,45,4,0,2026-06-08T15:52:01.232720
EVT402442,P017,S03,frozen,1,45,17,0,2026-06-08T15:52:01.232722
EVT785616,P020,S04,bakery,25,35,1,0,2026-06-08T15:52:01.232725
EVT870479,P014,S03,dairy,28,40,5,0,2026-06-08T15:52:01.232727
EVT386553,P019,S01,household,14,30,8,1,2026-06-08T15:52:01.232729
EVT898151,P018,S01,bakery,22,35,6,0,2026-06-08T15:52:01.232732
EVT392207,P003,S04,beverages,35,60,0,0,2026-06-08T15:52:01.232734
EVT500677,P011,S02,snacks,20,50,9,0,2026-06-08T15:52:01.232737
EVT926271,P011,S03,snacks,20,50,15,0,2026-06-08T15:52:01.232740
EVT336959,P007,S03,snacks,30,50,1,0,2026-06-08T15:52:01.232742
EVT197125,P007,S04,frozen,10,45,12,1,2026-06-08T15:52:01.232744
EVT253305,P006,S02,dairy,6,40,10,0,2026-06-08T15:52:01.232750
EVT715781,P001,S02,frozen,14,45,8,0,2026-06-08T15:52:01.232752
EVT991664,P004,S04,frozen,12,45,11,0,2026-06-08T15:52:01.232755
EVT343976,P009,S03,snacks,6,50,18,0,2026-06-08T15:52:01.232757
EVT396621,P006,S03,dairy,11,40,8,1,2026-06-08T15:52:01.232759
EVT653146,P007,S02,bakery,6,35,12,0,2026-06-08T15:52:01.232762
EVT896559,P015,S04,household,5,30,12,0,2026-06-08T15:52:01.232764
EVT425832,P008,S01,snacks,50,50,6,1,2026-06-08T15:52:01.232766
EVT781013,P020,S04,snacks,23,50,1,0,2026-06-08T15:52:01.232769
EVT595695,P017,S01,bakery,16,35,4,0,2026-06-08T15:52:01.232771
EVT150841,P009,S03,household,6,30,0,0,2026-06-08T15:52:01.232774
EVT566448,P009,S03,snacks,17,50,12,0,2026-06-08T15:52:01.232776
EVT202666,P007,S03,beverages,12,60,8,1,2026-06-08T15:52:01.232779
EVT629389,P011,S02,dairy,13,40,15,0,2026-06-08T15:52:01.232781
EVT508169,P002,S04,frozen,36,45,4,1,2026-06-08T15:52:01.232783
EVT915828,P008,S04,beverages,4,60,0,0,2026-06-08T15:52:01.232786
EVT139007,P015,S04,bakery,2,35,17,0,2026-06-08T15:52:01.232801
EVT834410,P015,S03,dairy,4,40,2,0,2026-06-08T15:52:01.232805
EVT777966,P001,S03,dairy,0,40,10,0,2026-06-08T15:52:01.232808
EVT667702,P020,S01,snacks,7,50,13,0,2026-06-08T15:52:01.232812
EVT461729,P014,S04,frozen,17,45,15,0,2026-06-08T15:52:01.232815
EVT276267,P016,S04,bakery,23,35,5,0,2026-06-08T15:52:01.232819
EVT701883,P016,S03,snacks,27,50,1,0,2026-06-08T15:52:01.232823
EVT586843,P008,S01,dairy,27,40,3,0,2026-06-08T15:52:01.232826
EVT390079,P009,S04,frozen,5,45,12,0,2026-06-08T15:52:01.232829
EVT319956,P015,S02,bakery,32,35,5,0,2026-06-08T15:52:01.232833
EVT607517,P010,S02,frozen,4,45,13,0,2026-06-08T15:52:01.232836
EVT270872,P008,S02,snacks,49,50,6,0,2026-06-08T15:52:01.232838
EVT169892,P007,S02,bakery,1,35,15,0,2026-06-08T15:52:01.232841
EVT505718,P008,S01,beverages,0,60,7,1,2026-06-08T15:52:01.232843
EVT140491,P018,S03,frozen,0,45,1,0,2026-06-08T15:52:01.232846
EVT840723,P017,S04,frozen,19,45,13,0,2026-06-08T15:52:01.232849
EVT683433,P010,S01,snacks,20,50,10,0,2026-06-08T15:52:01.232852
EVT411581,P015,S02,household,16,30,0,0,2026-06-08T15:52:01.232854
EVT208138,P004,S04,bakery,31,35,4,0,2026-06-08T15:52:01.232857
EVT437644,P018,S01,household,23,30,4,0,2026-06-08T15:52:01.232859
EVT367468,P014,S04,dairy,6,40,5,0,2026-06-08T15:52:01.232862
EVT628106,P015,S02,beverages,56,60,0,0,2026-06-08T15:52:01.232864
EVT767691,P013,S01,household,19,30,0,0,2026-06-08T15:52:01.232867
EVT809491,P005,S01,beverages,60,60,1,0,2026-06-08T15:52:01.232870
EVT410232,P017,S04,frozen,23,45,3,0,2026-06-08T15:52:01.232877
EVT623057,P005,S01,household,13,30,15,0,2026-06-08T15:52:01.232880
EVT309577,P012,S04,dairy,19,40,4,0,2026-06-08T15:52:01.232883
EVT175412,P001,S04,household,15,30,4,1,2026-06-08T15:52:01.232885
EVT400602,P002,S01,frozen,4,45,13,0,2026-06-08T15:52:01.232888
EVT499940,P017,S01,beverages,3,60,17,0,2026-06-08T15:52:01.232890
EVT729682,P019,S02,snacks,1,50,5,0,2026-06-08T15:52:01.232894
EVT719684,P018,S04,dairy,40,40,5,0,2026-06-08T15:52:01.232897
EVT259030,P011,S04,beverages,21,60,12,0,2026-06-08T15:52:01.233226
EVT778312,P008,S02,frozen,3,45,8,1,2026-06-08T15:52:01.233229
EVT150154,P018,S04,beverages,6,60,2,0,2026-06-08T15:52:01.233231
EVT514821,P015,S04,beverages,30,60,1,0,2026-06-08T15:52:01.233233
EVT609791,P004,S01,dairy,31,40,1,0,2026-06-08T15:52:01.233236
EVT846232,P017,S01,frozen,13,45,12,0,2026-06-08T15:52:01.233238
EVT655964,P009,S03,household,12,30,15,0,2026-06-08T15:52:01.233241
EVT928954,P004,S03,snacks,47,50,5,0,2026-06-08T15:52:01.233243
EVT834518,P003,S04,beverages,25,60,14,0,2026-06-08T15:52:01.233246
EVT726628,P018,S02,dairy,17,40,16,0,2026-06-08T15:52:01.233248
EVT232948,P004,S02,dairy,2,40,11,0,2026-06-08T15:52:01.233251
EVT721020,P003,S03,beverages,58,60,0,0,2026-06-08T15:52:01.233253
EVT542118,P001,S03,bakery,33,35,4,0,2026-06-08T15:52:01.233256
EVT992760,P009,S02,household,21,30,5,0,2026-06-08T15:52:01.233258
EVT550478,P014,S01,beverages,42,60,4,0,2026-06-08T15:52:01.233260
EVT854921,P017,S01,frozen,45,45,1,0,2026-06-08T15:52:01.233263
EVT133300,P002,S02,frozen,9,45,15,0,2026-06-08T15:52:01.233265
EVT802888,P016,S02,beverages,0,60,4,0,2026-06-08T15:52:01.233267
EVT326683,P001,S04,bakery,4,35,12,1,2026-06-08T15:52:01.233270
EVT572648,P012,S02,dairy,1,40,16,0,2026-06-08T15:52:01.233272
EVT612137,P013,S02,frozen,2,45,17,0,2026-06-08T15:52:01.233274
EVT424688,P006,S01,frozen,32,45,5,1,2026-06-08T15:52:01.233277
EVT772310,P018,S03,frozen,9,45,7,1,2026-06-08T15:52:01.233279
EVT335670,P008,S01,dairy,36,40,5,1,2026-06-08T15:52:01.233282
EVT729499,P011,S01,household,9,30,11,0,2026-06-08T15:52:01.233285
EVT581096,P006,S03,bakery,1,35,13,0,2026-06-08T15:52:01.233287
EVT428420,P006,S02,frozen,35,45,4,0,2026-06-08T15:52:01.233289
EVT681231,P004,S02,bakery,34,35,3,0,2026-06-08T15:52:01.233292
EVT779218,P005,S03,frozen,9,45,9,0,2026-06-08T15:52:01.233294
EVT840390,P016,S03,beverages,43,60,1,0,2026-06-08T15:52:01.233297
EVT469810,P019,S01,bakery,0,35,7,1,2026-06-08T15:52:01.233303
EVT785339,P011,S03,dairy,4,40,16,0,2026-06-08T15:52:01.233305
EVT954445,P007,S01,beverages,2,60,4,0,2026-06-08T15:52:01.233308
EVT888713,P016,S01,beverages,9,60,11,1,2026-06-08T15:52:01.233310
EVT200219,P013,S04,dairy,8,40,18,0,2026-06-08T15:52:01.233313
EVT933961,P013,S02,bakery,30,35,3,0,2026-06-08T15:52:01.233315
EVT481585,P013,S01,snacks,34,50,1,0,2026-06-08T15:52:01.233317
EVT700546,P010,S02,frozen,21,45,6,0,2026-06-08T15:52:01.233320
EVT740186,P018,S03,dairy,1,40,0,0,2026-06-08T15:52:01.233322
EVT625317,P018,S03,bakery,15,35,10,0,2026-06-08T15:52:01.233324
EVT991640,P001,S02,household,1,30,1,0,2026-06-08T15:52:01.233327
EVT649230,P011,S01,bakery,26,35,2,0,2026-06-08T15:52:01.233329
EVT513762,P002,S03,frozen,20,45,0,0,2026-06-08T15:52:01.233331
EVT339184,P015,S01,bakery,16,35,1,0,2026-06-08T15:52:01.233334
EVT291211,P010,S04,frozen,36,45,1,0,2026-06-08T15:52:01.233336
EVT155057,P018,S01,household,2,30,3,0,2026-06-08T15:52:01.233339
EVT888860,P019,S03,beverages,17,60,8,0,2026-06-08T15:52:01.233341
EVT736135,P014,S03,dairy,33,40,3,0,2026-06-08T15:52:01.233343
EVT216890,P006,S02,snacks,3,50,14,1,2026-06-08T15:52:01.233346
EVT429155,P013,S04,household,4,30,5,0,2026-06-08T15:52:01.233349
EVT175226,P009,S01,frozen,18,45,15,0,2026-06-08T15:52:01.233351
EVT860893,P012,S01,household,21,30,5,0,2026-06-08T15:52:01.233354
EVT459556,P020,S01,household,8,30,15,0,2026-06-08T15:52:01.233356
EVT430243,P015,S03,snacks,11,50,12,1,2026-06-08T15:52:01.233358
EVT808740,P020,S04,dairy,6,40,17,0,2026-06-08T15:52:01.233361
EVT130695,P015,S02,dairy,5,40,5,0,2026-06-08T15:52:01.233363
EVT102846,P003,S01,dairy,3,40,16,0,2026-06-08T15:52:01.233366
EVT398863,P008,S02,frozen,5,45,18,0,2026-06-08T15:52:01.233368
EVT264868,P020,S03,snacks,0,50,0,0,2026-06-08T15:52:01.233370
EVT140366,P018,S01,household,17,30,0,0,2026-06-08T15:52:01.233373
EVT475103,P002,S01,bakery,7,35,16,0,2026-06-08T15:52:01.233375
EVT455825,P015,S01,frozen,45,45,3,0,2026-06-08T15:52:01.233377
EVT885001,P017,S03,beverages,5,60,14,1,2026-06-08T15:52:01.233380
EVT320209,P020,S04,beverages,26,60,11,0,2026-06-08T15:52:01.233382
EVT562844,P017,S01,frozen,6,45,12,0,2026-06-08T15:52:01.233385
EVT807446,P008,S02,beverages,6,60,4,0,2026-06-08T15:52:01.233387
EVT156907,P012,S04,snacks,46,50,1,0,2026-06-08T15:52:01.233389
EVT677522,P018,S03,beverages,57,60,0,0,2026-06-08T15:52:01.233392
EVT904257,P017,S04,dairy,24,40,1,0,2026-06-08T15:52:01.233394
EVT546565,P019,S01,dairy,20,40,1,0,2026-06-08T15:52:01.233485
EVT284196,P007,S04,beverages,17,60,14,0,2026-06-08T15:52:01.233489
EVT450524,P017,S04,bakery,21,35,6,1,2026-06-08T15:52:01.233492
EVT875920,P016,S03,snacks,39,50,6,0,2026-06-08T15:52:01.233495
EVT977810,P009,S01,bakery,18,35,0,0,2026-06-08T15:52:01.233497
EVT636082,P007,S01,household,26,30,2,0,2026-06-08T15:52:01.233500
EVT594474,P013,S03,beverages,32,60,1,0,2026-06-08T15:52:01.233502
EVT629865,P015,S02,snacks,16,50,15,0,2026-06-08T15:52:01.233505
EVT808638,P017,S04,bakery,18,35,5,1,2026-06-08T15:52:01.233507
EVT696486,P003,S03,frozen,42,45,1,0,2026-06-08T15:52:01.233510
EVT665435,P010,S02,snacks,26,50,6,0,2026-06-08T15:52:01.233512
EVT218857,P007,S01,frozen,27,45,6,0,2026-06-08T15:52:01.233515
EVT334367,P019,S01,snacks,16,50,12,0,2026-06-08T15:52:01.233518
EVT635615,P011,S01,bakery,19,35,0,0,2026-06-08T15:52:01.233520
EVT703182,P013,S04,frozen,7,45,3,0,2026-06-08T15:52:01.233523
EVT205346,P005,S02,bakery,22,35,2,0,2026-06-08T15:52:01.233525
EVT355927,P017,S03,snacks,20,50,13,0,2026-06-08T15:52:01.233528
EVT554583,P005,S04,snacks,30,50,6,0,2026-06-08T15:52:01.233530
EVT281141,P017,S03,household,15,30,11,1,2026-06-08T15:52:01.233532
EVT135233,P001,S02,snacks,38,50,2,0,2026-06-08T15:52:01.233536
EVT598651,P003,S01,dairy,12,40,10,0,2026-06-08T15:52:01.233539
EVT461980,P010,S02,household,17,30,0,0,2026-06-08T15:52:01.233541
EVT814341,P005,S02,bakery,33,35,1,0,2026-06-08T15:52:01.233544
EVT551544,P016,S03,frozen,33,45,1,0,2026-06-08T15:52:01.233546
EVT787899,P020,S01,beverages,5,60,15,0,2026-06-08T15:52:01.233548
EVT752540,P001,S02,household,16,30,9,1,2026-06-08T15:52:01.233551
EVT276398,P010,S02,frozen,9,45,11,1,2026-06-08T15:52:01.233553
EVT737579,P011,S03,dairy,12,40,6,1,2026-06-08T15:52:01.233556
EVT782248,P012,S03,bakery,1,35,12,1,2026-06-08T15:52:01.233558
EVT163490,P013,S03,beverages,4,60,0,0,2026-06-08T15:52:01.233561
EVT411991,P002,S03,snacks,2,50,14,1,2026-06-08T15:52:01.233563
EVT463132,P006,S03,snacks,9,50,2,0,2026-06-08T15:52:01.233566
EVT517823,P007,S04,bakery,4,35,11,1,2026-06-08T15:52:01.233568
EVT898883,P018,S04,dairy,15,40,7,0,2026-06-08T15:52:01.233571
EVT614701,P005,S03,dairy,21,40,3,0,2026-06-08T15:52:01.233573
EVT694570,P019,S02,beverages,27,60,2,1,2026-06-08T15:52:01.233576
EVT664914,P009,S03,snacks,3,50,1,0,2026-06-08T15:52:01.233578
EVT441675,P016,S02,bakery,17,35,6,1,2026-06-08T15:52:01.233581
EVT871051,P019,S01,household,11,30,8,0,2026-06-08T15:52:01.233583
EVT780791,P012,S01,bakery,17,35,2,0,2026-06-08T15:52:01.233591
EVT995516,P001,S03,frozen,21,45,5,0,2026-06-08T15:52:01.233593
EVT483600,P017,S03,snacks,18,50,9,0,2026-06-08T15:52:01.233596
EVT568328,P002,S04,snacks,5,50,12,0,2026-06-08T15:52:01.233598
EVT781230,P011,S03,beverages,50,60,1,0,2026-06-08T15:52:01.233601
EVT825043,P016,S02,bakery,27,35,1,0,2026-06-08T15:52:01.233603
EVT933328,P006,S01,frozen,35,45,3,0,2026-06-08T15:52:01.233606
EVT550405,P004,S01,dairy,16,40,8,0,2026-06-08T15:52:01.233608
EVT717584,P003,S02,bakery,30,35,0,0,2026-06-08T15:52:01.233611
EVT848078,P014,S02,household,22,30,3,1,2026-06-08T15:52:01.233613
EVT136207,P006,S01,beverages,11,60,10,1,2026-06-08T15:52:01.233616
EVT594087,P013,S01,dairy,6,40,10,0,2026-06-08T15:52:01.233618
EVT129248,P007,S03,bakery,15,35,1,0,2026-06-08T15:52:01.233621
EVT374279,P009,S03,beverages,42,60,1,0,2026-06-08T15:52:01.233624
EVT905748,P009,S03,beverages,5,60,14,0,2026-06-08T15:52:01.233626
EVT885661,P011,S01,bakery,33,35,0,0,2026-06-08T15:52:01.233629
EVT501174,P015,S03,dairy,39,40,6,0,2026-06-08T15:52:01.233631
EVT547699,P020,S04,snacks,22,50,2,0,2026-06-08T15:52:01.233634
EVT303216,P002,S02,household,5,30,0,0,2026-06-08T15:52:01.233636
EVT596775,P005,S02,beverages,40,60,4,0,2026-06-08T15:52:01.233639
EVT217469,P014,S02,frozen,45,45,2,0,2026-06-08T15:52:01.233642
EVT887700,P017,S03,household,4,30,5,0,2026-06-08T15:52:01.233644
EVT554492,P002,S01,bakery,6,35,6,1,2026-06-08T15:52:01.233647
EVT513056,P018,S01,household,14,30,2,0,2026-06-08T15:52:01.233649
EVT264166,P017,S03,dairy,24,40,2,0,2026-06-08T15:52:01.233652
EVT598522,P019,S02,snacks,46,50,5,0,2026-06-08T15:52:01.233654
EVT638066,P014,S02,dairy,24,40,1,0,2026-06-08T15:52:01.233657
EVT868717,P014,S03,beverages,5,60,11,0,2026-06-08T15:52:01.233659
EVT220701,P017,S01,snacks,40,50,1,0,2026-06-08T15:52:01.233662
EVT158186,P001,S02,beverages,1,60,12,0,2026-06-08T15:52:01.233664
EVT313827,P005,S01,beverages,5,60,14,0,2026-06-08T15:52:01.233667
EVT289917,P007,S03,snacks,36,50,3,0,2026-06-08T15:52:01.233669
EVT742426,P003,S03,snacks,9,50,3,0,2026-06-08T15:52:01.233671
EVT157538,P014,S04,snacks,13,50,11,0,2026-06-08T15:52:01.233674
EVT786840,P006,S04,beverages,0,60,10,0,2026-06-08T15:52:01.233676
EVT918906,P002,S04,household,7,30,0,0,2026-06-08T15:52:01.233679
EVT146468,P015,S04,beverages,13,60,9,1,2026-06-08T15:52:01.233681
EVT305310,P013,S04,beverages,8,60,2,0,2026-06-08T15:52:01.233684
EVT891638,P009,S03,beverages,51,60,4,0,2026-06-08T15:52:01.233686
EVT965401,P017,S04,snacks,9,50,2,0,2026-06-08T15:52:01.233689
EVT663813,P020,S02,frozen,36,45,2,0,2026-06-08T15:52:01.233692
EVT286441,P011,S04,frozen,15,45,8,0,2026-06-08T15:52:01.233694
EVT420792,P007,S02,snacks,24,50,2,0,2026-06-08T15:52:01.233697
EVT997446,P005,S02,dairy,9,40,6,1,2026-06-08T15:52:01.233699
EVT680512,P016,S02,frozen,3,45,7,1,2026-06-08T15:52:01.233706
EVT499049,P011,S01,snacks,49,50,2,0,2026-06-08T15:52:01.233709
EVT405379,P019,S01,beverages,42,60,1,0,2026-06-08T15:52:01.233712
EVT891759,P010,S03,bakery,18,35,2,0,2026-06-08T15:52:01.233714
EVT187237,P008,S04,dairy,8,40,15,0,2026-06-08T15:52:01.233717
EVT810583,P003,S01,frozen,5,45,15,0,2026-06-08T15:52:01.233719
EVT167046,P008,S04,beverages,17,60,8,0,2026-06-08T15:52:01.233722
EVT337491,P001,S01,dairy,30,40,6,0,2026-06-08T15:52:01.233724
EVT729471,P014,S04,dairy,11,40,11,0,2026-06-08T15:52:01.233727
EVT152849,P007,S04,bakery,17,35,10,0,2026-06-08T15:52:01.233729
EVT930287,P010,S03,household,23,30,2,0,2026-06-08T15:52:01.233732
EVT585059,P002,S03,snacks,2,50,12,0,2026-06-08T15:52:01.233734
EVT231456,P017,S01,frozen,25,45,1,1,2026-06-08T15:52:01.233737
EVT435528,P008,S01,snacks,50,50,4,0,2026-06-08T15:52:01.233739
EVT319215,P007,S04,bakery,29,35,1,1,2026-06-08T15:52:01.233742
EVT997104,P014,S04,frozen,27,45,5,0,2026-06-08T15:52:01.233745
EVT481625,P004,S03,bakery,15,35,16,0,2026-06-08T15:52:01.233747
EVT646585,P007,S01,beverages,6,60,10,1,2026-06-08T15:52:01.233750
EVT880593,P004,S03,household,12,30,11,0,2026-06-08T15:52:01.233752
EVT565792,P016,S01,snacks,41,50,3,1,2026-06-08T15:52:01.233755
EVT343267,P008,S03,household,2,30,18,0,2026-06-08T15:52:01.233757
EVT434806,P007,S04,household,10,30,9,1,2026-06-08T15:52:01.233760
EVT784829,P008,S01,dairy,3,40,0,0,2026-06-08T15:52:01.233762
EVT608878,P004,S03,bakery,19,35,2,0,2026-06-08T15:52:01.233764
EVT683186,P011,S01,snacks,46,50,3,0,2026-06-08T15:52:01.233767
EVT591535,P011,S03,beverages,55,60,6,0,2026-06-08T15:52:01.233770
EVT357492,P005,S02,frozen,24,45,5,0,2026-06-08T15:52:01.233772
EVT518060,P020,S02,household,16,30,6,1,2026-06-08T15:52:01.233775
EVT259906,P002,S01,beverages,30,60,0,1,2026-06-08T15:52:01.233777
EVT926067,P005,S02,beverages,20,60,11,0,2026-06-08T15:52:01.233780
EVT636522,P010,S03,beverages,44,60,5,0,2026-06-08T15:52:01.233782
EVT971039,P011,S04,household,7,30,12,0,2026-06-08T15:52:01.233785
EVT896773,P002,S03,frozen,12,45,14,0,2026-06-08T15:52:01.233793
EVT636601,P010,S02,household,23,30,4,1,2026-06-08T15:52:01.233796
EVT122340,P015,S04,snacks,12,50,9,1,2026-06-08T15:52:01.233802
EVT600898,P001,S03,household,9,30,16,0,2026-06-08T15:52:01.233805
EVT763826,P004,S02,bakery,4,35,2,0,2026-06-08T15:52:01.233807
EVT587264,P019,S02,frozen,2,45,13,0,2026-06-08T15:52:01.233809
EVT660411,P018,S03,bakery,0,35,15,1,2026-06-08T15:52:01.233812
EVT417502,P001,S04,bakery,28,35,6,1,2026-06-08T15:52:01.233814
EVT765315,P011,S01,frozen,19,45,11,0,2026-06-08T15:52:01.233817
EVT113708,P011,S02,snacks,5,50,14,0,2026-06-08T15:52:01.233819
EVT105510,P006,S02,bakery,1,35,0,0,2026-06-08T15:52:01.233821
EVT200420,P006,S01,bakery,33,35,0,0,2026-06-08T15:52:01.233823
EVT251123,P017,S03,bakery,21,35,0,0,2026-06-08T15:52:01.233826
EVT927038,P007,S04,beverages,16,60,11,0,2026-06-08T15:52:01.233828
EVT768141,P001,S02,household,4,30,11,0,2026-06-08T15:52:01.233830
EVT108286,P010,S02,frozen,5,45,1,0,2026-06-08T15:52:01.233833
EVT135637,P010,S03,frozen,6,45,17,0,2026-06-08T15:52:01.233835
EVT801220,P006,S04,frozen,42,45,2,0,2026-06-08T15:52:01.233837
EVT276703,P006,S04,bakery,22,35,3,0,2026-06-08T15:52:01.233840
EVT434997,P015,S04,beverages,11,60,8,1,2026-06-08T15:52:01.233842
EVT810954,P002,S03,frozen,16,45,12,0,2026-06-08T15:52:01.233845
EVT932798,P017,S03,beverages,19,60,12,0,2026-06-08T15:52:01.233847
EVT199037,P020,S01,bakery,5,35,5,0,2026-06-08T15:52:01.233850
EVT710381,P014,S03,bakery,8,35,10,1,2026-06-08T15:52:01.233852
EVT623206,P010,S02,beverages,2,60,15,0,2026-06-08T15:52:01.233854
EVT425999,P019,S01,frozen,45,45,5,1,2026-06-08T15:52:01.233857
EVT932166,P015,S04,snacks,16,50,14,0,2026-06-08T15:52:01.233859
EVT109549,P014,S04,bakery,17,35,5,0,2026-06-08T15:52:01.233861
EVT950934,P019,S02,frozen,4,45,2,0,2026-06-08T15:52:01.233864
EVT620098,P019,S04,bakery,28,35,1,0,2026-06-08T15:52:01.233866
EVT449157,P007,S03,frozen,9,45,2,0,2026-06-08T15:52:01.233868
EVT472141,P005,S03,beverages,0,60,14,0,2026-06-08T15:52:01.233871
EVT842495,P015,S02,frozen,31,45,6,0,2026-06-08T15:52:01.233874
EVT436080,P009,S02,beverages,37,60,0,0,2026-06-08T15:52:01.233876
EVT833884,P007,S01,snacks,13,50,8,0,2026-06-08T15:52:01.233878
EVT571136,P003,S02,snacks,42,50,1,0,2026-06-08T15:52:01.233881
EVT362837,P003,S03,beverages,5,60,10,0,2026-06-08T15:52:01.233883
EVT722516,P002,S01,snacks,11,50,16,0,2026-06-08T15:52:01.233885
EVT218994,P006,S02,beverages,37,60,4,0,2026-06-08T15:52:01.233888
EVT357958,P020,S02,frozen,4,45,1,0,2026-06-08T15:52:01.233890
EVT408347,P017,S01,frozen,8,45,10,1,2026-06-08T15:52:01.233893
EVT284197,P011,S04,beverages,54,60,1,1,2026-06-08T15:52:01.233899
EVT702774,P017,S01,dairy,10,40,11,0,2026-06-08T15:52:01.233902
EVT313985,P016,S03,beverages,5,60,1,0,2026-06-08T15:52:01.233904
EVT836991,P019,S02,household,4,30,17,0,2026-06-08T15:52:01.233906
EVT867853,P014,S02,household,19,30,3,0,2026-06-08T15:52:01.233909
EVT979520,P006,S03,beverages,43,60,0,1,2026-06-08T15:52:01.233911
EVT635746,P004,S02,dairy,0,40,12,0,2026-06-08T15:52:01.233914
EVT409477,P002,S03,frozen,5,45,1,0,2026-06-08T15:52:01.233916
EVT964273,P008,S03,snacks,1,50,3,0,2026-06-08T15:52:01.233918
EVT929292,P007,S03,household,7,30,13,0,2026-06-08T15:52:01.233920
EVT330896,P007,S03,household,9,30,12,0,2026-06-08T15:52:01.233923
EVT107495,P014,S02,household,9,30,8,0,2026-06-08T15:52:01.233925
EVT499889,P010,S01,bakery,27,35,4,0,2026-06-08T15:52:01.233927
EVT328677,P008,S01,frozen,3,45,14,0,2026-06-08T15:52:01.233929
EVT892820,P019,S03,bakery,34,35,1,0,2026-06-08T15:52:01.233932
EVT250033,P009,S03,frozen,12,45,10,1,2026-06-08T15:52:01.233934
EVT189790,P004,S03,dairy,19,40,5,0,2026-06-08T15:52:01.233937
EVT767701,P007,S01,beverages,3,60,18,0,2026-06-08T15:52:01.233939
EVT827470,P010,S02,household,0,30,11,1,2026-06-08T15:52:01.233941
EVT239353,P009,S03,frozen,33,45,3,0,2026-06-08T15:52:01.233944
EVT207003,P001,S03,dairy,34,40,6,0,2026-06-08T15:52:01.233946
EVT253254,P017,S02,snacks,23,50,5,0,2026-06-08T15:52:01.233949
EVT985307,P006,S03,bakery,8,35,11,0,2026-06-08T15:52:01.233952
EVT363608,P005,S03,dairy,14,40,9,0,2026-06-08T15:52:01.233954
EVT825257,P004,S02,frozen,21,45,1,0,2026-06-08T15:52:01.233956
EVT843700,P002,S02,household,25,30,4,0,2026-06-08T15:52:01.233959
EVT394982,P019,S04,snacks,48,50,3,0,2026-06-08T15:52:01.233961
EVT948026,P009,S01,frozen,11,45,14,1,2026-06-08T15:52:01.233963
EVT546527,P006,S01,snacks,14,50,9,0,2026-06-08T15:52:01.233966
EVT436895,P006,S04,frozen,10,45,4,0,2026-06-08T15:52:01.233968
EVT529444,P014,S04,household,21,30,3,0,2026-06-08T15:52:01.233971
EVT600837,P003,S04,snacks,10,50,4,0,2026-06-08T15:52:01.233973
EVT367597,P020,S03,frozen,22,45,5,0,2026-06-08T15:52:01.233976
EVT829569,P003,S04,household,17,30,1,0,2026-06-08T15:52:01.233979
EVT915198,P007,S01,frozen,9,45,15,0,2026-06-08T15:52:01.233983
EVT387155,P006,S04,beverages,27,60,6,0,2026-06-08T15:52:01.233986
EVT413014,P020,S02,frozen,3,45,0,0,2026-06-08T15:52:01.233989
EVT493347,P004,S04,frozen,33,45,1,0,2026-06-08T15:52:01.233992
EVT803881,P012,S04,snacks,4,50,10,0,2026-06-08T15:52:01.233995
EVT857906,P020,S01,snacks,1,50,11,0,2026-06-08T15:52:01.234002
EVT702247,P015,S03,household,17,30,3,0,2026-06-08T15:52:01.234005
EVT472883,P001,S04,beverages,32,60,4,0,2026-06-08T15:52:01.234008
EVT567577,P005,S01,dairy,10,40,9,0,2026-06-08T15:52:01.234010
EVT346875,P012,S02,snacks,45,50,4,1,2026-06-08T15:52:01.234013
EVT166341,P013,S03,household,23,30,4,0,2026-06-08T15:52:01.234015
EVT317653,P011,S01,snacks,6,50,2,0,2026-06-08T15:52:01.234018
EVT843445,P013,S03,frozen,27,45,6,0,2026-06-08T15:52:01.234020
EVT991119,P020,S04,frozen,2,45,13,1,2026-06-08T15:52:01.234023
EVT759881,P012,S02,household,24,30,5,0,2026-06-08T15:52:01.234026
EVT967174,P020,S04,bakery,33,35,5,1,2026-06-08T15:52:01.234031
EVT746406,P018,S03,household,5,30,3,0,2026-06-08T15:52:01.234035
EVT660454,P016,S04,dairy,25,40,6,0,2026-06-08T15:52:01.234038
EVT392229,P016,S01,frozen,24,45,6,1,2026-06-08T15:52:01.234042
EVT517947,P012,S04,snacks,24,50,0,0,2026-06-08T15:52:01.234045
EVT949858,P011,S04,beverages,10,60,7,0,2026-06-08T15:52:01.234048
EVT701643,P019,S01,dairy,12,40,12,0,2026-06-08T15:52:01.234051
EVT862054,P018,S04,frozen,40,45,5,0,2026-06-08T15:52:01.234054
EVT506151,P013,S02,frozen,4,45,1,0,2026-06-08T15:52:01.234056
EVT529710,P018,S03,bakery,14,35,16,0,2026-06-08T15:52:01.234060
EVT481417,P008,S04,household,15,30,9,0,2026-06-08T15:52:01.234062
EVT730510,P002,S04,snacks,30,50,1,0,2026-06-08T15:52:01.234065
EVT534254,P014,S03,snacks,22,50,3,0,2026-06-08T15:52:01.234067
EVT980622,P004,S04,bakery,8,35,12,0,2026-06-08T15:52:01.234070
EVT271465,P011,S04,beverages,12,60,11,0,2026-06-08T15:52:01.234072
EVT997628,P010,S03,beverages,28,60,0,1,2026-06-08T15:52:01.234075
EVT274406,P001,S04,dairy,26,40,1,0,2026-06-08T15:52:01.234078
EVT617051,P014,S01,frozen,8,45,12,0,2026-06-08T15:52:01.234080
EVT864771,P014,S01,bakery,4,35,0,0,2026-06-08T15:52:01.234083
EVT669614,P006,S02,beverages,52,60,2,0,2026-06-08T15:52:01.234086
EVT651218,P004,S01,frozen,3,45,14,0,2026-06-08T15:52:01.234088
EVT278983,P016,S01,frozen,26,45,2,0,2026-06-08T15:52:01.234090
EVT386278,P020,S03,snacks,26,50,0,0,2026-06-08T15:52:01.234093
EVT856744,P007,S03,dairy,13,40,11,0,2026-06-08T15:52:01.234096
EVT535236,P002,S03,household,26,30,4,1,2026-06-08T15:52:01.234098
EVT623710,P015,S02,frozen,35,45,6,0,2026-06-08T15:52:01.234101
EVT691314,P007,S02,household,13,30,14,0,2026-06-08T15:52:01.234103
EVT684002,P012,S03,bakery,18,35,2,0,2026-06-08T15:52:01.234106
EVT897883,P014,S01,frozen,16,45,15,0,2026-06-08T15:52:01.234109
EVT947328,P006,S01,dairy,11,40,14,1,2026-06-08T15:52:01.234112
EVT523544,P019,S02,bakery,20,35,0,1,2026-06-08T15:52:01.234119
EVT126612,P004,S02,bakery,8,35,17,0,2026-06-08T15:52:01.234122
EVT715105,P011,S01,snacks,30,50,0,0,2026-06-08T15:52:01.234125
EVT246717,P003,S04,frozen,5,45,13,0,2026-06-08T15:52:01.234127
EVT661975,P004,S04,bakery,20,35,1,1,2026-06-08T15:52:01.234130
EVT522621,P006,S03,bakery,15,35,1,0,2026-06-08T15:52:01.234132
EVT713276,P011,S03,beverages,5,60,16,0,2026-06-08T15:52:01.234135
EVT697855,P002,S01,snacks,42,50,3,0,2026-06-08T15:52:01.234138
EVT438106,P016,S04,dairy,4,40,0,0,2026-06-08T15:52:01.234140
EVT233811,P014,S03,beverages,19,60,12,0,2026-06-08T15:52:01.234143
EVT746518,P010,S01,bakery,1,35,7,1,2026-06-08T15:52:01.234146
EVT975857,P006,S01,frozen,2,45,17,0,2026-06-08T15:52:01.234148
EVT615932,P014,S01,bakery,0,35,14,1,2026-06-08T15:52:01.234151
EVT420082,P004,S03,frozen,16,45,10,0,2026-06-08T15:52:01.234153
EVT746714,P005,S01,frozen,5,45,17,0,2026-06-08T15:52:01.234156
EVT276861,P019,S02,household,13,30,5,0,2026-06-08T15:52:01.234159
EVT295118,P017,S04,bakery,5,35,7,1,2026-06-08T15:52:01.234161
EVT227751,P003,S02,dairy,6,40,1,0,2026-06-08T15:52:01.234164
EVT980103,P008,S04,bakery,16,35,0,0,2026-06-08T15:52:01.234167
EVT874219,P001,S03,frozen,1,45,10,0,2026-06-08T15:52:01.234169
EVT537269,P005,S03,household,9,30,13,0,2026-06-08T15:52:01.234172
EVT893889,P012,S04,dairy,29,40,2,0,2026-06-08T15:52:01.234175
EVT939489,P017,S03,beverages,27,60,3,0,2026-06-08T15:52:01.234177
EVT887172,P017,S03,snacks,23,50,1,0,2026-06-08T15:52:01.234180
EVT887092,P013,S02,bakery,26,35,5,0,2026-06-08T15:52:01.234182
EVT911962,P011,S03,beverages,0,60,9,1,2026-06-08T15:52:01.234185
EVT236908,P016,S02,snacks,36,50,4,0,2026-06-08T15:52:01.234187
EVT364844,P020,S01,beverages,50,60,2,0,2026-06-08T15:52:01.234190
EVT754010,P005,S01,household,14,30,3,0,2026-06-08T15:52:01.234193
EVT758315,P010,S02,frozen,24,45,0,0,2026-06-08T15:52:01.234195
EVT413689,P004,S02,beverages,42,60,6,0,2026-06-08T15:52:01.234198
EVT833012,P018,S04,snacks,48,50,3,0,2026-06-08T15:52:01.234200
EVT526210,P016,S04,beverages,10,60,8,1,2026-06-08T15:52:01.234203
EVT330206,P006,S01,frozen,31,45,2,0,2026-06-08T15:52:01.234205
EVT324453,P002,S03,household,5,30,1,0,2026-06-08T15:52:01.234208
EVT937844,P016,S02,beverages,6,60,3,0,2026-06-08T15:52:01.234210
EVT771934,P003,S04,bakery,21,35,5,0,2026-06-08T15:52:01.234213
EVT585950,P017,S01,snacks,42,50,2,0,2026-06-08T15:52:01.234215
EVT480653,P011,S04,frozen,7,45,0,0,2026-06-08T15:52:01.234218
EVT573689,P001,S03,bakery,17,35,1,0,2026-06-08T15:52:01.234224
EVT763664,P006,S02,household,4,30,11,0,2026-06-08T15:52:01.234227
EVT448337,P017,S01,beverages,8,60,13,0,2026-06-08T15:52:01.234229
EVT207769,P012,S04,household,6,30,17,0,2026-06-08T15:52:01.234232
EVT426173,P019,S02,snacks,3,50,4,0,2026-06-08T15:52:01.234234
EVT358721,P013,S04,bakery,1,35,5,0,2026-06-08T15:52:01.234237
EVT505791,P007,S04,snacks,8,50,8,1,2026-06-08T15:52:01.234240
EVT459872,P019,S01,beverages,52,60,6,0,2026-06-08T15:52:01.234243
EVT714854,P013,S03,beverages,18,60,15,0,2026-06-08T15:52:01.234245
EVT257412,P020,S04,bakery,3,35,14,0,2026-06-08T15:52:01.234248
EVT424296,P016,S03,snacks,4,50,11,1,2026-06-08T15:52:01.234250
EVT837633,P013,S04,dairy,7,40,13,1,2026-06-08T15:52:01.234253
EVT493415,P010,S02,snacks,37,50,2,0,2026-06-08T15:52:01.234256
EVT671420,P012,S01,bakery,26,35,2,0,2026-06-08T15:52:01.234259
EVT463810,P010,S02,snacks,38,50,0,0,2026-06-08T15:52:01.234261
EVT435178,P009,S04,beverages,27,60,13,0,2026-06-08T15:52:01.234264
EVT193873,P019,S01,bakery,8,35,5,0,2026-06-08T15:52:01.234267
EVT306839,P017,S04,beverages,47,60,0,1,2026-06-08T15:52:01.234269
EVT496689,P009,S04,household,7,30,13,0,2026-06-08T15:52:01.234272
EVT931966,P013,S03,frozen,42,45,4,0,2026-06-08T15:52:01.234275
EVT896300,P005,S01,snacks,7,50,12,0,2026-06-08T15:52:01.234277
EVT356049,P015,S02,bakery,0,35,4,0,2026-06-08T15:52:01.234280
EVT565268,P016,S02,beverages,7,60,13,1,2026-06-08T15:52:01.234282
EVT888977,P011,S03,household,19,30,5,0,2026-06-08T15:52:01.234285
EVT962259,P020,S04,snacks,48,50,0,0,2026-06-08T15:52:01.234287
EVT482042,P019,S02,bakery,19,35,6,0,2026-06-08T15:52:01.234290
EVT146946,P019,S04,bakery,11,35,14,0,2026-06-08T15:52:01.234293
EVT176666,P019,S03,snacks,4,50,3,0,2026-06-08T15:52:01.234296
EVT253536,P006,S03,frozen,27,45,0,0,2026-06-08T15:52:01.234298
EVT366663,P019,S02,frozen,30,45,2,0,2026-06-08T15:52:01.234301
EVT969940,P005,S03,household,21,30,2,0,2026-06-08T15:52:01.234303
EVT289641,P006,S03,household,13,30,10,0,2026-06-08T15:52:01.234306
EVT940719,P009,S04,snacks,42,50,3,0,2026-06-08T15:52:01.234309
EVT373402,P010,S04,beverages,55,60,1,0,2026-06-08T15:52:01.234311
EVT912961,P018,S01,snacks,26,50,0,0,2026-06-08T15:52:01.234314
EVT492272,P012,S04,frozen,44,45,2,0,2026-06-08T15:52:01.234316
EVT853823,P002,S03,beverages,5,60,11,0,2026-06-08T15:52:01.234319
EVT720041,P009,S04,frozen,11,45,6,0,2026-06-08T15:52:01.234321
EVT276185,P011,S01,beverages,19,60,8,0,2026-06-08T15:52:01.234330
EVT504009,P005,S04,beverages,29,60,6,0,2026-06-08T15:52:01.234333
EVT124199,P003,S01,snacks,31,50,1,0,2026-06-08T15:52:01.234335
EVT120106,P012,S01,dairy,19,40,1,0,2026-06-08T15:52:01.234338
EVT838925,P016,S03,dairy,0,40,15,1,2026-06-08T15:52:01.234340
EVT651876,P005,S02,bakery,25,35,2,0,2026-06-08T15:52:01.234343
EVT343639,P020,S02,frozen,8,45,8,1,2026-06-08T15:52:01.234346
EVT873568,P002,S03,dairy,29,40,1,1,2026-06-08T15:52:01.234348
EVT249131,P002,S01,bakery,16,35,6,0,2026-06-08T15:52:01.234351
EVT785231,P006,S04,dairy,2,40,17,0,2026-06-08T15:52:01.234353
EVT659617,P012,S01,household,6,30,12,1,2026-06-08T15:52:01.234356
EVT604867,P006,S04,beverages,13,60,16,0,2026-06-08T15:52:01.234359
EVT675958,P009,S01,household,11,30,12,0,2026-06-08T15:52:01.234361
EVT558597,P016,S02,beverages,12,60,9,0,2026-06-08T15:52:01.234364
EVT378846,P007,S04,dairy,24,40,6,0,2026-06-08T15:52:01.234366
EVT228568,P010,S04,dairy,28,40,5,0,2026-06-08T15:52:01.234369
EVT810634,P015,S01,beverages,41,60,2,0,2026-06-08T15:52:01.234372
EVT387715,P020,S04,bakery,5,35,17,0,2026-06-08T15:52:01.234374
EVT954714,P013,S04,dairy,33,40,5,0,2026-06-08T15:52:01.234377
EVT263200,P008,S04,dairy,38,40,2,0,2026-06-08T15:52:01.234380
EVT609305,P018,S02,bakery,10,35,11,0,2026-06-08T15:52:01.234382
EVT174134,P017,S02,snacks,1,50,13,1,2026-06-08T15:52:01.234385
EVT338466,P019,S02,frozen,4,45,4,0,2026-06-08T15:52:01.234388
EVT689606,P009,S02,beverages,9,60,1,0,2026-06-08T15:52:01.234390
EVT108066,P001,S03,bakery,17,35,6,0,2026-06-08T15:52:01.234393
EVT879026,P001,S03,beverages,49,60,0,0,2026-06-08T15:52:01.234396
EVT705407,P003,S03,bakery,11,35,9,0,2026-06-08T15:52:01.234399
EVT965812,P012,S01,frozen,33,45,6,0,2026-06-08T15:52:01.234402
EVT795287,P004,S02,bakery,9,35,11,0,2026-06-08T15:52:01.234404
EVT501479,P007,S01,snacks,22,50,5,0,2026-06-08T15:52:01.234407
EVT855019,P016,S03,household,12,30,13,0,2026-06-08T15:52:01.234410
EVT532158,P020,S02,snacks,40,50,5,0,2026-06-08T15:52:01.234412
EVT647000,P005,S02,household,10,30,12,0,2026-06-08T15:52:01.234415
EVT323256,P010,S01,household,10,30,0,0,2026-06-08T15:52:01.234417
EVT128408,P009,S01,bakery,20,35,6,0,2026-06-08T15:52:01.234420
EVT632076,P006,S02,beverages,37,60,4,1,2026-06-08T15:52:01.234422
EVT634676,P006,S02,dairy,4,40,18,0,2026-06-08T15:52:01.234425
EVT739111,P018,S02,dairy,5,40,15,0,2026-06-08T15:52:01.234427
EVT509145,P001,S03,frozen,44,45,5,0,2026-06-08T15:52:01.234429
EVT708758,P014,S03,household,9,30,6,1,2026-06-08T15:52:01.234435
EVT698504,P006,S04,beverages,33,60,0,0,2026-06-08T15:52:01.234437
EVT207573,P003,S03,frozen,2,45,4,0,2026-06-08T15:52:01.234440
EVT387638,P016,S04,bakery,27,35,3,0,2026-06-08T15:52:01.234442
EVT233493,P006,S01,snacks,0,50,10,1,2026-06-08T15:52:01.234444
EVT867583,P006,S04,household,12,30,12,0,2026-06-08T15:52:01.234447
EVT264559,P007,S03,snacks,12,50,8,0,2026-06-08T15:52:01.234449
EVT948466,P015,S04,snacks,25,50,0,0,2026-06-08T15:52:01.234452
EVT398969,P014,S01,snacks,9,50,3,0,2026-06-08T15:52:01.234454
EVT160895,P017,S04,beverages,56,60,6,0,2026-06-08T15:52:01.234457
EVT707559,P004,S04,household,28,30,0,0,2026-06-08T15:52:01.234459
EVT382968,P009,S04,bakery,23,35,5,0,2026-06-08T15:52:01.234462
EVT774540,P015,S01,household,5,30,18,0,2026-06-08T15:52:01.234464
EVT945889,P015,S03,beverages,59,60,3,1,2026-06-08T15:52:01.234466
EVT893948,P015,S02,frozen,33,45,3,0,2026-06-08T15:52:01.234469
EVT824518,P020,S02,snacks,31,50,6,0,2026-06-08T15:52:01.234471
EVT115303,P015,S01,snacks,35,50,2,0,2026-06-08T15:52:01.234473
EVT788020,P020,S01,beverages,24,60,12,0,2026-06-08T15:52:01.234476
EVT479663,P004,S03,bakery,23,35,2,0,2026-06-08T15:52:01.234479
EVT524890,P014,S01,bakery,34,35,3,0,2026-06-08T15:52:01.234481
EVT240067,P011,S01,frozen,41,45,4,0,2026-06-08T15:52:01.234484
EVT371355,P017,S04,dairy,5,40,15,1,2026-06-08T15:52:01.234486
EVT371422,P013,S02,beverages,44,60,5,0,2026-06-08T15:52:01.234488
EVT213861,P005,S03,household,29,30,2,0,2026-06-08T15:52:01.234490
EVT118449,P006,S01,bakery,6,35,7,1,2026-06-08T15:52:01.234493
EVT886970,P019,S02,bakery,20,35,0,0,2026-06-08T15:52:01.234495
EVT788186,P006,S04,bakery,35,35,2,0,2026-06-08T15:52:01.234498
EVT579555,P017,S01,snacks,2,50,11,1,2026-06-08T15:52:01.234500
EVT570544,P012,S02,snacks,29,50,1,0,2026-06-08T15:52:01.234502
EVT341573,P003,S01,beverages,45,60,5,0,2026-06-08T15:52:01.234505
EVT341508,P006,S04,bakery,10,35,8,0,2026-06-08T15:52:01.234507
EVT412727,P018,S03,bakery,28,35,4,0,2026-06-08T15:52:01.234510
EVT466504,P019,S04,snacks,7,50,8,1,2026-06-08T15:52:01.234512
EVT483558,P014,S02,snacks,15,50,11,0,2026-06-08T15:52:01.234514
EVT905862,P018,S02,bakery,13,35,15,0,2026-06-08T15:52:01.234517
EVT148493,P005,S04,dairy,14,40,9,0,2026-06-08T15:52:01.234519
EVT459706,P013,S04,bakery,6,35,18,0,2026-06-08T15:52:01.234521
EVT145436,P019,S02,frozen,13,45,6,0,2026-06-08T15:52:01.234524
EVT322947,P005,S04,snacks,11,50,7,1,2026-06-08T15:52:01.234526
EVT414129,P002,S01,bakery,23,35,1,0,2026-06-08T15:52:01.234536
EVT854414,P005,S04,household,20,30,4,0,2026-06-08T15:52:01.234538
EVT773822,P014,S01,snacks,50,50,5,0,2026-06-08T15:52:01.234541
EVT711354,P007,S02,beverages,27,60,3,0,2026-06-08T15:52:01.234543
EVT701783,P012,S01,frozen,17,45,15,0,2026-06-08T15:52:01.234546
EVT620235,P013,S04,frozen,16,45,8,0,2026-06-08T15:52:01.234549
EVT247607,P009,S02,beverages,16,60,16,0,2026-06-08T15:52:01.234551
EVT815976,P017,S02,bakery,28,35,6,0,2026-06-08T15:52:01.234554
EVT639809,P006,S02,dairy,16,40,9,0,2026-06-08T15:52:01.234556
EVT873728,P017,S04,beverages,39,60,6,0,2026-06-08T15:52:01.234559
EVT716463,P004,S04,dairy,21,40,2,0,2026-06-08T15:52:01.234561
EVT717150,P010,S04,dairy,32,40,5,0,2026-06-08T15:52:01.234564
EVT105820,P019,S04,dairy,21,40,2,0,2026-06-08T15:52:01.234566
EVT502784,P016,S03,household,21,30,0,0,2026-06-08T15:52:01.234569
EVT573122,P004,S04,frozen,42,45,0,0,2026-06-08T15:52:01.234571
EVT813755,P020,S04,beverages,34,60,3,0,2026-06-08T15:52:01.234573
EVT365757,P005,S02,snacks,26,50,4,0,2026-06-08T15:52:01.234575
EVT191847,P012,S03,frozen,8,45,12,0,2026-06-08T15:52:01.234578
EVT272164,P007,S01,household,8,30,5,0,2026-06-08T15:52:01.234580
EVT996145,P001,S03,snacks,36,50,3,0,2026-06-08T15:52:01.234583
EVT284654,P011,S04,snacks,43,50,3,0,2026-06-08T15:52:01.234585
EVT698704,P001,S01,frozen,39,45,0,0,2026-06-08T15:52:01.234587
EVT904258,P005,S04,dairy,11,40,8,0,2026-06-08T15:52:01.234590
EVT503757,P017,S02,bakery,14,35,9,0,2026-06-08T15:52:01.234593
EVT805758,P016,S01,household,4,30,11,0,2026-06-08T15:52:01.234595
EVT972901,P002,S04,bakery,10,35,14,1,2026-06-08T15:52:01.234597
EVT817636,P020,S03,frozen,31,45,2,0,2026-06-08T15:52:01.234599
EVT600745,P020,S01,frozen,39,45,1,0,2026-06-08T15:52:01.234602
EVT637077,P007,S03,dairy,34,40,4,0,2026-06-08T15:52:01.234604
EVT829595,P002,S02,frozen,31,45,2,0,2026-06-08T15:52:01.234607
EVT525350,P001,S04,dairy,30,40,6,0,2026-06-08T15:52:01.234609
EVT668332,P003,S02,frozen,37,45,2,0,2026-06-08T15:52:01.234611
EVT428610,P010,S03,beverages,29,60,5,0,2026-06-08T15:52:01.234614
EVT649361,P005,S03,snacks,9,50,7,0,2026-06-08T15:52:01.234616
EVT142755,P007,S01,snacks,47,50,5,0,2026-06-08T15:52:01.234619
EVT694252,P014,S04,household,6,30,2,0,2026-06-08T15:52:01.234621
EVT143394,P007,S04,beverages,10,60,7,1,2026-06-08T15:52:01.234623
EVT451455,P008,S04,snacks,8,50,4,0,2026-06-08T15:52:01.234625
EVT511478,P018,S02,household,30,30,1,0,2026-06-08T15:52:01.234628
EVT263389,P018,S03,snacks,3,50,5,0,2026-06-08T15:52:01.234631
EVT245864,P019,S02,household,18,30,0,0,2026-06-08T15:52:01.234633
EVT246196,P006,S03,snacks,34,50,5,0,2026-06-08T15:52:01.234635
EVT731521,P004,S03,dairy,6,40,10,0,2026-06-08T15:52:01.234638
EVT145690,P014,S02,bakery,8,35,12,0,2026-06-08T15:52:01.234644
EVT437792,P010,S04,household,19,30,3,0,2026-06-08T15:52:01.234647
EVT665120,P020,S01,frozen,5,45,14,0,2026-06-08T15:52:01.234649
EVT955199,P008,S02,household,26,30,4,0,2026-06-08T15:52:01.234652
EVT935353,P010,S04,beverages,16,60,12,0,2026-06-08T15:52:01.234654
EVT990853,P007,S04,bakery,31,35,6,0,2026-06-08T15:52:01.234656
EVT997154,P012,S02,household,15,30,8,1,2026-06-08T15:52:01.234659
EVT216820,P019,S01,frozen,28,45,5,0,2026-06-08T15:52:01.234661
EVT724089,P010,S01,snacks,29,50,6,0,2026-06-08T15:52:01.234664
EVT518847,P004,S01,bakery,34,35,3,0,2026-06-08T15:52:01.234666
EVT548294,P019,S02,dairy,20,40,0,0,2026-06-08T15:52:01.234669
EVT634270,P004,S03,beverages,12,60,16,0,2026-06-08T15:52:01.234671
EVT556420,P008,S02,frozen,7,45,18,0,2026-06-08T15:52:01.234673
EVT777877,P016,S04,household,6,30,16,0,2026-06-08T15:52:01.234676
EVT610827,P004,S04,dairy,2,40,13,1,2026-06-08T15:52:01.234678
EVT288229,P002,S04,snacks,32,50,2,0,2026-06-08T15:52:01.234681
EVT248313,P015,S02,household,27,30,1,0,2026-06-08T15:52:01.234684
EVT618844,P008,S04,beverages,10,60,5,0,2026-06-08T15:52:01.234686
EVT274231,P001,S04,frozen,18,45,11,1,2026-06-08T15:52:01.234689
EVT348593,P004,S04,bakery,31,35,5,0,2026-06-08T15:52:01.234691
EVT390943,P003,S03,beverages,1,60,15,0,2026-06-08T15:52:01.234693
EVT406674,P005,S02,bakery,22,35,1,0,2026-06-08T15:52:01.234696
EVT811185,P003,S02,snacks,31,50,6,0,2026-06-08T15:52:01.234698
EVT733946,P010,S04,dairy,7,40,16,0,2026-06-08T15:52:01.234700
EVT922912,P001,S03,frozen,10,45,0,0,2026-06-08T15:52:01.234703
EVT938840,P016,S02,frozen,5,45,10,1,2026-06-08T15:52:01.234705
EVT105555,P018,S04,bakery,2,35,12,1,2026-06-08T15:52:01.234707
EVT429024,P008,S03,dairy,5,40,12,0,2026-06-08T15:52:01.234710
EVT757477,P015,S01,household,6,30,11,0,2026-06-08T15:52:01.234712
EVT856653,P018,S04,dairy,7,40,14,1,2026-06-08T15:52:01.234714
EVT446565,P012,S03,beverages,3,60,12,1,2026-06-08T15:52:01.234717
EVT394050,P010,S02,beverages,6,60,5,0,2026-06-08T15:52:01.234719
EVT258811,P017,S03,bakery,1,35,8,1,2026-06-08T15:52:01.234722
EVT998950,P007,S01,beverages,8,60,15,0,2026-06-08T15:52:01.234724
EVT360333,P017,S03,household,3,30,13,1,2026-06-08T15:52:01.234726
EVT438884,P012,S04,dairy,6,40,7,1,2026-06-08T15:52:01.234737
EVT926775,P005,S04,bakery,3,35,18,0,2026-06-08T15:52:01.234740
EVT724998,P020,S04,snacks,34,50,0,0,2026-06-08T15:52:01.234742
EVT600006,P017,S02,frozen,12,45,11,0,2026-06-08T15:52:01.234744
EVT167996,P014,S02,frozen,5,45,14,0,2026-06-08T15:52:01.234747
EVT556555,P009,S04,household,1,30,6,1,2026-06-08T15:52:01.234749
EVT482496,P006,S03,snacks,28,50,0,0,2026-06-08T15:52:01.234751
EVT858184,P020,S03,bakery,10,35,7,0,2026-06-08T15:52:01.234754
EVT573785,P007,S02,beverages,7,60,1,0,2026-06-08T15:52:01.234756
EVT201854,P019,S04,beverages,30,60,0,0,2026-06-08T15:52:01.234758
EVT851322,P018,S01,snacks,47,50,4,0,2026-06-08T15:52:01.234761
EVT501404,P015,S02,household,5,30,17,0,2026-06-08T15:52:01.234763
EVT280629,P015,S03,household,30,30,3,0,2026-06-08T15:52:01.234765
EVT683004,P003,S01,dairy,16,40,9,1,2026-06-08T15:52:01.234768
EVT105964,P008,S03,frozen,7,45,16,0,2026-06-08T15:52:01.234770
EVT335971,P017,S03,snacks,35,50,4,0,2026-06-08T15:52:01.234772
EVT260320,P009,S03,frozen,5,45,17,0,2026-06-08T15:52:01.234774
EVT187826,P009,S03,snacks,15,50,12,0,2026-06-08T15:52:01.234777
EVT321075,P004,S02,frozen,28,45,2,0,2026-06-08T15:52:01.234779
EVT521059,P006,S04,household,19,30,3,1,2026-06-08T15:52:01.234782
EVT723165,P001,S03,frozen,8,45,6,1,2026-06-08T15:52:01.234785
EVT289418,P009,S02,beverages,2,60,18,0,2026-06-08T15:52:01.234787
EVT451522,P012,S02,frozen,5,45,14,0,2026-06-08T15:52:01.234807
EVT679080,P007,S01,frozen,38,45,2,0,2026-06-08T15:52:01.234811
EVT424954,P001,S04,household,27,30,3,1,2026-06-08T15:52:01.234814
EVT265530,P012,S01,bakery,8,35,6,0,2026-06-08T15:52:01.234818
EVT190702,P010,S02,household,10,30,14,0,2026-06-08T15:52:01.234821
EVT878549,P005,S03,snacks,45,50,0,0,2026-06-08T15:52:01.234825
EVT881960,P014,S01,dairy,4,40,10,0,2026-06-08T15:52:01.234828
EVT802367,P016,S01,dairy,18,40,10,1,2026-06-08T15:52:01.234832
EVT525982,P006,S04,bakery,5,35,3,0,2026-06-08T15:52:01.234835
EVT679079,P014,S02,bakery,1,35,2,0,2026-06-08T15:52:01.234838
EVT269446,P010,S04,snacks,18,50,12,0,2026-06-08T15:52:01.234841
EVT990874,P008,S03,frozen,30,45,4,0,2026-06-08T15:52:01.234843
EVT549902,P012,S04,snacks,45,50,4,0,2026-06-08T15:52:01.234846
EVT779067,P019,S04,beverages,7,60,17,0,2026-06-08T15:52:01.234849
EVT249823,P006,S01,snacks,45,50,0,0,2026-06-08T15:52:01.234851
EVT451753,P018,S01,frozen,5,45,11,0,2026-06-08T15:52:01.234854
EVT595114,P003,S04,beverages,58,60,0,0,2026-06-08T15:52:01.234856
EVT515910,P006,S03,beverages,47,60,2,0,2026-06-08T15:52:01.234875
EVT282692,P018,S02,dairy,32,40,1,0,2026-06-08T15:52:01.234878
EVT226781,P016,S04,beverages,18,60,11,0,2026-06-08T15:52:01.234881
EVT184386,P020,S03,household,25,30,5,0,2026-06-08T15:52:01.234884
EVT498661,P017,S01,snacks,10,50,6,1,2026-06-08T15:52:01.234886
EVT413727,P013,S04,beverages,1,60,15,0,2026-06-08T15:52:01.234889
EVT848863,P010,S02,beverages,23,60,16,0,2026-06-08T15:52:01.234891
EVT661015,P009,S04,beverages,57,60,4,0,2026-06-08T15:52:01.234894
EVT259452,P004,S04,household,14,30,7,0,2026-06-08T15:52:01.234896
EVT207563,P012,S04,beverages,52,60,6,0,2026-06-08T15:52:01.234899
EVT991434,P017,S04,beverages,2,60,6,1,2026-06-08T15:52:01.234902
EVT246464,P015,S03,frozen,31,45,6,0,2026-06-08T15:52:01.234904
EVT307748,P008,S03,bakery,15,35,11,0,2026-06-08T15:52:01.234907
EVT494852,P001,S01,frozen,6,45,9,1,2026-06-08T15:52:01.234910
EVT868043,P012,S01,frozen,22,45,5,0,2026-06-08T15:52:01.234912
EVT429622,P018,S04,dairy,9,40,9,0,2026-06-08T15:52:01.234915
EVT410674,P003,S02,snacks,40,50,3,0,2026-06-08T15:52:01.234917
EVT701374,P018,S03,snacks,6,50,4,0,2026-06-08T15:52:01.234920
EVT126228,P011,S04,household,1,30,5,0,2026-06-08T15:52:01.234923
EVT918813,P015,S04,frozen,4,45,14,1,2026-06-08T15:52:01.234926
EVT421628,P019,S02,household,28,30,0,1,2026-06-08T15:52:01.234929
EVT446766,P010,S04,beverages,56,60,5,0,2026-06-08T15:52:01.234932
EVT243581,P019,S03,household,9,30,11,0,2026-06-08T15:52:01.234935
EVT761954,P001,S03,frozen,23,45,4,0,2026-06-08T15:52:01.234938
EVT427965,P003,S02,snacks,18,50,13,0,2026-06-08T15:52:01.234940
EVT750399,P005,S03,bakery,18,35,1,0,2026-06-08T15:52:01.234943
EVT473453,P019,S03,beverages,1,60,10,0,2026-06-08T15:52:01.234945
EVT447829,P004,S01,household,9,30,10,0,2026-06-08T15:52:01.234948
EVT910916,P009,S03,frozen,31,45,2,0,2026-06-08T15:52:01.234950
EVT425821,P013,S04,snacks,31,50,6,0,2026-06-08T15:52:01.234953
EVT526069,P012,S01,snacks,29,50,4,0,2026-06-08T15:52:01.234956
EVT617053,P009,S04,household,4,30,10,0,2026-06-08T15:52:01.234958
EVT387832,P004,S01,dairy,27,40,2,0,2026-06-08T15:52:01.234961
EVT482307,P020,S01,dairy,31,40,1,0,2026-06-08T15:52:01.234963
EVT302187,P019,S03,dairy,17,40,10,0,2026-06-08T15:52:01.234967
EVT268954,P018,S02,snacks,38,50,6,0,2026-06-08T15:52:01.234970
EVT484997,P005,S02,frozen,21,45,0,0,2026-06-08T15:52:01.234972
EVT226918,P012,S02,beverages,29,60,4,0,2026-06-08T15:52:01.234975
EVT457426,P010,S03,household,21,30,3,0,2026-06-08T15:52:01.234977
EVT147540,P011,S02,frozen,32,45,5,0,2026-06-08T15:52:01.234985
EVT698149,P001,S02,frozen,36,45,6,0,2026-06-08T15:52:01.234987
EVT247505,P015,S04,beverages,1,60,2,0,2026-06-08T15:52:01.234990
EVT777407,P012,S01,snacks,49,50,1,0,2026-06-08T15:52:01.234992
EVT527157,P016,S01,snacks,35,50,5,0,2026-06-08T15:52:01.234995
EVT538985,P015,S02,dairy,15,40,16,0,2026-06-08T15:52:01.234998
EVT740195,P001,S02,household,3,30,16,0,2026-06-08T15:52:01.235000
EVT876123,P006,S01,frozen,6,45,11,0,2026-06-08T15:52:01.235003
EVT567794,P018,S03,dairy,5,40,0,0,2026-06-08T15:52:01.235006
EVT163337,P017,S02,household,23,30,5,0,2026-06-08T15:52:01.235008
EVT957042,P019,S03,bakery,16,35,8,0,2026-06-08T15:52:01.235011
EVT606941,P010,S02,frozen,9,45,4,0,2026-06-08T15:52:01.235014
EVT378271,P006,S01,beverages,34,60,3,0,2026-06-08T15:52:01.235016
EVT367528,P008,S02,bakery,16,35,4,0,2026-06-08T15:52:01.235019
EVT407109,P011,S02,dairy,35,40,5,0,2026-06-08T15:52:01.235022
EVT539497,P016,S04,snacks,0,50,16,0,2026-06-08T15:52:01.235025
EVT312937,P009,S03,household,5,30,13,0,2026-06-08T15:52:01.235027
EVT829509,P011,S03,frozen,0,45,10,0,2026-06-08T15:52:01.235030
EVT155012,P002,S04,frozen,40,45,6,1,2026-06-08T15:52:01.235032
EVT646636,P003,S04,frozen,1,45,18,0,2026-06-08T15:52:01.235035
EVT523731,P005,S01,beverages,5,60,17,0,2026-06-08T15:52:01.235038
EVT374026,P007,S01,snacks,29,50,4,0,2026-06-08T15:52:01.235040
EVT182612,P004,S01,bakery,5,35,14,0,2026-06-08T15:52:01.235043
EVT768796,P011,S04,frozen,8,45,11,0,2026-06-08T15:52:01.235045
EVT269970,P018,S01,frozen,12,45,12,1,2026-06-08T15:52:01.235048
EVT208067,P019,S04,beverages,30,60,6,0,2026-06-08T15:52:01.235051
EVT860338,P010,S01,dairy,39,40,6,0,2026-06-08T15:52:01.235053
EVT170723,P010,S04,beverages,44,60,1,0,2026-06-08T15:52:01.235056
EVT658740,P013,S03,snacks,44,50,6,0,2026-06-08T15:52:01.235058
EVT365338,P017,S01,household,0,30,12,0,2026-06-08T15:52:01.235061
EVT155840,P012,S04,snacks,47,50,0,0,2026-06-08T15:52:01.235064
EVT373665,P020,S01,snacks,31,50,4,0,2026-06-08T15:52:01.235067
EVT459887,P011,S04,bakery,5,35,10,0,2026-06-08T15:52:01.235069
EVT422003,P019,S04,household,20,30,3,0,2026-06-08T15:52:01.235072
EVT334020,P012,S04,household,15,30,9,1,2026-06-08T15:52:01.235075
EVT780560,P006,S02,beverages,11,60,10,1,2026-06-08T15:52:01.235077
EVT244382,P010,S02,beverages,18,60,14,0,2026-06-08T15:52:01.235080
EVT525251,P003,S01,bakery,24,35,5,1,2026-06-08T15:52:01.235082
EVT126215,P009,S03,household,17,30,0,0,2026-06-08T15:52:01.235085
EVT259592,P016,S02,snacks,48,50,1,0,2026-06-08T15:52:01.235088
EVT916417,P009,S03,snacks,12,50,11,1,2026-06-08T15:52:01.235091
EVT505570,P006,S04,dairy,23,40,6,0,2026-06-08T15:52:01.235093
EVT695082,P013,S01,household,8,30,12,1,2026-06-08T15:52:01.235096
EVT622719,P004,S02,household,22,30,6,0,2026-06-08T15:52:01.235098
EVT365116,P008,S01,household,1,30,0,0,2026-06-08T15:52:01.235101
EVT468115,P015,S02,bakery,24,35,6,1,2026-06-08T15:52:01.235103
EVT407113,P003,S03,beverages,46,60,0,1,2026-06-08T15:52:01.235109
EVT525572,P004,S01,frozen,36,45,0,1,2026-06-08T15:52:01.235112
EVT535950,P010,S02,frozen,26,45,5,0,2026-06-08T15:52:01.235115
EVT517135,P013,S04,frozen,6,45,13,0,2026-06-08T15:52:01.235118
EVT444976,P007,S01,beverages,43,60,0,0,2026-06-08T15:52:01.235120
EVT299351,P018,S04,snacks,5,50,6,1,2026-06-08T15:52:01.235123
EVT449566,P002,S02,household,3,30,12,1,2026-06-08T15:52:01.235125
EVT301605,P004,S04,bakery,8,35,0,0,2026-06-08T15:52:01.235128
EVT503113,P008,S02,household,30,30,4,0,2026-06-08T15:52:01.235131
EVT127415,P008,S01,snacks,35,50,3,0,2026-06-08T15:52:01.235133
EVT978142,P009,S01,household,15,30,6,0,2026-06-08T15:52:01.235136
EVT295942,P016,S01,beverages,60,60,5,0,2026-06-08T15:52:01.235138
EVT962516,P005,S04,frozen,44,45,3,0,2026-06-08T15:52:01.235141
EVT763198,P014,S02,household,3,30,3,0,2026-06-08T15:52:01.235144
EVT984811,P007,S04,bakery,9,35,14,0,2026-06-08T15:52:01.235147
EVT346033,P006,S01,beverages,54,60,2,0,2026-06-08T15:52:01.235149
EVT298090,P007,S01,beverages,47,60,0,0,2026-06-08T15:52:01.235152
EVT290513,P015,S02,household,24,30,1,1,2026-06-08T15:52:01.235155
EVT128525,P016,S01,household,10,30,16,0,2026-06-08T15:52:01.235158
EVT131415,P017,S02,household,4,30,4,0,2026-06-08T15:52:01.235160
EVT555923,P003,S02,snacks,0,50,12,0,2026-06-08T15:52:01.235163
EVT106161,P017,S02,beverages,48,60,6,0,2026-06-08T15:52:01.235165
EVT528483,P009,S04,beverages,39,60,6,0,2026-06-08T15:52:01.235168
EVT817489,P015,S01,household,26,30,0,0,2026-06-08T15:52:01.235170
EVT372891,P008,S01,snacks,40,50,3,0,2026-06-08T15:52:01.235173
EVT802904,P015,S03,dairy,9,40,4,0,2026-06-08T15:52:01.235176
EVT835315,P003,S02,dairy,2,40,14,0,2026-06-08T15:52:01.235179
EVT942258,P004,S02,dairy,3,40,1,0,2026-06-08T15:52:01.235181
EVT905132,P014,S03,frozen,7,45,13,0,2026-06-08T15:52:01.235184
EVT674513,P012,S02,frozen,25,45,1,0,2026-06-08T15:52:01.235186
EVT846745,P003,S02,household,5,30,4,0,2026-06-08T15:52:01.235189
EVT674350,P003,S04,snacks,17,50,10,0,2026-06-08T15:52:01.235192
EVT129172,P015,S03,frozen,12,45,16,0,2026-06-08T15:52:01.235198
EVT736334,P008,S01,bakery,11,35,7,1,2026-06-08T15:52:01.235201
EVT561909,P016,S04,dairy,5,40,1,0,2026-06-08T15:52:01.235203
EVT370595,P015,S01,beverages,38,60,1,0,2026-06-08T15:52:01.235206
EVT578035,P011,S03,bakery,35,35,4,0,2026-06-08T15:52:01.235208
EVT406506,P017,S04,household,10,30,0,0,2026-06-08T15:52:01.235211
EVT699742,P011,S03,beverages,26,60,10,0,2026-06-08T15:52:01.235213
EVT504538,P012,S03,frozen,7,45,16,0,2026-06-08T15:52:01.235216
EVT115804,P003,S01,snacks,11,50,11,0,2026-06-08T15:52:01.235218
EVT554446,P017,S01,household,14,30,3,0,2026-06-08T15:52:01.235221
EVT968031,P007,S01,dairy,20,40,0,0,2026-06-08T15:52:01.235223
EVT528231,P020,S03,dairy,3,40,15,0,2026-06-08T15:52:01.235225
EVT202252,P015,S01,beverages,7,60,0,0,2026-06-08T15:52:01.235227
EVT308360,P018,S03,snacks,34,50,3,0,2026-06-08T15:52:01.235230
EVT883295,P018,S03,dairy,1,40,15,0,2026-06-08T15:52:01.235232
EVT403685,P001,S03,frozen,10,45,10,1,2026-06-08T15:52:01.235234
EVT161044,P011,S01,frozen,31,45,2,0,2026-06-08T15:52:01.235237
EVT674565,P016,S01,snacks,7,50,15,0,2026-06-08T15:52:01.235239
EVT314957,P006,S04,snacks,35,50,0,0,2026-06-08T15:52:01.235241
EVT522840,P018,S01,beverages,17,60,11,0,2026-06-08T15:52:01.235245
EVT204325,P009,S01,household,4,30,0,0,2026-06-08T15:52:01.235247
EVT605080,P012,S04,bakery,5,35,18,0,2026-06-08T15:52:01.235249
EVT742415,P017,S03,snacks,6,50,12,0,2026-06-08T15:52:01.235252
EVT628574,P009,S02,dairy,32,40,6,0,2026-06-08T15:52:01.235254
EVT858559,P019,S01,dairy,38,40,1,0,2026-06-08T15:52:01.235256
EVT305402,P004,S02,frozen,16,45,12,0,2026-06-08T15:52:01.235259
EVT859573,P008,S01,beverages,43,60,2,0,2026-06-08T15:52:01.235262
EVT551672,P001,S02,frozen,15,45,9,0,2026-06-08T15:52:01.235264
EVT910563,P017,S04,beverages,27,60,1,0,2026-06-08T15:52:01.235266
EVT959120,P018,S03,dairy,1,40,5,0,2026-06-08T15:52:01.235269
EVT337218,P012,S03,frozen,42,45,0,0,2026-06-08T15:52:01.235271
EVT272698,P019,S02,bakery,3,35,3,0,2026-06-08T15:52:01.235273
EVT982098,P012,S01,dairy,3,40,11,0,2026-06-08T15:52:01.235276
EVT179030,P013,S01,frozen,33,45,5,0,2026-06-08T15:52:01.235278
EVT569999,P004,S03,dairy,37,40,3,0,2026-06-08T15:52:01.235281
EVT635711,P001,S04,dairy,35,40,4,0,2026-06-08T15:52:01.235283
EVT365501,P016,S02,bakery,10,35,14,1,2026-06-08T15:52:01.235285
EVT686834,P014,S03,dairy,6,40,11,0,2026-06-08T15:52:01.235288
EVT798561,P008,S01,household,9,30,10,0,2026-06-08T15:52:01.235290
EVT785617,P003,S03,household,16,30,7,0,2026-06-08T15:52:01.235298
EVT781106,P005,S04,beverages,2,60,17,0,2026-06-08T15:52:01.235300
EVT371382,P005,S03,bakery,0,35,18,0,2026-06-08T15:52:01.235302
EVT706611,P013,S02,bakery,8,35,12,1,2026-06-08T15:52:01.235304
EVT127269,P007,S04,dairy,15,40,9,0,2026-06-08T15:52:01.235307
EVT923895,P003,S02,dairy,2,40,18,0,2026-06-08T15:52:01.235309
EVT916670,P010,S01,snacks,39,50,3,1,2026-06-08T15:52:01.235312
EVT101788,P010,S02,household,22,30,3,0,2026-06-08T15:52:01.235314
EVT977156,P019,S02,beverages,1,60,12,1,2026-06-08T15:52:01.235316
EVT349478,P019,S04,frozen,26,45,1,0,2026-06-08T15:52:01.235319
EVT938165,P011,S04,dairy,21,40,3,0,2026-06-08T15:52:01.235321
EVT739264,P015,S02,dairy,10,40,10,0,2026-06-08T15:52:01.235323
EVT308339,P013,S01,bakery,6,35,14,0,2026-06-08T15:52:01.235326
EVT927352,P012,S01,snacks,42,50,0,0,2026-06-08T15:52:01.235328
EVT278284,P017,S04,dairy,37,40,1,1,2026-06-08T15:52:01.235330
EVT442983,P013,S01,beverages,32,60,6,0,2026-06-08T15:52:01.235333
EVT115892,P015,S04,beverages,56,60,6,0,2026-06-08T15:52:01.235335
EVT487860,P005,S01,beverages,0,60,14,0,2026-06-08T15:52:01.235338
EVT932608,P015,S02,dairy,30,40,4,0,2026-06-08T15:52:01.235340
EVT471894,P016,S01,household,13,30,1,0,2026-06-08T15:52:01.235343
EVT225643,P011,S01,dairy,27,40,3,0,2026-06-08T15:52:01.235345
EVT388973,P015,S04,frozen,44,45,0,0,2026-06-08T15:52:01.235348
EVT858379,P020,S04,frozen,18,45,15,0,2026-06-08T15:52:01.235350
EVT620722,P010,S03,dairy,3,40,5,0,2026-06-08T15:52:01.235352
EVT696475,P001,S04,frozen,0,45,2,0,2026-06-08T15:52:01.235355
EVT864602,P013,S04,household,10,30,13,1,2026-06-08T15:52:01.235358
EVT574103,P020,S04,beverages,0,60,6,1,2026-06-08T15:52:01.235360
EVT797722,P013,S02,bakery,35,35,5,0,2026-06-08T15:52:01.235362
EVT368057,P008,S02,snacks,37,50,4,1,2026-06-08T15:52:01.235365
EVT423792,P015,S04,frozen,2,45,17,0,2026-06-08T15:52:01.235367
EVT798643,P005,S03,snacks,0,50,12,0,2026-06-08T15:52:01.235369
EVT374943,P020,S02,frozen,30,45,2,0,2026-06-08T15:52:01.235372
EVT152824,P016,S01,snacks,32,50,0,0,2026-06-08T15:52:01.235375
EVT256142,P007,S04,snacks,12,50,7,1,2026-06-08T15:52:01.235377
EVT279042,P006,S02,household,7,30,0,0,2026-06-08T15:52:01.235379
EVT356095,P016,S02,frozen,44,45,5,0,2026-06-08T15:52:01.235382
EVT169529,P017,S01,household,7,30,3,0,2026-06-08T15:52:01.235384
EVT197064,P008,S03,frozen,35,45,3,0,2026-06-08T15:52:01.235386
EVT318635,P001,S02,bakery,0,35,10,0,2026-06-08T15:52:01.235389
EVT405020,P009,S04,bakery,1,35,16,0,2026-06-08T15:52:01.235394
EVT783127,P019,S01,dairy,15,40,14,0,2026-06-08T15:52:01.235397
EVT627919,P015,S04,snacks,18,50,9,0,2026-06-08T15:52:01.235400
EVT563903,P009,S04,dairy,30,40,5,0,2026-06-08T15:52:01.235402
EVT730960,P009,S03,beverages,51,60,4,0,2026-06-08T15:52:01.235404
EVT638885,P003,S04,household,2,30,11,0,2026-06-08T15:52:01.235407
EVT178894,P002,S04,snacks,42,50,4,0,2026-06-08T15:52:01.235409
EVT134479,P014,S02,bakery,18,35,6,1,2026-06-08T15:52:01.235412
EVT214111,P013,S03,household,30,30,3,1,2026-06-08T15:52:01.235414
EVT486791,P007,S01,frozen,37,45,5,0,2026-06-08T15:52:01.235416
EVT143583,P010,S04,snacks,8,50,3,0,2026-06-08T15:52:01.235419
EVT798080,P008,S01,frozen,27,45,3,0,2026-06-08T15:52:01.235421
EVT485933,P010,S03,household,3,30,18,0,2026-06-08T15:52:01.235424
EVT732910,P002,S03,beverages,2,60,15,0,2026-06-08T15:52:01.235426
EVT696001,P004,S04,snacks,2,50,1,0,2026-06-08T15:52:01.235428
EVT151983,P014,S01,household,12,30,7,0,2026-06-08T15:52:01.235431
EVT355388,P011,S01,household,17,30,6,0,2026-06-08T15:52:01.235433
EVT493635,P018,S01,dairy,19,40,2,0,2026-06-08T15:52:01.235435
EVT424785,P018,S02,bakery,33,35,2,0,2026-06-08T15:52:01.235439
EVT794968,P009,S03,dairy,7,40,18,0,2026-06-08T15:52:01.235441
EVT144529,P017,S02,bakery,0,35,1,0,2026-06-08T15:52:01.235444
EVT731915,P005,S02,household,29,30,0,0,2026-06-08T15:52:01.235446
EVT895766,P004,S01,dairy,10,40,4,0,2026-06-08T15:52:01.235449
EVT361479,P011,S03,frozen,6,45,15,0,2026-06-08T15:52:01.235451
EVT726998,P004,S02,dairy,10,40,14,1,2026-06-08T15:52:01.235453
EVT250647,P011,S04,bakery,0,35,5,0,2026-06-08T15:52:01.235455
EVT284107,P010,S02,frozen,12,45,16,0,2026-06-08T15:52:01.235458
EVT257592,P019,S02,beverages,13,60,7,1,2026-06-08T15:52:01.235460
EVT834891,P009,S01,snacks,0,50,11,1,2026-06-08T15:52:01.235463
EVT953195,P020,S03,frozen,32,45,1,0,2026-06-08T15:52:01.235465
EVT778964,P017,S01,snacks,23,50,5,0,2026-06-08T15:52:01.235467
EVT199787,P014,S01,dairy,10,40,15,0,2026-06-08T15:52:01.235470
EVT927472,P020,S01,snacks,32,50,2,0,2026-06-08T15:52:01.235472
EVT715327,P012,S04,bakery,31,35,1,0,2026-06-08T15:52:01.235475
EVT923628,P018,S04,bakery,8,35,15,0,2026-06-08T15:52:01.235477
EVT241203,P012,S03,snacks,48,50,1,0,2026-06-08T15:52:01.235479
EVT597816,P006,S02,dairy,32,40,0,0,2026-06-08T15:52:01.235482
EVT640141,P005,S01,snacks,7,50,13,0,2026-06-08T15:52:01.235484
EVT135455,P003,S02,beverages,44,60,1,0,2026-06-08T15:52:01.235486
EVT722810,P008,S01,household,17,30,0,0,2026-06-08T15:52:01.235489
EVT944568,P005,S04,beverages,41,60,2,0,2026-06-08T15:52:01.235491
EVT403071,P011,S02,dairy,18,40,11,0,2026-06-08T15:52:01.235494
EVT513296,P012,S02,bakery,4,35,15,0,2026-06-08T15:52:01.235496
EVT756144,P009,S04,snacks,36,50,6,0,2026-06-08T15:52:01.235501
EVT385523,P019,S04,beverages,17,60,16,0,2026-06-08T15:52:01.235504
EVT636535,P019,S02,dairy,8,40,12,0,2026-06-08T15:52:01.235506
EVT738606,P017,S02,beverages,45,60,5,0,2026-06-08T15:52:01.235509
EVT561786,P019,S03,bakery,8,35,14,0,2026-06-08T15:52:01.235511
EVT509171,P012,S02,beverages,9,60,4,0,2026-06-08T15:52:01.235513
EVT651014,P009,S04,frozen,36,45,1,0,2026-06-08T15:52:01.235516
EVT569356,P011,S02,snacks,12,50,9,0,2026-06-08T15:52:01.235519
EVT238422,P017,S02,beverages,49,60,2,1,2026-06-08T15:52:01.235521
EVT777190,P004,S02,dairy,23,40,0,0,2026-06-08T15:52:01.235523
EVT855053,P020,S01,bakery,5,35,17,0,2026-06-08T15:52:01.235526
EVT457464,P005,S04,household,30,30,0,0,2026-06-08T15:52:01.235528
EVT722861,P015,S03,snacks,40,50,4,0,2026-06-08T15:52:01.235531
EVT513050,P009,S04,household,21,30,0,0,2026-06-08T15:52:01.235533
EVT551007,P011,S02,beverages,27,60,4,0,2026-06-08T15:52:01.235535
EVT393681,P018,S04,snacks,3,50,10,0,2026-06-08T15:52:01.235538
EVT450261,P008,S04,bakery,34,35,2,0,2026-06-08T15:52:01.235540
EVT628673,P012,S01,frozen,36,45,1,0,2026-06-08T15:52:01.235543
EVT721345,P013,S02,snacks,9,50,9,1,2026-06-08T15:52:01.235545
EVT965657,P011,S01,bakery,35,35,2,0,2026-06-08T15:52:01.235548
EVT952266,P016,S01,frozen,45,45,1,0,2026-06-08T15:52:01.235550
EVT191900,P014,S03,beverages,49,60,0,0,2026-06-08T15:52:01.235552
EVT475763,P014,S02,dairy,7,40,4,0,2026-06-08T15:52:01.235554
EVT793956,P011,S01,household,3,30,14,1,2026-06-08T15:52:01.235557
EVT617101,P010,S04,bakery,11,35,10,0,2026-06-08T15:52:01.235560
EVT398698,P017,S03,household,2,30,18,0,2026-06-08T15:52:01.235562
EVT861712,P010,S04,beverages,15,60,8,0,2026-06-08T15:52:01.235564
EVT882759,P006,S02,household,27,30,5,1,2026-06-08T15:52:01.235567
EVT616289,P014,S03,beverages,16,60,7,1,2026-06-08T15:52:01.235569
EVT251042,P007,S04,bakery,2,35,12,0,2026-06-08T15:52:01.235571
EVT810878,P011,S01,snacks,8,50,5,0,2026-06-08T15:52:01.235574
EVT908591,P020,S02,dairy,14,40,14,0,2026-06-08T15:52:01.235576
EVT683396,P015,S03,household,25,30,0,0,2026-06-08T15:52:01.235578
EVT362445,P004,S01,snacks,3,50,12,0,2026-06-08T15:52:01.235580
EVT529084,P013,S01,frozen,24,45,6,0,2026-06-08T15:52:01.235583
EVT326882,P003,S03,beverages,8,60,10,0,2026-06-08T15:52:01.235585
EVT468213,P013,S04,frozen,7,45,5,0,2026-06-08T15:52:01.235588
EVT108079,P004,S01,snacks,41,50,5,1,2026-06-08T15:52:01.235590
EVT909333,P017,S01,dairy,22,40,0,0,2026-06-08T15:52:01.235592
EVT797436,P017,S03,frozen,12,45,13,1,2026-06-08T15:52:01.235599
EVT301967,P011,S04,beverages,57,60,1,0,2026-06-08T15:52:01.235602
EVT164631,P009,S03,beverages,40,60,4,0,2026-06-08T15:52:01.235604
EVT526060,P004,S01,bakery,1,35,2,0,2026-06-08T15:52:01.235606
EVT783347,P003,S02,household,9,30,6,1,2026-06-08T15:52:01.235609
EVT714570,P008,S01,household,13,30,15,0,2026-06-08T15:52:01.235611
EVT850249,P017,S02,dairy,1,40,15,0,2026-06-08T15:52:01.235613
EVT534595,P004,S04,snacks,3,50,10,0,2026-06-08T15:52:01.235616
EVT657724,P005,S03,dairy,37,40,3,0,2026-06-08T15:52:01.235618
EVT491303,P012,S04,dairy,2,40,11,1,2026-06-08T15:52:01.235620
EVT302509,P005,S02,snacks,9,50,10,0,2026-06-08T15:52:01.235623
EVT473749,P017,S01,dairy,33,40,0,0,2026-06-08T15:52:01.235625
EVT128455,P009,S01,bakery,8,35,12,0,2026-06-08T15:52:01.235628
EVT273799,P012,S03,beverages,25,60,9,0,2026-06-08T15:52:01.235630
EVT237622,P007,S04,bakery,33,35,4,0,2026-06-08T15:52:01.235633
EVT632820,P003,S03,beverages,2,60,17,0,2026-06-08T15:52:01.235635
EVT632134,P020,S02,dairy,38,40,3,0,2026-06-08T15:52:01.235638
EVT287611,P020,S01,beverages,18,60,15,0,2026-06-08T15:52:01.235640
EVT989506,P016,S03,beverages,60,60,2,0,2026-06-08T15:52:01.235643
EVT231760,P009,S03,snacks,0,50,13,0,2026-06-08T15:52:01.235645
EVT923912,P018,S04,bakery,4,35,0,0,2026-06-08T15:52:01.235647
EVT264405,P018,S04,snacks,0,50,12,0,2026-06-08T15:52:01.235649
EVT912969,P019,S03,dairy,29,40,5,0,2026-06-08T15:52:01.235652
EVT853746,P018,S03,beverages,58,60,4,0,2026-06-08T15:52:01.235654
EVT367634,P004,S03,beverages,36,60,6,0,2026-06-08T15:52:01.235656
EVT524361,P018,S01,beverages,3,60,2,0,2026-06-08T15:52:01.235659
EVT509027,P017,S01,household,10,30,15,0,2026-06-08T15:52:01.235661
EVT856924,P020,S03,bakery,0,35,12,0,2026-06-08T15:52:01.235663
EVT158061,P017,S02,dairy,10,40,4,0,2026-06-08T15:52:01.235666
EVT328237,P016,S02,dairy,26,40,6,0,2026-06-08T15:52:01.235668
EVT719845,P002,S04,snacks,47,50,4,0,2026-06-08T15:52:01.235670
EVT999642,P002,S01,frozen,41,45,3,1,2026-06-08T15:52:01.235673
EVT101066,P012,S02,beverages,0,60,0,0,2026-06-08T15:52:01.235676
EVT793283,P015,S01,frozen,5,45,0,0,2026-06-08T15:52:01.235678
EVT473119,P017,S03,dairy,26,40,6,0,2026-06-08T15:52:01.235680
EVT910431,P016,S03,household,9,30,10,1,2026-06-08T15:52:01.235686
EVT917761,P009,S04,bakery,2,35,2,0,2026-06-08T15:52:01.235688
EVT111840,P009,S03,household,16,30,5,0,2026-06-08T15:52:01.235690
EVT161530,P002,S03,snacks,7,50,13,0,2026-06-08T15:52:01.235693
EVT550243,P003,S03,snacks,7,50,2,0,2026-06-08T15:52:01.235695
EVT314977,P006,S03,frozen,40,45,2,0,2026-06-08T15:52:01.235697
EVT335256,P011,S02,beverages,1,60,5,0,2026-06-08T15:52:01.235700
EVT892948,P013,S04,beverages,13,60,7,0,2026-06-08T15:52:01.235702
EVT970952,P006,S04,snacks,44,50,2,0,2026-06-08T15:52:01.235704
EVT876914,P003,S04,bakery,7,35,9,1,2026-06-08T15:52:01.235707
EVT933279,P009,S03,beverages,23,60,8,0,2026-06-08T15:52:01.235709
EVT843922,P006,S03,dairy,9,40,10,0,2026-06-08T15:52:01.235712
EVT313629,P013,S04,dairy,39,40,6,0,2026-06-08T15:52:01.235714
EVT671367,P020,S03,household,8,30,14,1,2026-06-08T15:52:01.235717
EVT347103,P015,S04,household,1,30,11,1,2026-06-08T15:52:01.235719
EVT234181,P012,S04,frozen,33,45,3,0,2026-06-08T15:52:01.235722
EVT160137,P018,S04,dairy,23,40,1,0,2026-06-08T15:52:01.235724
EVT999318,P012,S04,dairy,6,40,16,0,2026-06-08T15:52:01.235726
EVT308122,P013,S01,dairy,1,40,4,0,2026-06-08T15:52:01.235729
EVT789935,P019,S02,household,10,30,11,0,2026-06-08T15:52:01.235732
EVT519607,P004,S03,frozen,12,45,14,0,2026-06-08T15:52:01.235734
EVT516385,P018,S01,beverages,3,60,5,0,2026-06-08T15:52:01.235737
EVT437012,P017,S02,snacks,10,50,16,0,2026-06-08T15:52:01.235739
EVT357286,P015,S02,snacks,48,50,2,0,2026-06-08T15:52:01.235741
EVT558500,P006,S04,snacks,21,50,16,0,2026-06-08T15:52:01.235744
EVT521376,P017,S03,snacks,48,50,5,1,2026-06-08T15:52:01.235746
EVT137399,P014,S01,snacks,11,50,10,1,2026-06-08T15:52:01.235748
EVT659794,P018,S03,bakery,20,35,5,0,2026-06-08T15:52:01.235751
EVT469982,P010,S02,frozen,1,45,3,0,2026-06-08T15:52:01.235754
EVT533985,P002,S04,snacks,11,50,8,0,2026-06-08T15:52:01.235757
EVT767089,P014,S02,bakery,10,35,4,0,2026-06-08T15:52:01.235759
EVT558536,P010,S03,bakery,5,35,3,0,2026-06-08T15:52:01.235762
EVT748423,P001,S04,snacks,25,50,2,1,2026-06-08T15:52:01.235764
EVT568379,P003,S02,snacks,0,50,11,0,2026-06-08T15:52:01.235766
EVT754286,P007,S03,frozen,25,45,4,0,2026-06-08T15:52:01.235768
EVT398095,P007,S04,beverages,44,60,3,0,2026-06-08T15:52:01.235771
EVT268108,P009,S03,household,14,30,8,1,2026-06-08T15:52:01.235773
EVT330455,P012,S03,snacks,42,50,1,0,2026-06-08T15:52:01.235776
EVT405981,P012,S03,frozen,7,45,11,0,2026-06-08T15:52:01.235778
EVT324663,P006,S04,bakery,2,35,0,0,2026-06-08T15:52:01.235783
EVT163713,P007,S02,dairy,28,40,3,0,2026-06-08T15:52:01.235785
EVT959269,P008,S01,bakery,9,35,0,0,2026-06-08T15:52:01.235793
EVT104558,P011,S01,dairy,39,40,5,0,2026-06-08T15:52:01.235795
EVT321044,P002,S01,beverages,33,60,2,1,2026-06-08T15:52:01.235798
EVT660431,P017,S04,frozen,4,45,8,1,2026-06-08T15:52:01.235800
EVT916878,P012,S02,dairy,28,40,3,0,2026-06-08T15:52:01.235803
EVT189042,P016,S02,beverages,40,60,0,0,2026-06-08T15:52:01.235805
EVT523936,P005,S03,frozen,33,45,2,0,2026-06-08T15:52:01.235807
EVT144980,P012,S01,snacks,17,50,8,0,2026-06-08T15:52:01.235810
EVT706270,P010,S02,household,21,30,3,0,2026-06-08T15:52:01.235812
EVT954559,P014,S03,dairy,15,40,15,0,2026-06-08T15:52:01.235815
EVT460840,P013,S01,beverages,32,60,0,0,2026-06-08T15:52:01.235817
EVT197358,P003,S03,dairy,17,40,10,0,2026-06-08T15:52:01.235819
EVT669293,P012,S01,frozen,1,45,14,1,2026-06-08T15:52:01.235821
EVT775359,P009,S02,dairy,31,40,3,0,2026-06-08T15:52:01.235824
EVT784628,P004,S02,snacks,26,50,1,0,2026-06-08T15:52:01.235826
EVT927683,P018,S03,dairy,38,40,6,0,2026-06-08T15:52:01.235829
EVT455101,P003,S02,frozen,42,45,1,0,2026-06-08T15:52:01.235831
EVT425356,P020,S03,frozen,26,45,6,1,2026-06-08T15:52:01.235834
EVT147162,P004,S03,frozen,0,45,14,0,2026-06-08T15:52:01.235837
EVT503624,P012,S04,household,17,30,1,0,2026-06-08T15:52:01.235839
EVT278493,P009,S04,bakery,8,35,14,0,2026-06-08T15:52:01.235842
EVT564862,P019,S02,dairy,31,40,3,0,2026-06-08T15:52:01.235844
EVT835023,P006,S03,bakery,8,35,15,1,2026-06-08T15:52:01.235846
EVT777158,P015,S03,snacks,6,50,12,0,2026-06-08T15:52:01.235849
EVT909888,P005,S02,household,7,30,14,0,2026-06-08T15:52:01.235851
EVT868759,P016,S01,beverages,19,60,13,0,2026-06-08T15:52:01.235854
EVT799807,P009,S02,frozen,33,45,4,0,2026-06-08T15:52:01.235856
EVT572361,P014,S04,bakery,0,35,13,0,2026-06-08T15:52:01.235858
EVT295406,P016,S02,beverages,1,60,4,0,2026-06-08T15:52:01.235861
EVT964772,P013,S02,frozen,27,45,1,0,2026-06-08T15:52:01.235863
EVT522721,P009,S04,frozen,3,45,14,0,2026-06-08T15:52:01.235866
EVT659157,P002,S04,household,23,30,1,1,2026-06-08T15:52:01.235868
EVT846725,P011,S04,frozen,10,45,14,1,2026-06-08T15:52:01.235870
EVT346095,P010,S01,beverages,55,60,6,0,2026-06-08T15:52:01.235873
EVT260453,P011,S01,bakery,15,35,10,0,2026-06-08T15:52:01.235875
EVT243465,P013,S01,bakery,28,35,2,1,2026-06-08T15:52:01.235878
EVT642739,P017,S01,household,22,30,0,0,2026-06-08T15:52:01.235880
EVT369264,P008,S03,dairy,5,40,5,0,2026-06-08T15:52:01.235883
EVT313188,P008,S03,beverages,45,60,4,0,2026-06-08T15:52:01.235885
EVT168197,P010,S04,frozen,1,45,16,0,2026-06-08T15:52:01.235891
EVT346561,P010,S04,household,18,30,2,1,2026-06-08T15:52:01.235894
EVT651005,P020,S01,bakery,10,35,7,1,2026-06-08T15:52:01.235896
EVT530022,P012,S03,bakery,20,35,5,0,2026-06-08T15:52:01.235898
EVT646749,P005,S02,household,12,30,10,0,2026-06-08T15:52:01.235901
EVT976789,P009,S04,dairy,7,40,13,0,2026-06-08T15:52:01.235903
EVT320960,P017,S01,beverages,12,60,7,0,2026-06-08T15:52:01.235906
EVT515578,P009,S02,frozen,28,45,5,0,2026-06-08T15:52:01.235908
EVT361056,P009,S04,snacks,10,50,12,1,2026-06-08T15:52:01.235910
EVT173497,P009,S01,bakery,9,35,10,0,2026-06-08T15:52:01.235913
EVT524956,P012,S04,household,29,30,2,0,2026-06-08T15:52:01.235915
EVT917730,P004,S02,bakery,32,35,0,1,2026-06-08T15:52:01.235917
EVT201251,P019,S04,frozen,23,45,3,0,2026-06-08T15:52:01.235920
EVT229785,P014,S03,frozen,22,45,5,0,2026-06-08T15:52:01.235923
EVT839047,P010,S04,beverages,3,60,17,0,2026-06-08T15:52:01.235925
EVT642115,P013,S03,frozen,27,45,3,0,2026-06-08T15:52:01.235927
EVT836818,P010,S03,bakery,13,35,11,1,2026-06-08T15:52:01.235930
EVT807934,P017,S03,household,1,30,5,0,2026-06-08T15:52:01.235932
EVT182653,P016,S02,beverages,8,60,14,0,2026-06-08T15:52:01.235935
EVT143347,P019,S02,beverages,46,60,6,0,2026-06-08T15:52:01.235937
EVT384261,P003,S03,household,0,30,14,0,2026-06-08T15:52:01.235939
EVT797101,P018,S02,beverages,28,60,0,0,2026-06-08T15:52:01.235942
EVT397974,P017,S02,snacks,1,50,11,0,2026-06-08T15:52:01.235944
EVT662385,P003,S03,bakery,9,35,0,0,2026-06-08T15:52:01.235946
EVT865520,P010,S04,bakery,25,35,1,0,2026-06-08T15:52:01.235949
EVT661401,P017,S02,household,30,30,3,0,2026-06-08T15:52:01.235951
EVT607162,P007,S03,snacks,26,50,1,0,2026-06-08T15:52:01.235953
EVT950523,P013,S04,snacks,24,50,4,0,2026-06-08T15:52:01.235956
EVT275954,P019,S04,household,17,30,1,0,2026-06-08T15:52:01.235958
EVT414487,P015,S03,household,1,30,10,1,2026-06-08T15:52:01.235960
EVT577840,P017,S01,bakery,19,35,1,0,2026-06-08T15:52:01.235963
EVT806574,P019,S01,snacks,48,50,5,0,2026-06-08T15:52:01.235965
EVT751096,P004,S02,dairy,1,40,16,0,2026-06-08T15:52:01.235967
EVT942405,P006,S02,dairy,9,40,7,1,2026-06-08T15:52:01.235970
EVT772944,P011,S04,beverages,39,60,5,0,2026-06-08T15:52:01.235972
EVT506846,P019,S02,dairy,11,40,9,1,2026-06-08T15:52:01.235974
EVT265995,P019,S02,bakery,15,35,1,0,2026-06-08T15:52:01.235977
EVT172098,P018,S01,beverages,15,60,7,0,2026-06-08T15:52:01.235980
EVT355460,P009,S01,snacks,2,50,1,0,2026-06-08T15:52:01.235982
EVT701637,P012,S03,dairy,4,40,14,0,2026-06-08T15:52:01.235984
EVT278468,P006,S02,beverages,32,60,2,1,2026-06-08T15:52:01.235987
EVT237286,P017,S02,bakery,3,35,18,0,2026-06-08T15:52:01.235989
EVT671849,P008,S01,dairy,39,40,6,0,2026-06-08T15:52:01.235992
EVT518088,P008,S01,dairy,10,40,6,0,2026-06-08T15:52:01.235994
EVT474920,P018,S03,bakery,13,35,8,0,2026-06-08T15:52:01.236000
EVT548602,P016,S04,bakery,7,35,2,0,2026-06-08T15:52:01.236002
EVT526127,P010,S02,household,4,30,1,0,2026-06-08T15:52:01.236005
EVT468713,P010,S02,bakery,12,35,16,0,2026-06-08T15:52:01.236007
EVT106916,P005,S04,beverages,19,60,10,0,2026-06-08T15:52:01.236010
EVT786305,P006,S04,household,28,30,3,0,2026-06-08T15:52:01.236012
EVT375355,P009,S02,beverages,8,60,16,0,2026-06-08T15:52:01.236015
EVT698994,P014,S03,dairy,13,40,7,1,2026-06-08T15:52:01.236017
EVT579217,P014,S04,snacks,12,50,13,1,2026-06-08T15:52:01.236020
EVT783101,P001,S04,snacks,10,50,11,0,2026-06-08T15:52:01.236022
EVT994501,P003,S02,frozen,33,45,4,0,2026-06-08T15:52:01.236024
EVT767690,P004,S02,beverages,51,60,0,0,2026-06-08T15:52:01.236027
EVT872591,P009,S04,household,19,30,5,0,2026-06-08T15:52:01.236030
EVT170342,P006,S02,bakery,13,35,12,0,2026-06-08T15:52:01.236032
EVT156234,P012,S04,dairy,28,40,4,0,2026-06-08T15:52:01.236035
EVT488357,P014,S04,dairy,14,40,10,0,2026-06-08T15:52:01.236037
EVT431967,P013,S02,bakery,2,35,13,0,2026-06-08T15:52:01.236040
EVT296519,P019,S04,beverages,0,60,16,0,2026-06-08T15:52:01.236042
EVT851164,P017,S04,beverages,31,60,0,0,2026-06-08T15:52:01.236044
EVT989467,P020,S03,snacks,46,50,1,0,2026-06-08T15:52:01.236047
EVT571727,P017,S03,snacks,12,50,14,0,2026-06-08T15:52:01.236049
EVT336168,P014,S03,dairy,30,40,1,0,2026-06-08T15:52:01.236052
EVT642024,P016,S04,dairy,7,40,5,0,2026-06-08T15:52:01.236054
EVT626093,P009,S01,household,2,30,0,0,2026-06-08T15:52:01.236056
EVT951507,P016,S03,frozen,11,45,11,0,2026-06-08T15:52:01.236059
EVT610440,P014,S02,bakery,32,35,4,0,2026-06-08T15:52:01.236061
EVT923160,P008,S04,bakery,4,35,14,1,2026-06-08T15:52:01.236063
EVT935771,P014,S04,snacks,3,50,11,0,2026-06-08T15:52:01.236065
EVT787920,P011,S01,dairy,27,40,2,0,2026-06-08T15:52:01.236068
EVT338154,P008,S04,frozen,14,45,12,0,2026-06-08T15:52:01.236070
EVT557430,P011,S04,dairy,37,40,0,1,2026-06-08T15:52:01.236073
EVT441066,P002,S02,beverages,33,60,2,0,2026-06-08T15:52:01.236075
EVT131650,P006,S02,frozen,45,45,3,0,2026-06-08T15:52:01.236081
EVT279356,P014,S01,bakery,0,35,6,1,2026-06-08T15:52:01.236084
EVT244681,P010,S03,snacks,28,50,1,0,2026-06-08T15:52:01.236086
EVT821006,P011,S01,bakery,8,35,5,0,2026-06-08T15:52:01.236088
EVT254765,P006,S02,household,22,30,0,0,2026-06-08T15:52:01.236091
EVT455251,P015,S03,frozen,33,45,1,1,2026-06-08T15:52:01.236093
EVT755333,P001,S03,dairy,35,40,1,0,2026-06-08T15:52:01.236096
EVT975234,P018,S01,household,30,30,5,0,2026-06-08T15:52:01.236098
EVT360135,P009,S01,frozen,45,45,4,0,2026-06-08T15:52:01.236100
EVT697404,P014,S03,frozen,24,45,1,0,2026-06-08T15:52:01.236103
EVT723923,P013,S03,beverages,57,60,3,1,2026-06-08T15:52:01.236105
EVT853774,P007,S01,snacks,8,50,17,0,2026-06-08T15:52:01.236108
EVT979117,P016,S01,household,27,30,3,0,2026-06-08T15:52:01.236110
EVT656111,P017,S03,dairy,28,40,4,0,2026-06-08T15:52:01.236112
EVT366435,P014,S02,frozen,29,45,0,0,2026-06-08T15:52:01.236115
EVT426908,P015,S04,household,21,30,1,0,2026-06-08T15:52:01.236117
EVT291419,P010,S04,beverages,27,60,0,0,2026-06-08T15:52:01.236120
EVT708114,P003,S04,beverages,43,60,0,0,2026-06-08T15:52:01.236122
EVT366375,P010,S01,frozen,18,45,9,0,2026-06-08T15:52:01.236125
EVT654890,P015,S04,bakery,25,35,3,0,2026-06-08T15:52:01.236127
EVT284297,P006,S02,bakery,7,35,18,0,2026-06-08T15:52:01.236130
EVT883908,P011,S03,beverages,52,60,0,0,2026-06-08T15:52:01.236132
EVT966492,P002,S03,household,6,30,13,0,2026-06-08T15:52:01.236134
EVT122479,P011,S01,household,1,30,11,0,2026-06-08T15:52:01.236137
EVT405252,P020,S01,snacks,0,50,11,0,2026-06-08T15:52:01.236139
EVT935340,P012,S02,household,20,30,4,0,2026-06-08T15:52:01.236142
EVT693658,P003,S02,beverages,0,60,0,0,2026-06-08T15:52:01.236144
EVT707934,P008,S01,snacks,4,50,15,0,2026-06-08T15:52:01.236146
EVT413682,P006,S03,dairy,0,40,9,1,2026-06-08T15:52:01.236149
EVT883438,P015,S04,frozen,2,45,1,0,2026-06-08T15:52:01.236151
EVT192342,P014,S03,household,5,30,13,0,2026-06-08T15:52:01.236153
EVT282695,P017,S03,bakery,22,35,1,0,2026-06-08T15:52:01.236156
EVT875546,P008,S01,frozen,4,45,14,0,2026-06-08T15:52:01.236158
EVT332330,P008,S01,snacks,34,50,1,0,2026-06-08T15:52:01.236161
EVT958667,P010,S01,dairy,14,40,11,0,2026-06-08T15:52:01.236163
EVT631192,P006,S03,household,9,30,15,0,2026-06-08T15:52:01.236166
EVT150288,P015,S04,frozen,25,45,0,0,2026-06-08T15:52:01.236168
EVT977568,P017,S01,frozen,5,45,1,0,2026-06-08T15:52:01.236170
EVT791865,P018,S03,beverages,45,60,0,0,2026-06-08T15:52:01.236173
EVT678406,P010,S02,bakery,12,35,12,1,2026-06-08T15:52:01.236181
EVT281561,P010,S04,snacks,5,50,10,0,2026-06-08T15:52:01.236184
EVT987626,P017,S04,frozen,4,45,4,0,2026-06-08T15:52:01.236186
EVT231531,P005,S04,snacks,21,50,8,0,2026-06-08T15:52:01.236189
EVT416051,P018,S04,snacks,9,50,12,1,2026-06-08T15:52:01.236191
EVT801567,P010,S02,snacks,1,50,11,1,2026-06-08T15:52:01.236193
EVT489533,P006,S04,snacks,29,50,2,0,2026-06-08T15:52:01.236196
EVT667230,P011,S04,snacks,4,50,10,0,2026-06-08T15:52:01.236198
EVT677819,P007,S01,beverages,41,60,4,0,2026-06-08T15:52:01.236200
EVT531849,P004,S02,bakery,10,35,15,0,2026-06-08T15:52:01.236203
EVT740671,P012,S04,beverages,52,60,3,0,2026-06-08T15:52:01.236205
EVT679232,P009,S01,bakery,4,35,11,0,2026-06-08T15:52:01.236207
EVT384085,P012,S02,household,0,30,5,0,2026-06-08T15:52:01.236210
EVT243126,P020,S04,beverages,27,60,1,0,2026-06-08T15:52:01.236212
EVT999915,P017,S02,bakery,17,35,8,0,2026-06-08T15:52:01.236214
EVT504554,P006,S01,household,6,30,13,0,2026-06-08T15:52:01.236217
EVT306297,P003,S01,frozen,5,45,1,0,2026-06-08T15:52:01.236219
EVT335911,P007,S01,snacks,8,50,10,1,2026-06-08T15:52:01.236221
EVT798975,P019,S04,dairy,11,40,15,0,2026-06-08T15:52:01.236224
EVT370214,P009,S03,frozen,41,45,4,1,2026-06-08T15:52:01.236227
EVT869939,P006,S02,household,0,30,7,1,2026-06-08T15:52:01.236229
EVT924548,P001,S04,beverages,51,60,6,0,2026-06-08T15:52:01.236231
EVT106357,P015,S04,snacks,45,50,5,0,2026-06-08T15:52:01.236234
EVT724888,P009,S03,household,12,30,10,0,2026-06-08T15:52:01.236236
EVT668490,P005,S03,bakery,11,35,12,1,2026-06-08T15:52:01.236238
EVT745113,P017,S04,beverages,36,60,5,0,2026-06-08T15:52:01.236241
EVT411079,P011,S04,snacks,36,50,5,0,2026-06-08T15:52:01.236243
EVT632377,P007,S04,beverages,5,60,16,0,2026-06-08T15:52:01.236246
EVT258131,P007,S02,household,12,30,10,0,2026-06-08T15:52:01.236249
EVT791659,P008,S01,bakery,17,35,0,0,2026-06-08T15:52:01.236251
EVT136780,P015,S02,frozen,12,45,11,0,2026-06-08T15:52:01.236253
EVT208203,P005,S03,beverages,2,60,12,1,2026-06-08T15:52:01.236256
EVT668854,P005,S04,beverages,0,60,18,0,2026-06-08T15:52:01.236258
EVT754559,P002,S04,bakery,3,35,16,0,2026-06-08T15:52:01.236260
EVT641876,P006,S02,frozen,26,45,2,0,2026-06-08T15:52:01.236262
EVT332574,P015,S01,frozen,36,45,3,0,2026-06-08T15:52:01.236265
EVT804405,P017,S01,dairy,5,40,11,1,2026-06-08T15:52:01.236267
EVT216514,P020,S01,frozen,12,45,15,0,2026-06-08T15:52:01.236270
EVT961037,P007,S03,snacks,7,50,8,1,2026-06-08T15:52:01.236272
EVT525699,P007,S04,bakery,25,35,0,0,2026-06-08T15:52:01.236279
EVT466761,P019,S03,household,2,30,10,0,2026-06-08T15:52:01.236281
EVT635289,P020,S03,household,11,30,9,0,2026-06-08T15:52:01.236283
EVT698841,P014,S03,frozen,4,45,18,0,2026-06-08T15:52:01.236286
EVT414895,P010,S04,dairy,32,40,3,0,2026-06-08T15:52:01.236288
EVT215715,P018,S02,household,10,30,13,1,2026-06-08T15:52:01.236290
EVT152165,P011,S02,frozen,29,45,5,0,2026-06-08T15:52:01.236293
EVT508472,P018,S01,beverages,39,60,5,0,2026-06-08T15:52:01.236295
EVT193882,P007,S01,household,15,30,0,0,2026-06-08T15:52:01.236297
EVT894331,P014,S04,dairy,1,40,18,0,2026-06-08T15:52:01.236300
EVT748079,P003,S01,bakery,15,35,10,0,2026-06-08T15:52:01.236303
EVT961002,P014,S02,snacks,40,50,4,0,2026-06-08T15:52:01.236305
EVT595729,P001,S01,dairy,30,40,6,0,2026-06-08T15:52:01.236307
EVT154258,P015,S01,snacks,50,50,6,0,2026-06-08T15:52:01.236310
EVT735093,P011,S01,bakery,21,35,4,0,2026-06-08T15:52:01.236312
EVT395710,P005,S03,snacks,28,50,6,0,2026-06-08T15:52:01.236314
EVT104609,P015,S04,beverages,16,60,10,1,2026-06-08T15:52:01.236317
EVT874198,P013,S04,bakery,34,35,0,0,2026-06-08T15:52:01.236319
EVT788313,P018,S01,snacks,20,50,9,0,2026-06-08T15:52:01.236322
EVT623998,P015,S02,bakery,8,35,10,0,2026-06-08T15:52:01.236325
EVT818302,P002,S01,household,24,30,5,0,2026-06-08T15:52:01.236327
EVT580629,P019,S02,snacks,36,50,4,0,2026-06-08T15:52:01.236329
EVT707858,P004,S02,dairy,6,40,4,0,2026-06-08T15:52:01.236332
EVT923459,P014,S03,bakery,27,35,1,0,2026-06-08T15:52:01.236334
EVT981930,P012,S02,snacks,9,50,3,0,2026-06-08T15:52:01.236337
EVT458457,P004,S04,beverages,12,60,10,0,2026-06-08T15:52:01.236339
EVT803282,P015,S02,dairy,21,40,3,0,2026-06-08T15:52:01.236342
EVT192563,P016,S02,beverages,8,60,14,0,2026-06-08T15:52:01.236344
EVT486691,P005,S01,frozen,11,45,15,0,2026-06-08T15:52:01.236346
EVT859444,P011,S03,household,14,30,3,0,2026-06-08T15:52:01.236349
EVT566721,P004,S02,dairy,7,40,2,0,2026-06-08T15:52:01.236351
EVT718387,P005,S02,bakery,18,35,9,0,2026-06-08T15:52:01.236354
EVT182036,P009,S03,frozen,12,45,14,1,2026-06-08T15:52:01.236356
EVT382944,P009,S03,beverages,0,60,10,0,2026-06-08T15:52:01.236358
EVT688881,P006,S03,household,25,30,3,0,2026-06-08T15:52:01.236361
EVT222801,P017,S03,beverages,60,60,0,0,2026-06-08T15:52:01.236363
EVT301160,P005,S04,bakery,3,35,15,1,2026-06-08T15:52:01.236365
EVT320099,P004,S02,snacks,26,50,6,0,2026-06-08T15:52:01.236368
EVT413015,P020,S03,frozen,3,45,18,0,2026-06-08T15:52:01.236370
EVT177171,P006,S01,snacks,6,50,10,0,2026-06-08T15:52:01.236373
EVT508782,P005,S02,beverages,11,60,10,1,2026-06-08T15:52:01.236375
EVT255713,P017,S01,beverages,5,60,0,0,2026-06-08T15:52:01.236378
EVT301408,P003,S01,snacks,32,50,0,0,2026-06-08T15:52:01.236380
EVT215480,P019,S02,bakery,31,35,1,0,2026-06-08T15:52:01.236383
EVT774873,P015,S01,beverages,8,60,10,0,2026-06-08T15:52:01.236385
EVT147834,P015,S03,household,30,30,4,1,2026-06-08T15:52:01.236387
EVT575918,P012,S04,beverages,7,60,18,0,2026-06-08T15:52:01.236389
EVT943036,P011,S01,frozen,9,45,3,0,2026-06-08T15:52:01.236392
EVT264515,P005,S01,dairy,23,40,4,0,2026-06-08T15:52:01.236394
EVT855020,P008,S03,bakery,7,35,16,0,2026-06-08T15:52:01.236397
EVT561438,P001,S01,dairy,1,40,16,0,2026-06-08T15:52:01.236403
EVT400477,P016,S03,bakery,21,35,1,0,2026-06-08T15:52:01.236405
EVT280387,P020,S02,snacks,6,50,11,1,2026-06-08T15:52:01.236408
EVT670535,P004,S01,beverages,43,60,3,0,2026-06-08T15:52:01.236410
EVT699768,P010,S03,bakery,28,35,6,0,2026-06-08T15:52:01.236413
EVT971129,P018,S04,dairy,15,40,13,0,2026-06-08T15:52:01.236415
EVT177737,P010,S02,household,18,30,2,1,2026-06-08T15:52:01.236418
EVT101401,P012,S02,bakery,8,35,10,0,2026-06-08T15:52:01.236420
EVT285491,P001,S04,frozen,39,45,0,0,2026-06-08T15:52:01.236423
EVT108345,P019,S01,bakery,10,35,5,0,2026-06-08T15:52:01.236425
EVT973433,P017,S01,beverages,15,60,8,0,2026-06-08T15:52:01.236428
EVT605515,P013,S02,beverages,40,60,5,0,2026-06-08T15:52:01.236430
EVT463837,P018,S04,household,7,30,1,0,2026-06-08T15:52:01.236432
EVT310851,P011,S04,beverages,25,60,9,0,2026-06-08T15:52:01.236435
EVT128557,P013,S03,frozen,8,45,12,1,2026-06-08T15:52:01.236437
EVT745401,P002,S04,dairy,24,40,0,0,2026-06-08T15:52:01.236439
EVT761242,P010,S03,snacks,35,50,6,0,2026-06-08T15:52:01.236442
EVT715917,P005,S01,household,11,30,10,1,2026-06-08T15:52:01.236444
EVT791186,P006,S04,frozen,31,45,0,0,2026-06-08T15:52:01.236447
EVT157934,P014,S02,beverages,37,60,2,0,2026-06-08T15:52:01.236449
EVT612957,P016,S01,frozen,30,45,4,0,2026-06-08T15:52:01.236451
EVT529252,P015,S04,bakery,33,35,5,1,2026-06-08T15:52:01.236453
EVT171831,P001,S03,beverages,8,60,17,0,2026-06-08T15:52:01.236456
EVT757020,P005,S03,snacks,31,50,5,0,2026-06-08T15:52:01.236458
EVT689312,P001,S03,dairy,28,40,6,0,2026-06-08T15:52:01.236460
EVT402779,P003,S01,bakery,11,35,10,0,2026-06-08T15:52:01.236463
EVT561826,P002,S01,bakery,13,35,8,0,2026-06-08T15:52:01.236465
EVT726161,P018,S01,frozen,7,45,15,1,2026-06-08T15:52:01.236467
EVT399027,P012,S01,household,4,30,17,0,2026-06-08T15:52:01.236470
EVT374929,P014,S01,household,2,30,14,0,2026-06-08T15:52:01.236472
EVT475878,P017,S04,beverages,20,60,11,0,2026-06-08T15:52:01.236475
EVT312752,P007,S02,bakery,3,35,12,0,2026-06-08T15:52:01.236486
EVT204433,P003,S02,snacks,7,50,4,0,2026-06-08T15:52:01.236489
EVT494303,P017,S02,bakery,26,35,0,0,2026-06-08T15:52:01.236491
EVT103546,P003,S02,household,9,30,12,1,2026-06-08T15:52:01.236493
EVT582100,P010,S02,bakery,5,35,0,0,2026-06-08T15:52:01.236496
EVT573586,P010,S03,household,8,30,2,0,2026-06-08T15:52:01.236498
EVT955221,P001,S02,bakery,27,35,1,0,2026-06-08T15:52:01.236501
EVT740237,P001,S03,bakery,9,35,12,0,2026-06-08T15:52:01.236503
EVT195979,P006,S02,beverages,6,60,4,0,2026-06-08T15:52:01.236505
EVT736647,P017,S01,frozen,7,45,16,0,2026-06-08T15:52:01.236508
EVT325195,P012,S03,bakery,0,35,14,1,2026-06-08T15:52:01.236510
EVT316552,P002,S03,dairy,27,40,6,0,2026-06-08T15:52:01.236512
EVT963115,P001,S03,bakery,25,35,6,0,2026-06-08T15:52:01.236515
EVT146163,P016,S03,dairy,31,40,5,0,2026-06-08T15:52:01.236517
EVT959274,P014,S03,household,3,30,10,0,2026-06-08T15:52:01.236520
EVT455559,P014,S03,beverages,9,60,0,0,2026-06-08T15:52:01.236522
EVT535312,P017,S02,snacks,5,50,12,1,2026-06-08T15:52:01.236525
EVT582884,P006,S03,snacks,7,50,2,0,2026-06-08T15:52:01.236527
EVT685219,P015,S01,frozen,31,45,0,0,2026-06-08T15:52:01.236530
EVT552521,P017,S01,bakery,12,35,11,1,2026-06-08T15:52:01.236533
EVT636914,P003,S03,frozen,28,45,2,0,2026-06-08T15:52:01.236535
EVT511849,P017,S04,household,21,30,2,0,2026-06-08T15:52:01.236537
EVT507836,P007,S01,bakery,3,35,5,0,2026-06-08T15:52:01.236540
EVT297146,P018,S01,beverages,7,60,7,1,2026-06-08T15:52:01.236542
EVT681828,P003,S01,frozen,31,45,3,0,2026-06-08T15:52:01.236545
EVT291996,P015,S02,frozen,45,45,2,0,2026-06-08T15:52:01.236547
EVT729703,P014,S01,bakery,12,35,8,1,2026-06-08T15:52:01.236549
EVT989641,P020,S02,beverages,57,60,0,0,2026-06-08T15:52:01.236552
EVT455236,P004,S01,bakery,27,35,0,0,2026-06-08T15:52:01.236554
EVT325345,P019,S01,dairy,38,40,3,0,2026-06-08T15:52:01.236556
EVT108639,P012,S04,frozen,9,45,13,0,2026-06-08T15:52:01.236559
EVT973458,P007,S03,beverages,6,60,10,1,2026-06-08T15:52:01.236561
EVT270840,P015,S04,bakery,27,35,0,1,2026-06-08T15:52:01.236564
EVT185301,P019,S01,beverages,5,60,7,1,2026-06-08T15:52:01.236566
EVT588171,P016,S03,dairy,4,40,2,0,2026-06-08T15:52:01.236568
EVT344954,P015,S03,frozen,11,45,14,1,2026-06-08T15:52:01.236571
EVT644912,P012,S03,dairy,10,40,0,0,2026-06-08T15:52:01.236576
EVT659653,P019,S02,beverages,29,60,3,1,2026-06-08T15:52:01.236578
EVT181841,P017,S02,frozen,24,45,2,0,2026-06-08T15:52:01.236581
EVT559006,P012,S01,frozen,4,45,13,1,2026-06-08T15:52:01.236583
EVT301410,P008,S03,bakery,2,35,8,1,2026-06-08T15:52:01.236585
EVT443947,P005,S03,beverages,48,60,3,0,2026-06-08T15:52:01.236588
EVT677006,P007,S02,beverages,12,60,10,1,2026-06-08T15:52:01.236590
EVT443460,P018,S03,snacks,28,50,2,0,2026-06-08T15:52:01.236593
EVT502171,P001,S02,frozen,6,45,0,0,2026-06-08T15:52:01.236595
EVT112820,P005,S02,beverages,15,60,6,0,2026-06-08T15:52:01.236597
EVT450893,P008,S02,bakery,33,35,5,0,2026-06-08T15:52:01.236600
EVT465665,P013,S03,dairy,17,40,13,0,2026-06-08T15:52:01.236602
EVT514252,P013,S02,snacks,26,50,1,0,2026-06-08T15:52:01.236605
EVT282779,P019,S03,beverages,41,60,2,0,2026-06-08T15:52:01.236607
EVT118956,P002,S03,snacks,1,50,12,1,2026-06-08T15:52:01.236610
EVT146701,P019,S02,bakery,28,35,1,1,2026-06-08T15:52:01.236612
EVT698656,P013,S02,bakery,30,35,5,0,2026-06-08T15:52:01.236614
EVT793818,P019,S02,bakery,26,35,4,1,2026-06-08T15:52:01.236617
EVT512686,P008,S01,bakery,5,35,12,1,2026-06-08T15:52:01.236619
EVT275417,P019,S04,frozen,12,45,6,0,2026-06-08T15:52:01.236622
EVT236405,P020,S01,dairy,39,40,1,0,2026-06-08T15:52:01.236625
EVT331253,P018,S02,bakery,1,35,11,0,2026-06-08T15:52:01.236627
EVT780636,P002,S02,frozen,23,45,4,0,2026-06-08T15:52:01.236629
EVT332751,P007,S01,beverages,5,60,15,0,2026-06-08T15:52:01.236632
EVT460760,P001,S03,dairy,15,40,13,0,2026-06-08T15:52:01.236634
EVT963138,P019,S01,frozen,32,45,5,0,2026-06-08T15:52:01.236637
EVT467111,P004,S02,beverages,6,60,6,1,2026-06-08T15:52:01.236639
EVT841115,P016,S03,snacks,7,50,7,1,2026-06-08T15:52:01.236641
EVT815939,P005,S04,beverages,1,60,11,0,2026-06-08T15:52:01.236644
EVT700712,P013,S01,beverages,46,60,2,0,2026-06-08T15:52:01.236647
EVT838402,P005,S02,household,12,30,8,0,2026-06-08T15:52:01.236649
EVT181338,P003,S03,beverages,9,60,2,0,2026-06-08T15:52:01.236652
EVT475507,P005,S03,frozen,33,45,1,0,2026-06-08T15:52:01.236654
EVT477930,P005,S04,beverages,8,60,10,0,2026-06-08T15:52:01.236657
EVT544279,P009,S03,snacks,40,50,6,0,2026-06-08T15:52:01.236659
EVT355408,P004,S03,bakery,6,35,14,0,2026-06-08T15:52:01.236662
EVT106030,P001,S02,snacks,28,50,0,1,2026-06-08T15:52:01.236664
EVT561598,P004,S01,dairy,17,40,12,0,2026-06-08T15:52:01.236666
EVT195569,P016,S01,household,13,30,16,0,2026-06-08T15:52:01.236669
EVT325260,P009,S02,frozen,9,45,12,0,2026-06-08T15:52:01.236676
EVT391541,P009,S04,bakery,13,35,7,1,2026-06-08T15:52:01.236679
EVT549092,P002,S03,dairy,15,40,13,0,2026-06-08T15:52:01.236681
EVT415764,P003,S04,household,24,30,5,0,2026-06-08T15:52:01.236684
EVT836219,P012,S03,bakery,18,35,0,0,2026-06-08T15:52:01.236686
EVT334405,P009,S04,bakery,14,35,16,0,2026-06-08T15:52:01.236688
EVT562959,P015,S04,dairy,11,40,14,0,2026-06-08T15:52:01.236691
EVT637913,P014,S04,snacks,47,50,4,0,2026-06-08T15:52:01.236694
EVT408772,P007,S04,bakery,6,35,11,0,2026-06-08T15:52:01.236696
EVT677326,P011,S02,dairy,8,40,13,0,2026-06-08T15:52:01.236698
EVT342595,P016,S03,household,14,30,6,1,2026-06-08T15:52:01.236701
EVT808630,P006,S03,beverages,59,60,0,0,2026-06-08T15:52:01.236703
EVT158791,P005,S04,bakery,7,35,12,0,2026-06-08T15:52:01.236706
EVT387087,P005,S03,beverages,47,60,1,0,2026-06-08T15:52:01.236708
EVT342894,P014,S02,household,4,30,13,0,2026-06-08T15:52:01.236710
EVT417028,P013,S01,frozen,30,45,4,0,2026-06-08T15:52:01.236713
EVT286951,P020,S03,household,4,30,12,0,2026-06-08T15:52:01.236715
EVT858070,P012,S03,bakery,27,35,1,0,2026-06-08T15:52:01.236717
EVT393927,P016,S03,frozen,31,45,5,0,2026-06-08T15:52:01.236720
EVT578832,P007,S04,beverages,9,60,10,1,2026-06-08T15:52:01.236723
EVT353994,P011,S03,snacks,49,50,6,0,2026-06-08T15:52:01.236725
EVT349398,P006,S03,dairy,9,40,10,1,2026-06-08T15:52:01.236728
EVT687237,P008,S01,frozen,12,45,10,1,2026-06-08T15:52:01.236730
EVT651642,P013,S01,dairy,26,40,4,1,2026-06-08T15:52:01.236732
EVT924937,P005,S01,dairy,2,40,1,0,2026-06-08T15:52:01.236735
EVT990188,P010,S02,bakery,10,35,9,0,2026-06-08T15:52:01.236737
EVT553224,P010,S02,snacks,2,50,15,1,2026-06-08T15:52:01.236740
EVT527611,P010,S01,household,4,30,3,0,2026-06-08T15:52:01.236742
EVT500058,P013,S04,bakery,28,35,1,0,2026-06-08T15:52:01.236745
EVT234836,P018,S01,household,30,30,6,0,2026-06-08T15:52:01.236747
EVT467144,P005,S01,snacks,3,50,0,0,2026-06-08T15:52:01.236749
EVT831914,P013,S02,dairy,32,40,3,0,2026-06-08T15:52:01.236752
EVT448190,P003,S01,bakery,4,35,6,1,2026-06-08T15:52:01.236754
EVT411057,P002,S04,beverages,44,60,6,0,2026-06-08T15:52:01.236756
EVT821690,P010,S04,snacks,43,50,6,0,2026-06-08T15:52:01.236758
EVT102769,P014,S03,beverages,1,60,5,0,2026-06-08T15:52:01.236761
EVT866950,P018,S01,snacks,10,50,10,0,2026-06-08T15:52:01.236763
EVT861138,P002,S04,beverages,12,60,9,1,2026-06-08T15:52:01.236766
EVT315903,P011,S03,household,9,30,13,1,2026-06-08T15:52:01.236768
EVT449277,P016,S04,beverages,45,60,2,0,2026-06-08T15:52:01.236771
EVT916570,P009,S04,beverages,54,60,5,0,2026-06-08T15:52:01.236773
EVT837027,P018,S02,dairy,5,40,15,0,2026-06-08T15:52:01.236776
EVT985140,P014,S01,dairy,40,40,5,0,2026-06-08T15:52:01.236778
EVT216428,P010,S04,snacks,40,50,5,0,2026-06-08T15:52:01.236780
EVT613668,P008,S01,dairy,21,40,5,0,2026-06-08T15:52:01.236783
EVT662349,P009,S01,snacks,31,50,1,0,2026-06-08T15:52:01.236785
EVT560466,P007,S01,bakery,10,35,6,1,2026-06-08T15:52:01.236798
EVT415558,P007,S01,frozen,8,45,4,0,2026-06-08T15:52:01.236800
EVT479603,P002,S03,bakery,1,35,11,0,2026-06-08T15:52:01.236803
EVT543055,P012,S02,household,13,30,0,0,2026-06-08T15:52:01.236805
EVT998133,P014,S01,household,4,30,0,0,2026-06-08T15:52:01.236807
EVT601933,P004,S04,beverages,26,60,15,0,2026-06-08T15:52:01.236810
EVT447026,P018,S04,frozen,10,45,10,0,2026-06-08T15:52:01.236813
EVT129779,P004,S01,dairy,31,40,6,0,2026-06-08T15:52:01.236815
EVT194051,P003,S02,household,19,30,5,0,2026-06-08T15:52:01.236818
EVT721804,P001,S02,beverages,10,60,15,1,2026-06-08T15:52:01.236820
EVT191078,P011,S03,household,0,30,15,0,2026-06-08T15:52:01.236822
EVT791065,P018,S04,bakery,7,35,18,0,2026-06-08T15:52:01.236825
EVT179578,P003,S02,dairy,27,40,2,0,2026-06-08T15:52:01.236827
EVT159503,P014,S03,snacks,11,50,9,0,2026-06-08T15:52:01.236830
EVT614389,P015,S03,bakery,15,35,0,0,2026-06-08T15:52:01.236832
EVT392199,P014,S03,bakery,35,35,1,0,2026-06-08T15:52:01.236835
EVT852231,P002,S02,bakery,15,35,10,0,2026-06-08T15:52:01.236837
EVT965818,P016,S03,snacks,10,50,13,1,2026-06-08T15:52:01.236840
EVT571029,P009,S04,snacks,41,50,2,0,2026-06-08T15:52:01.236842
EVT900011,P007,S04,beverages,7,60,18,0,2026-06-08T15:52:01.236844
EVT576508,P008,S03,beverages,2,60,2,0,2026-06-08T15:52:01.236847
EVT515137,P018,S01,snacks,5,50,2,0,2026-06-08T15:52:01.236849
EVT677309,P015,S03,beverages,58,60,1,0,2026-06-08T15:52:01.236851
EVT467982,P008,S02,frozen,23,45,4,0,2026-06-08T15:52:01.236854
EVT635002,P010,S02,dairy,7,40,16,0,2026-06-08T15:52:01.236856
EVT591948,P007,S02,dairy,2,40,10,1,2026-06-08T15:52:01.236858
EVT518479,P002,S04,bakery,19,35,5,0,2026-06-08T15:52:01.236861
EVT654897,P006,S03,frozen,8,45,11,0,2026-06-08T15:52:01.236863
EVT926877,P005,S04,beverages,16,60,15,0,2026-06-08T15:52:01.236866
EVT765490,P014,S03,frozen,8,45,2,0,2026-06-08T15:52:01.236868
EVT364084,P018,S03,dairy,24,40,0,0,2026-06-08T15:52:01.236870
EVT580046,P008,S04,frozen,12,45,14,1,2026-06-08T15:52:01.236872
EVT812617,P014,S02,beverages,8,60,10,0,2026-06-08T15:52:01.236875
EVT967639,P015,S01,frozen,31,45,4,0,2026-06-08T15:52:01.236878
EVT367105,P002,S03,household,0,30,18,0,2026-06-08T15:52:01.236880
EVT747098,P003,S04,frozen,9,45,8,0,2026-06-08T15:52:01.236882
EVT843681,P013,S02,dairy,18,40,8,1,2026-06-08T15:52:01.236885
EVT749493,P020,S02,beverages,30,60,1,0,2026-06-08T15:52:01.236887
EVT838152,P009,S04,bakery,26,35,5,1,2026-06-08T15:52:01.236889
EVT195689,P001,S04,bakery,26,35,6,0,2026-06-08T15:52:01.236896
EVT735286,P015,S03,household,20,30,4,0,2026-06-08T15:52:01.236898
EVT534343,P009,S01,household,30,30,2,0,2026-06-08T15:52:01.236901
EVT981368,P002,S04,household,2,30,15,0,2026-06-08T15:52:01.236903
EVT936937,P006,S03,beverages,6,60,12,0,2026-06-08T15:52:01.236906
EVT230731,P004,S04,dairy,36,40,3,0,2026-06-08T15:52:01.236908
EVT200639,P010,S01,beverages,4,60,9,1,2026-06-08T15:52:01.236910
EVT255192,P016,S04,frozen,5,45,13,1,2026-06-08T15:52:01.236912
EVT828050,P002,S03,bakery,28,35,6,0,2026-06-08T15:52:01.236915
EVT248937,P020,S04,dairy,8,40,18,0,2026-06-08T15:52:01.236917
EVT213233,P010,S02,beverages,9,60,9,1,2026-06-08T15:52:01.236919
EVT290667,P001,S04,snacks,1,50,4,0,2026-06-08T15:52:01.236922
EVT338836,P004,S03,beverages,57,60,6,0,2026-06-08T15:52:01.236925
EVT613159,P013,S04,dairy,23,40,0,0,2026-06-08T15:52:01.236928
EVT268536,P005,S01,household,20,30,2,0,2026-06-08T15:52:01.236930
EVT534245,P006,S01,bakery,15,35,4,0,2026-06-08T15:52:01.236932
EVT934576,P011,S03,dairy,21,40,0,0,2026-06-08T15:52:01.236935
EVT597705,P015,S04,frozen,41,45,1,1,2026-06-08T15:52:01.236937
EVT632529,P019,S01,frozen,10,45,4,0,2026-06-08T15:52:01.236939
EVT809241,P017,S04,household,13,30,9,0,2026-06-08T15:52:01.236942
EVT712386,P007,S01,bakery,30,35,4,1,2026-06-08T15:52:01.236944
EVT842007,P018,S01,snacks,15,50,14,0,2026-06-08T15:52:01.236947
EVT233149,P005,S04,beverages,8,60,12,0,2026-06-08T15:52:01.236949
EVT860590,P014,S01,snacks,34,50,1,0,2026-06-08T15:52:01.236952
EVT866972,P011,S02,frozen,22,45,5,0,2026-06-08T15:52:01.236954
EVT598416,P009,S04,household,27,30,0,0,2026-06-08T15:52:01.236956
EVT294731,P011,S02,dairy,5,40,13,0,2026-06-08T15:52:01.236959
EVT562770,P012,S01,household,4,30,13,0,2026-06-08T15:52:01.236961
EVT553217,P019,S01,household,13,30,3,0,2026-06-08T15:52:01.236963
EVT792825,P005,S02,household,23,30,6,0,2026-06-08T15:52:01.236966
EVT836382,P017,S01,bakery,10,35,2,0,2026-06-08T15:52:01.236968
EVT428563,P006,S04,household,13,30,4,0,2026-06-08T15:52:01.236970
EVT723607,P008,S04,snacks,45,50,1,0,2026-06-08T15:52:01.236976
EVT699306,P013,S03,household,10,30,16,0,2026-06-08T15:52:01.236979
EVT586174,P016,S04,bakery,31,35,1,1,2026-06-08T15:52:01.236981
EVT665353,P005,S03,beverages,39,60,5,0,2026-06-08T15:52:01.236984
EVT827896,P008,S01,beverages,16,60,7,1,2026-06-08T15:52:01.236986
EVT325193,P016,S02,frozen,33,45,1,0,2026-06-08T15:52:01.236989
EVT638487,P006,S01,snacks,6,50,11,0,2026-06-08T15:52:01.236991
EVT735172,P010,S02,snacks,3,50,10,0,2026-06-08T15:52:01.236994
EVT341219,P008,S02,bakery,21,35,0,0,2026-06-08T15:52:01.236996
EVT312891,P003,S02,beverages,44,60,6,0,2026-06-08T15:52:01.236998
EVT517358,P009,S04,snacks,40,50,2,0,2026-06-08T15:52:01.237001
EVT184774,P017,S02,bakery,3,35,5,0,2026-06-08T15:52:01.237003
EVT151328,P007,S02,frozen,25,45,2,1,2026-06-08T15:52:01.237005
EVT779867,P005,S02,household,8,30,13,0,2026-06-08T15:52:01.237008
EVT207290,P006,S02,frozen,2,45,5,0,2026-06-08T15:52:01.237010
EVT629120,P005,S04,household,8,30,9,0,2026-06-08T15:52:01.237013
EVT681650,P013,S01,dairy,27,40,4,1,2026-06-08T15:52:01.237015
EVT410037,P017,S02,frozen,11,45,10,0,2026-06-08T15:52:01.237018
EVT646928,P020,S01,household,25,30,6,0,2026-06-08T15:52:01.237020
EVT384396,P005,S02,bakery,11,35,8,0,2026-06-08T15:52:01.237023
EVT386077,P017,S04,beverages,36,60,4,0,2026-06-08T15:52:01.237025
EVT572664,P005,S04,bakery,8,35,12,1,2026-06-08T15:52:01.237028
EVT315103,P009,S03,frozen,2,45,16,0,2026-06-08T15:52:01.237030
EVT561470,P009,S01,bakery,15,35,15,0,2026-06-08T15:52:01.237033
EVT267166,P017,S03,dairy,33,40,0,0,2026-06-08T15:52:01.237035
EVT378887,P015,S04,beverages,1,60,16,0,2026-06-08T15:52:01.237038
EVT409976,P019,S03,beverages,18,60,8,0,2026-06-08T15:52:01.237040
EVT257423,P015,S03,household,12,30,12,0,2026-06-08T15:52:01.237043
EVT125007,P002,S01,frozen,9,45,2,0,2026-06-08T15:52:01.237045
EVT923597,P002,S01,frozen,11,45,8,1,2026-06-08T15:52:01.237047
EVT275444,P005,S01,dairy,31,40,5,0,2026-06-08T15:52:01.237050
EVT295969,P012,S03,frozen,10,45,12,0,2026-06-08T15:52:01.237053
EVT883864,P008,S03,frozen,23,45,2,1,2026-06-08T15:52:01.237055
EVT994736,P017,S04,beverages,0,60,15,1,2026-06-08T15:52:01.237058
EVT733434,P015,S01,beverages,6,60,8,1,2026-06-08T15:52:01.237060
EVT730113,P019,S02,dairy,9,40,12,0,2026-06-08T15:52:01.237063
EVT680185,P001,S01,household,6,30,4,0,2026-06-08T15:52:01.237065
EVT477757,P007,S03,bakery,5,35,0,0,2026-06-08T15:52:01.237067
EVT779348,P014,S03,household,3,30,4,0,2026-06-08T15:52:01.237069
EVT575920,P020,S01,bakery,24,35,0,1,2026-06-08T15:52:01.237076
EVT645577,P019,S01,bakery,21,35,4,0,2026-06-08T15:52:01.237078
EVT512197,P006,S04,household,2,30,12,0,2026-06-08T15:52:01.237081
EVT242684,P005,S01,household,8,30,18,0,2026-06-08T15:52:01.237083
EVT798862,P016,S04,household,18,30,1,0,2026-06-08T15:52:01.237085
EVT248833,P005,S01,household,9,30,12,1,2026-06-08T15:52:01.237088
EVT249101,P008,S03,household,2,30,3,0,2026-06-08T15:52:01.237090
EVT132419,P018,S01,household,26,30,4,0,2026-06-08T15:52:01.237092
EVT259151,P001,S02,bakery,28,35,1,0,2026-06-08T15:52:01.237095
EVT882849,P008,S03,household,9,30,8,0,2026-06-08T15:52:01.237097
EVT340194,P014,S01,household,14,30,5,0,2026-06-08T15:52:01.237100
EVT832750,P009,S02,bakery,33,35,3,0,2026-06-08T15:52:01.237102
EVT106977,P010,S02,household,12,30,10,0,2026-06-08T15:52:01.237104
EVT834053,P010,S04,frozen,29,45,2,0,2026-06-08T15:52:01.237107
EVT346232,P001,S01,beverages,9,60,4,0,2026-06-08T15:52:01.237109
EVT561082,P004,S03,frozen,3,45,12,1,2026-06-08T15:52:01.237111
EVT842272,P002,S01,beverages,4,60,1,0,2026-06-08T15:52:01.237114
EVT879921,P002,S04,bakery,30,35,0,0,2026-06-08T15:52:01.237116
EVT117069,P004,S03,bakery,21,35,6,0,2026-06-08T15:52:01.237118
EVT326427,P008,S02,frozen,5,45,17,0,2026-06-08T15:52:01.237121
EVT372864,P019,S01,dairy,12,40,14,1,2026-06-08T15:52:01.237123
EVT764162,P001,S03,beverages,7,60,11,0,2026-06-08T15:52:01.237126
EVT942811,P016,S03,household,6,30,3,0,2026-06-08T15:52:01.237128
EVT396583,P017,S03,frozen,45,45,5,0,2026-06-08T15:52:01.237130
EVT490820,P006,S04,frozen,1,45,2,0,2026-06-08T15:52:01.237133
EVT718811,P016,S02,household,25,30,6,0,2026-06-08T15:52:01.237135
EVT279171,P003,S04,frozen,8,45,7,1,2026-06-08T15:52:01.237138
EVT756193,P015,S01,dairy,4,40,5,0,2026-06-08T15:52:01.237140
EVT556476,P020,S01,snacks,41,50,5,1,2026-06-08T15:52:01.237142
EVT511690,P004,S04,snacks,7,50,0,0,2026-06-08T15:52:01.237145
EVT428256,P011,S03,dairy,40,40,2,0,2026-06-08T15:52:01.237147
EVT326056,P003,S01,bakery,15,35,15,0,2026-06-08T15:52:01.237150
EVT771235,P005,S03,snacks,8,50,10,1,2026-06-08T15:52:01.237152
EVT267253,P018,S01,beverages,3,60,15,1,2026-06-08T15:52:01.237154
EVT729645,P014,S04,snacks,29,50,4,0,2026-06-08T15:52:01.237156
EVT714928,P008,S01,snacks,30,50,4,0,2026-06-08T15:52:01.237159
EVT126113,P013,S03,snacks,16,50,11,0,2026-06-08T15:52:01.237161
EVT186157,P012,S02,snacks,7,50,4,0,2026-06-08T15:52:01.237164
EVT313315,P003,S04,snacks,28,50,4,0,2026-06-08T15:52:01.237167
EVT857269,P009,S04,household,13,30,15,0,2026-06-08T15:52:01.237169
EVT475539,P001,S04,household,10,30,12,0,2026-06-08T15:52:01.237172
EVT776504,P012,S04,snacks,13,50,11,0,2026-06-08T15:52:01.237174
EVT759923,P009,S03,snacks,31,50,1,0,2026-06-08T15:52:01.237177
EVT623323,P006,S04,household,25,30,6,0,2026-06-08T15:52:01.237182
EVT497059,P020,S04,snacks,5,50,17,0,2026-06-08T15:52:01.237184
EVT826434,P015,S04,beverages,40,60,6,0,2026-06-08T15:52:01.237186
EVT733868,P008,S04,household,10,30,10,0,2026-06-08T15:52:01.237189
EVT141066,P001,S02,bakery,7,35,4,0,2026-06-08T15:52:01.237191
EVT880555,P007,S01,frozen,2,45,1,0,2026-06-08T15:52:01.237194
EVT888476,P002,S01,bakery,5,35,4,0,2026-06-08T15:52:01.237196
EVT628465,P003,S01,frozen,26,45,4,0,2026-06-08T15:52:01.237198
EVT919775,P008,S02,bakery,2,35,2,0,2026-06-08T15:52:01.237201
EVT408921,P001,S03,frozen,43,45,4,0,2026-06-08T15:52:01.237203
EVT321735,P013,S02,frozen,6,45,13,0,2026-06-08T15:52:01.237205
EVT582562,P020,S03,dairy,25,40,5,0,2026-06-08T15:52:01.237208
EVT219711,P018,S02,household,10,30,3,0,2026-06-08T15:52:01.237210
EVT566174,P005,S04,bakery,14,35,8,0,2026-06-08T15:52:01.237213
EVT875207,P001,S02,frozen,10,45,3,0,2026-06-08T15:52:01.237216
EVT386467,P018,S02,bakery,7,35,11,0,2026-06-08T15:52:01.237218
EVT869278,P002,S04,bakery,26,35,4,0,2026-06-08T15:52:01.237221
EVT774422,P006,S04,beverages,2,60,3,0,2026-06-08T15:52:01.237223
EVT513346,P008,S01,frozen,8,45,11,1,2026-06-08T15:52:01.237226
EVT349508,P013,S04,snacks,5,50,5,0,2026-06-08T15:52:01.237228
EVT994421,P004,S02,household,9,30,9,0,2026-06-08T15:52:01.237231
EVT835251,P003,S02,household,16,30,2,0,2026-06-08T15:52:01.237233
EVT299916,P003,S01,dairy,3,40,5,0,2026-06-08T15:52:01.237235
EVT893339,P011,S03,dairy,3,40,0,0,2026-06-08T15:52:01.237238
EVT434855,P001,S01,snacks,38,50,2,0,2026-06-08T15:52:01.237240
EVT139929,P010,S02,dairy,11,40,16,0,2026-06-08T15:52:01.237242
EVT768633,P014,S03,bakery,9,35,3,0,2026-06-08T15:52:01.237245
EVT634991,P014,S01,bakery,20,35,5,0,2026-06-08T15:52:01.237247
EVT114362,P011,S03,frozen,5,45,8,1,2026-06-08T15:52:01.237249
EVT953175,P002,S04,beverages,30,60,5,0,2026-06-08T15:52:01.237251
EVT187444,P010,S01,beverages,48,60,6,0,2026-06-08T15:52:01.237254
EVT818439,P003,S04,frozen,3,45,17,0,2026-06-08T15:52:01.237256
EVT795444,P018,S02,snacks,16,50,9,0,2026-06-08T15:52:01.237259
EVT841038,P005,S04,household,10,30,10,0,2026-06-08T15:52:01.237261
EVT262452,P012,S01,snacks,6,50,3,0,2026-06-08T15:52:01.237263
EVT745106,P018,S03,snacks,9,50,12,1,2026-06-08T15:52:01.237266
EVT853687,P014,S03,bakery,1,35,5,0,2026-06-08T15:52:01.237269
EVT428183,P006,S01,household,25,30,2,1,2026-06-08T15:52:01.237271
EVT619842,P005,S03,snacks,30,50,5,0,2026-06-08T15:52:01.237273
EVT678524,P006,S02,frozen,3,45,18,0,2026-06-08T15:52:01.237276
EVT640677,P016,S02,frozen,3,45,17,0,2026-06-08T15:52:01.237278
EVT513463,P016,S04,bakery,23,35,1,0,2026-06-08T15:52:01.237280
EVT751870,P013,S04,snacks,8,50,15,1,2026-06-08T15:52:01.237283
EVT326427,P013,S04,bakery,1,35,12,1,2026-06-08T15:52:01.237285
EVT329088,P015,S03,beverages,5,60,3,0,2026-06-08T15:52:01.237288
EVT949145,P009,S03,snacks,30,50,0,0,2026-06-08T15:52:01.237296
EVT465015,P016,S02,household,21,30,1,0,2026-06-08T15:52:01.237298
EVT212753,P011,S04,dairy,5,40,14,0,2026-06-08T15:52:01.237300
EVT649720,P005,S02,household,28,30,4,0,2026-06-08T15:52:01.237303
EVT756379,P012,S02,household,4,30,11,0,2026-06-08T15:52:01.237305
EVT654531,P011,S02,frozen,35,45,6,0,2026-06-08T15:52:01.237308
EVT424205,P006,S02,bakery,4,35,12,0,2026-06-08T15:52:01.237311
EVT940842,P013,S01,bakery,15,35,4,0,2026-06-08T15:52:01.237313
EVT750822,P018,S01,dairy,28,40,3,0,2026-06-08T15:52:01.237316
EVT251813,P006,S01,frozen,20,45,1,0,2026-06-08T15:52:01.237318
EVT610960,P008,S03,household,24,30,4,0,2026-06-08T15:52:01.237321
EVT779528,P015,S03,household,7,30,13,1,2026-06-08T15:52:01.237323
EVT961453,P008,S01,bakery,16,35,6,0,2026-06-08T15:52:01.237326
EVT437029,P003,S01,bakery,3,35,18,0,2026-06-08T15:52:01.237328
EVT340060,P009,S02,beverages,2,60,7,1,2026-06-08T15:52:01.237330
EVT922950,P010,S03,beverages,36,60,6,0,2026-06-08T15:52:01.237333
EVT466983,P004,S03,household,0,30,12,0,2026-06-08T15:52:01.237335
EVT658818,P013,S01,frozen,31,45,6,0,2026-06-08T15:52:01.237337
EVT936759,P017,S04,household,8,30,6,1,2026-06-08T15:52:01.237339
EVT874063,P015,S03,household,8,30,12,0,2026-06-08T15:52:01.237342
EVT312864,P008,S03,frozen,4,45,15,0,2026-06-08T15:52:01.237344
EVT202665,P009,S04,household,3,30,7,1,2026-06-08T15:52:01.237347
EVT874651,P011,S03,bakery,7,35,14,0,2026-06-08T15:52:01.237349
EVT488664,P017,S02,bakery,30,35,6,0,2026-06-08T15:52:01.237351
EVT872880,P020,S02,beverages,39,60,3,1,2026-06-08T15:52:01.237354
EVT707516,P005,S02,dairy,15,40,14,0,2026-06-08T15:52:01.237356
EVT894051,P008,S03,dairy,37,40,1,0,2026-06-08T15:52:01.237359
EVT190106,P015,S03,beverages,9,60,6,1,2026-06-08T15:52:01.237361
EVT620982,P004,S01,beverages,57,60,5,1,2026-06-08T15:52:01.237363
EVT707102,P006,S04,dairy,35,40,5,0,2026-06-08T15:52:01.237366
EVT892667,P011,S04,bakery,7,35,10,0,2026-06-08T15:52:01.237369
EVT214581,P016,S03,bakery,26,35,3,0,2026-06-08T15:52:01.237371
EVT852575,P008,S04,snacks,13,50,12,0,2026-06-08T15:52:01.237381
EVT410401,P010,S04,bakery,21,35,5,0,2026-06-08T15:52:01.237383
EVT162045,P004,S04,dairy,35,40,2,0,2026-06-08T15:52:01.237386
EVT666828,P020,S02,snacks,7,50,18,0,2026-06-08T15:52:01.237388
EVT341101,P008,S03,beverages,58,60,3,0,2026-06-08T15:52:01.237391
EVT993761,P007,S01,snacks,37,50,5,0,2026-06-08T15:52:01.237393
EVT593708,P012,S04,bakery,26,35,3,0,2026-06-08T15:52:01.237396
EVT604650,P008,S03,beverages,41,60,2,0,2026-06-08T15:52:01.237398
EVT326560,P003,S01,dairy,31,40,0,0,2026-06-08T15:52:01.237400
EVT636152,P001,S02,household,12,30,10,0,2026-06-08T15:52:01.237403
EVT414625,P014,S03,beverages,7,60,0,0,2026-06-08T15:52:01.237405
EVT824732,P014,S01,beverages,5,60,17,0,2026-06-08T15:52:01.237407
EVT654750,P019,S03,beverages,40,60,0,0,2026-06-08T15:52:01.237410
EVT273844,P009,S04,dairy,1,40,0,0,2026-06-08T15:52:01.237412
EVT470769,P015,S02,household,23,30,5,0,2026-06-08T15:52:01.237414
EVT969061,P012,S04,dairy,29,40,3,0,2026-06-08T15:52:01.237417
EVT293241,P016,S03,household,28,30,1,1,2026-06-08T15:52:01.237419
EVT660254,P017,S04,bakery,31,35,0,0,2026-06-08T15:52:01.237422
EVT310652,P004,S02,bakery,8,35,15,0,2026-06-08T15:52:01.237424
EVT390355,P011,S04,household,25,30,1,0,2026-06-08T15:52:01.237427
EVT348993,P004,S04,beverages,46,60,0,0,2026-06-08T15:52:01.237429
EVT175866,P013,S04,snacks,15,50,12,0,2026-06-08T15:52:01.237432
EVT263980,P006,S02,snacks,25,50,5,0,2026-06-08T15:52:01.237434
EVT260375,P015,S01,frozen,27,45,6,0,2026-06-08T15:52:01.237436
EVT629058,P006,S04,dairy,13,40,11,0,2026-06-08T15:52:01.237439
EVT749390,P006,S01,dairy,38,40,3,0,2026-06-08T15:52:01.237441
EVT946411,P018,S01,dairy,2,40,11,0,2026-06-08T15:52:01.237444
EVT516025,P017,S03,dairy,5,40,18,0,2026-06-08T15:52:01.237446
EVT431101,P015,S02,dairy,16,40,8,1,2026-06-08T15:52:01.237449
EVT628339,P001,S01,bakery,8,35,6,0,2026-06-08T15:52:01.237451
EVT874928,P003,S04,dairy,35,40,1,0,2026-06-08T15:52:01.237454
EVT888244,P012,S03,frozen,31,45,6,0,2026-06-08T15:52:01.237456
EVT155013,P006,S01,snacks,31,50,2,0,2026-06-08T15:52:01.237459
EVT584656,P017,S03,beverages,0,60,13,1,2026-06-08T15:52:01.237461
EVT311611,P005,S02,bakery,20,35,6,0,2026-06-08T15:52:01.237464
EVT550302,P013,S03,bakery,9,35,1,0,2026-06-08T15:52:01.237466
EVT479287,P016,S03,bakery,35,35,5,0,2026-06-08T15:52:01.237472
EVT559839,P020,S01,beverages,12,60,6,1,2026-06-08T15:52:01.237475
EVT507251,P018,S02,household,20,30,2,0,2026-06-08T15:52:01.237477
EVT848629,P009,S01,beverages,7,60,5,0,2026-06-08T15:52:01.237479
EVT365521,P003,S03,frozen,0,45,15,1,2026-06-08T15:52:01.237482
EVT285500,P004,S04,dairy,16,40,12,0,2026-06-08T15:52:01.237486
EVT904310,P012,S02,snacks,32,50,2,0,2026-06-08T15:52:01.237488
EVT610732,P017,S03,household,14,30,6,1,2026-06-08T15:52:01.237491
EVT487530,P003,S01,snacks,27,50,3,0,2026-06-08T15:52:01.237493
EVT349339,P006,S03,household,24,30,0,0,2026-06-08T15:52:01.237496
EVT975824,P005,S03,dairy,6,40,12,0,2026-06-08T15:52:01.237498
EVT135625,P010,S04,snacks,6,50,14,0,2026-06-08T15:52:01.237500
EVT798602,P014,S02,snacks,2,50,1,0,2026-06-08T15:52:01.237502
EVT533986,P004,S02,frozen,0,45,10,1,2026-06-08T15:52:01.237505
EVT757575,P007,S02,household,9,30,1,0,2026-06-08T15:52:01.237507
EVT617209,P005,S04,beverages,53,60,3,1,2026-06-08T15:52:01.237509
EVT453801,P002,S02,snacks,28,50,6,0,2026-06-08T15:52:01.237512
EVT729722,P016,S02,household,2,30,15,1,2026-06-08T15:52:01.237514
EVT349530,P008,S01,bakery,0,35,6,1,2026-06-08T15:52:01.237516
EVT928662,P003,S02,bakery,16,35,3,0,2026-06-08T15:52:01.237519
EVT314452,P008,S03,beverages,6,60,13,1,2026-06-08T15:52:01.237521
EVT584742,P016,S03,household,10,30,0,0,2026-06-08T15:52:01.237524
EVT679167,P008,S02,beverages,6,60,11,1,2026-06-08T15:52:01.237526
EVT256540,P017,S03,frozen,3,45,18,0,2026-06-08T15:52:01.237528
EVT917222,P009,S04,frozen,4,45,16,0,2026-06-08T15:52:01.237531
EVT623007,P012,S01,beverages,52,60,4,0,2026-06-08T15:52:01.237533
EVT509319,P014,S02,dairy,8,40,18,0,2026-06-08T15:52:01.237536
EVT360817,P017,S04,dairy,18,40,1,0,2026-06-08T15:52:01.237538
EVT920675,P016,S01,household,7,30,3,0,2026-06-08T15:52:01.237541
EVT530830,P009,S03,frozen,22,45,2,0,2026-06-08T15:52:01.237543
EVT470798,P013,S01,household,16,30,4,0,2026-06-08T15:52:01.237546
EVT498979,P004,S04,dairy,29,40,6,0,2026-06-08T15:52:01.237548
EVT810369,P004,S02,dairy,1,40,11,0,2026-06-08T15:52:01.237550
EVT775498,P004,S04,frozen,15,45,9,0,2026-06-08T15:52:01.237553
EVT868606,P002,S02,snacks,17,50,13,0,2026-06-08T15:52:01.237555
EVT270245,P005,S02,snacks,37,50,6,0,2026-06-08T15:52:01.237557
EVT274642,P005,S01,snacks,15,50,15,0,2026-06-08T15:52:01.237560
EVT697261,P013,S04,bakery,25,35,3,0,2026-06-08T15:52:01.237562
EVT649279,P015,S03,frozen,24,45,6,0,2026-06-08T15:52:01.237565
EVT650418,P001,S02,frozen,38,45,5,1,2026-06-08T15:52:01.237568
EVT900679,P005,S03,frozen,7,45,13,1,2026-06-08T15:52:01.237574
EVT378224,P015,S04,household,9,30,8,0,2026-06-08T15:52:01.237577
EVT737697,P019,S01,household,4,30,13,0,2026-06-08T15:52:01.237579
EVT514978,P003,S04,snacks,0,50,10,1,2026-06-08T15:52:01.237581
EVT574317,P002,S02,bakery,25,35,0,0,2026-06-08T15:52:01.237584
EVT820095,P004,S02,frozen,18,45,10,0,2026-06-08T15:52:01.237586
EVT817918,P006,S01,bakery,15,35,11,0,2026-06-08T15:52:01.237588
EVT294952,P019,S02,bakery,7,35,16,0,2026-06-08T15:52:01.237591
EVT260512,P006,S04,bakery,20,35,1,0,2026-06-08T15:52:01.237593
EVT262151,P010,S04,bakery,0,35,10,1,2026-06-08T15:52:01.237596
EVT380914,P015,S04,frozen,23,45,0,0,2026-06-08T15:52:01.237598
EVT324250,P018,S02,bakery,23,35,5,0,2026-06-08T15:52:01.237600
EVT466659,P009,S01,bakery,0,35,2,0,2026-06-08T15:52:01.237603
EVT691776,P010,S03,frozen,5,45,12,0,2026-06-08T15:52:01.237605
EVT815647,P005,S04,bakery,6,35,12,0,2026-06-08T15:52:01.237607
EVT728210,P006,S04,household,16,30,3,0,2026-06-08T15:52:01.237609
EVT395108,P009,S02,bakery,14,35,8,0,2026-06-08T15:52:01.237612
EVT674536,P013,S04,dairy,35,40,4,0,2026-06-08T15:52:01.237615
EVT919831,P015,S02,frozen,30,45,1,0,2026-06-08T15:52:01.237618
EVT330206,P019,S02,frozen,24,45,6,0,2026-06-08T15:52:01.237622
EVT168749,P018,S02,beverages,8,60,9,0,2026-06-08T15:52:01.237625
EVT710582,P001,S02,frozen,31,45,0,0,2026-06-08T15:52:01.237629
EVT803481,P019,S04,dairy,22,40,1,0,2026-06-08T15:52:01.237632
EVT421045,P015,S04,household,8,30,9,0,2026-06-08T15:52:01.237635
EVT414989,P014,S01,beverages,32,60,2,0,2026-06-08T15:52:01.237638
EVT244663,P006,S03,frozen,26,45,0,0,2026-06-08T15:52:01.237640
EVT227210,P011,S03,snacks,9,50,11,1,2026-06-08T15:52:01.237643
EVT493895,P002,S01,bakery,12,35,13,1,2026-06-08T15:52:01.237645
EVT191498,P018,S02,beverages,7,60,13,0,2026-06-08T15:52:01.237647
EVT217122,P020,S01,frozen,26,45,3,0,2026-06-08T15:52:01.237650
EVT725226,P018,S02,beverages,41,60,3,0,2026-06-08T15:52:01.237652
EVT459685,P016,S04,beverages,28,60,0,0,2026-06-08T15:52:01.237655
EVT509685,P002,S03,beverages,39,60,2,0,2026-06-08T15:52:01.237657
EVT995696,P004,S03,snacks,9,50,13,1,2026-06-08T15:52:01.237660
EVT650992,P004,S04,household,16,30,2,0,2026-06-08T15:52:01.237662
EVT773517,P006,S03,bakery,4,35,12,0,2026-06-08T15:52:01.237665
EVT862068,P015,S01,beverages,16,60,15,0,2026-06-08T15:52:01.237667
EVT407910,P018,S02,frozen,28,45,3,0,2026-06-08T15:52:01.237670
EVT737093,P007,S04,bakery,13,35,11,0,2026-06-08T15:52:01.237673
EVT555425,P010,S01,beverages,22,60,14,0,2026-06-08T15:52:01.237676
EVT320428,P012,S04,dairy,28,40,6,0,2026-06-08T15:52:01.237678
EVT230950,P004,S02,household,14,30,5,0,2026-06-08T15:52:01.237681
EVT890483,P007,S01,frozen,17,45,9,0,2026-06-08T15:52:01.237683
EVT270916,P006,S04,frozen,44,45,2,0,2026-06-08T15:52:01.237686
EVT652006,P003,S04,household,13,30,15,0,2026-06-08T15:52:01.237688
EVT523977,P018,S02,bakery,0,35,10,0,2026-06-08T15:52:01.237691
EVT651081,P011,S04,beverages,9,60,0,0,2026-06-08T15:52:01.237693
EVT212695,P011,S03,bakery,12,35,9,0,2026-06-08T15:52:01.237696
EVT350171,P007,S01,bakery,8,35,10,0,2026-06-08T15:52:01.237699
EVT347134,P008,S03,frozen,11,45,11,0,2026-06-08T15:52:01.237701
EVT971089,P009,S03,bakery,24,35,6,0,2026-06-08T15:52:01.237704
EVT683858,P018,S02,frozen,1,45,13,1,2026-06-08T15:52:01.237711
EVT738263,P006,S04,bakery,27,35,0,0,2026-06-08T15:52:01.237714
EVT628383,P008,S03,beverages,13,60,14,0,2026-06-08T15:52:01.237717
EVT346219,P018,S03,beverages,6,60,6,1,2026-06-08T15:52:01.237720
EVT404077,P020,S04,household,6,30,10,0,2026-06-08T15:52:01.237722
EVT164050,P007,S04,household,7,30,4,0,2026-06-08T15:52:01.237724
EVT873338,P001,S02,household,28,30,3,0,2026-06-08T15:52:01.237727
EVT993792,P017,S04,dairy,10,40,4,0,2026-06-08T15:52:01.237730
EVT189558,P009,S01,dairy,30,40,0,0,2026-06-08T15:52:01.237732
EVT499000,P018,S01,dairy,0,40,10,0,2026-06-08T15:52:01.237735
EVT685142,P016,S04,bakery,32,35,3,0,2026-06-08T15:52:01.237737
EVT909974,P006,S02,dairy,8,40,9,0,2026-06-08T15:52:01.237740
EVT259134,P016,S01,frozen,37,45,1,0,2026-06-08T15:52:01.237742
EVT128432,P011,S02,bakery,4,35,14,0,2026-06-08T15:52:01.237745
EVT206108,P002,S03,snacks,29,50,4,0,2026-06-08T15:52:01.237747
EVT542855,P012,S01,frozen,44,45,4,0,2026-06-08T15:52:01.237750
EVT712210,P019,S03,household,18,30,7,1,2026-06-08T15:52:01.237752
EVT614734,P019,S01,snacks,29,50,2,0,2026-06-08T15:52:01.237755
EVT246770,P012,S01,bakery,31,35,4,0,2026-06-08T15:52:01.237757
EVT448176,P006,S03,snacks,46,50,6,0,2026-06-08T15:52:01.237760
EVT595979,P002,S01,snacks,18,50,16,0,2026-06-08T15:52:01.237762
EVT645700,P008,S01,snacks,17,50,9,1,2026-06-08T15:52:01.237765
EVT138231,P002,S01,bakery,9,35,2,0,2026-06-08T15:52:01.237767
EVT278753,P014,S02,household,13,30,4,1,2026-06-08T15:52:01.237770
EVT794656,P019,S03,bakery,8,35,7,1,2026-06-08T15:52:01.237772
EVT168051,P015,S01,dairy,4,40,15,0,2026-06-08T15:52:01.237775
EVT773577,P015,S01,household,8,30,11,1,2026-06-08T15:52:01.237778
EVT760702,P003,S03,bakery,17,35,4,0,2026-06-08T15:52:01.237780
EVT392049,P002,S01,bakery,14,35,16,0,2026-06-08T15:52:01.237783
EVT240199,P001,S04,beverages,8,60,11,0,2026-06-08T15:52:01.237786
EVT341452,P013,S04,beverages,53,60,6,0,2026-06-08T15:52:01.237793
EVT483535,P013,S01,household,15,30,1,0,2026-06-08T15:52:01.237796
EVT846539,P011,S03,snacks,25,50,1,0,2026-06-08T15:52:01.237803
EVT106630,P004,S04,beverages,34,60,1,0,2026-06-08T15:52:01.237806
EVT706360,P018,S04,snacks,0,50,11,0,2026-06-08T15:52:01.237808
EVT922100,P017,S04,dairy,5,40,1,0,2026-06-08T15:52:01.237811
EVT616283,P015,S01,frozen,36,45,3,0,2026-06-08T15:52:01.237813
EVT204097,P007,S03,bakery,7,35,16,0,2026-06-08T15:52:01.237816
EVT666442,P001,S02,household,9,30,8,0,2026-06-08T15:52:01.237819
EVT894247,P015,S02,bakery,9,35,10,1,2026-06-08T15:52:01.237821
EVT539984,P013,S03,household,24,30,1,0,2026-06-08T15:52:01.237824
EVT893240,P010,S01,beverages,7,60,18,0,2026-06-08T15:52:01.237827
EVT193070,P007,S01,frozen,13,45,11,0,2026-06-08T15:52:01.237829
EVT598052,P005,S02,household,22,30,0,1,2026-06-08T15:52:01.237832
EVT772916,P017,S04,beverages,34,60,0,1,2026-06-08T15:52:01.237834
EVT165666,P016,S01,household,7,30,13,0,2026-06-08T15:52:01.237837
EVT821760,P003,S01,beverages,52,60,6,0,2026-06-08T15:52:01.237839
EVT269812,P004,S02,bakery,7,35,15,0,2026-06-08T15:52:01.237842
EVT521982,P020,S01,frozen,44,45,3,1,2026-06-08T15:52:01.237844
EVT607465,P007,S04,bakery,12,35,10,0,2026-06-08T15:52:01.237847
EVT253081,P015,S04,snacks,45,50,5,0,2026-06-08T15:52:01.237849
EVT125200,P009,S02,frozen,40,45,2,0,2026-06-08T15:52:01.237852
EVT838035,P005,S03,bakery,3,35,14,0,2026-06-08T15:52:01.237855
EVT505377,P009,S03,beverages,6,60,12,0,2026-06-08T15:52:01.237857
EVT604877,P015,S01,frozen,42,45,4,0,2026-06-08T15:52:01.237860
EVT434890,P002,S04,frozen,20,45,4,0,2026-06-08T15:52:01.237862
EVT648852,P011,S02,frozen,1,45,17,0,2026-06-08T15:52:01.237865
EVT351056,P012,S04,snacks,29,50,1,1,2026-06-08T15:52:01.237867
EVT730506,P009,S01,beverages,4,60,4,0,2026-06-08T15:52:01.237870
EVT312112,P002,S02,snacks,9,50,2,0,2026-06-08T15:52:01.237872
EVT176871,P009,S02,dairy,2,40,6,1,2026-06-08T15:52:01.237874
EVT807212,P020,S02,bakery,21,35,2,0,2026-06-08T15:52:01.237877
EVT625589,P001,S04,bakery,2,35,14,1,2026-06-08T15:52:01.237879
EVT159486,P001,S02,dairy,34,40,1,0,2026-06-08T15:52:01.237882
EVT802947,P011,S04,beverages,12,60,9,1,2026-06-08T15:52:01.237885
EVT265044,P016,S03,frozen,42,45,3,0,2026-06-08T15:52:01.237892
EVT884996,P013,S03,frozen,0,45,0,0,2026-06-08T15:52:01.237895
EVT856067,P001,S04,household,27,30,6,0,2026-06-08T15:52:01.237897
EVT861481,P006,S02,frozen,5,45,11,1,2026-06-08T15:52:01.237900
EVT153270,P013,S03,dairy,5,40,4,0,2026-06-08T15:52:01.237902
EVT900879,P017,S01,beverages,48,60,0,0,2026-06-08T15:52:01.237905
EVT858752,P017,S03,household,14,30,0,1,2026-06-08T15:52:01.237907
EVT170662,P005,S02,dairy,32,40,6,0,2026-06-08T15:52:01.237910
EVT868218,P019,S01,bakery,10,35,6,1,2026-06-08T15:52:01.237912
EVT968352,P010,S04,dairy,22,40,2,0,2026-06-08T15:52:01.237915
EVT561721,P010,S01,beverages,47,60,0,1,2026-06-08T15:52:01.237917
EVT674340,P003,S02,beverages,42,60,4,0,2026-06-08T15:52:01.237920
EVT265063,P015,S01,household,0,30,1,0,2026-06-08T15:52:01.237922
EVT347794,P005,S03,beverages,31,60,0,0,2026-06-08T15:52:01.237925
EVT663185,P002,S03,household,6,30,12,0,2026-06-08T15:52:01.237927
EVT305112,P016,S03,dairy,27,40,0,0,2026-06-08T15:52:01.237930
EVT590270,P016,S02,household,6,30,11,0,2026-06-08T15:52:01.237932
EVT898297,P005,S04,household,9,30,4,0,2026-06-08T15:52:01.237935
EVT739672,P006,S01,household,28,30,2,0,2026-06-08T15:52:01.237938
EVT754114,P018,S04,frozen,6,45,9,1,2026-06-08T15:52:01.237941
EVT416528,P014,S03,frozen,24,45,0,0,2026-06-08T15:52:01.237943
EVT888710,P001,S01,frozen,7,45,12,1,2026-06-08T15:52:01.237946
EVT619113,P019,S03,dairy,0,40,17,0,2026-06-08T15:52:01.237948
EVT285286,P018,S03,frozen,20,45,11,0,2026-06-08T15:52:01.237951
EVT506917,P009,S01,household,3,30,11,0,2026-06-08T15:52:01.237953
EVT423001,P019,S02,snacks,5,50,1,0,2026-06-08T15:52:01.237956
EVT631755,P002,S04,beverages,34,60,3,0,2026-06-08T15:52:01.237958
EVT954932,P018,S03,bakery,1,35,14,0,2026-06-08T15:52:01.237961
EVT214088,P004,S02,snacks,23,50,5,0,2026-06-08T15:52:01.237964
EVT291830,P003,S02,bakery,29,35,5,0,2026-06-08T15:52:01.237966
EVT932477,P004,S01,frozen,3,45,1,0,2026-06-08T15:52:01.237968
EVT475103,P002,S04,bakery,12,35,8,0,2026-06-08T15:52:01.237972
EVT669975,P019,S04,snacks,7,50,15,0,2026-06-08T15:52:01.237974
EVT795090,P002,S01,bakery,26,35,4,0,2026-06-08T15:52:01.237976
EVT274179,P012,S03,household,16,30,5,0,2026-06-08T15:52:01.237979
EVT435257,P009,S04,snacks,6,50,5,0,2026-06-08T15:52:01.237981
EVT299836,P011,S01,household,22,30,1,1,2026-06-08T15:52:01.237984
EVT403727,P013,S04,snacks,14,50,13,0,2026-06-08T15:52:01.237987
EVT775750,P018,S01,household,13,30,2,0,2026-06-08T15:52:01.237990
EVT214000,P014,S01,household,4,30,4,0,2026-06-08T15:52:01.237997
EVT838636,P001,S03,frozen,42,45,4,0,2026-06-08T15:52:01.237999
EVT493617,P020,S02,household,4,30,13,1,2026-06-08T15:52:01.238002
EVT845924,P013,S02,bakery,32,35,3,0,2026-06-08T15:52:01.238004
EVT140016,P008,S03,household,22,30,6,0,2026-06-08T15:52:01.238006
EVT236236,P018,S01,dairy,17,40,14,0,2026-06-08T15:52:01.238009
EVT237771,P011,S01,dairy,12,40,9,0,2026-06-08T15:52:01.238011
EVT997980,P017,S01,dairy,36,40,3,0,2026-06-08T15:52:01.238013
EVT319836,P015,S04,bakery,1,35,10,0,2026-06-08T15:52:01.238016
EVT358793,P009,S01,beverages,60,60,3,0,2026-06-08T15:52:01.238018
EVT377731,P011,S02,beverages,3,60,13,0,2026-06-08T15:52:01.238021
EVT566973,P014,S03,bakery,22,35,2,0,2026-06-08T15:52:01.238023
EVT310424,P008,S04,dairy,22,40,1,0,2026-06-08T15:52:01.238025
EVT990877,P019,S03,household,3,30,16,0,2026-06-08T15:52:01.238028
EVT410055,P013,S03,frozen,41,45,0,1,2026-06-08T15:52:01.238030
EVT848851,P003,S01,household,2,30,2,0,2026-06-08T15:52:01.238032
EVT616902,P020,S04,dairy,6,40,17,0,2026-06-08T15:52:01.238035
EVT466837,P001,S04,frozen,10,45,15,0,2026-06-08T15:52:01.238037
EVT429631,P010,S03,beverages,2,60,10,0,2026-06-08T15:52:01.238039
EVT911468,P002,S01,snacks,0,50,16,0,2026-06-08T15:52:01.238042
EVT578260,P020,S02,bakery,17,35,2,0,2026-06-08T15:52:01.238044
EVT394536,P017,S03,snacks,6,50,15,1,2026-06-08T15:52:01.238047
EVT621335,P008,S03,bakery,6,35,11,0,2026-06-08T15:52:01.238049
EVT764609,P015,S02,bakery,25,35,4,0,2026-06-08T15:52:01.238051
EVT630126,P010,S01,snacks,12,50,15,1,2026-06-08T15:52:01.238057
EVT254867,P010,S02,household,2,30,3,0,2026-06-08T15:52:01.238059
EVT156531,P012,S02,frozen,31,45,1,0,2026-06-08T15:52:01.238062
EVT962962,P005,S01,beverages,4,60,12,0,2026-06-08T15:52:01.238064
EVT470456,P012,S03,household,12,30,9,1,2026-06-08T15:52:01.238067
EVT850976,P003,S01,dairy,22,40,6,0,2026-06-08T15:52:01.238069
EVT690159,P008,S03,household,16,30,4,0,2026-06-08T15:52:01.238071
EVT887138,P001,S03,snacks,17,50,15,0,2026-06-08T15:52:01.238074
EVT984269,P017,S04,frozen,24,45,5,0,2026-06-08T15:52:01.238076
EVT151893,P007,S01,beverages,15,60,14,0,2026-06-08T15:52:01.238078
EVT328424,P001,S02,bakery,8,35,4,0,2026-06-08T15:52:01.238081
EVT538951,P001,S03,bakery,26,35,1,0,2026-06-08T15:52:01.238083
EVT254409,P003,S02,dairy,2,40,16,0,2026-06-08T15:52:01.238085
EVT327680,P012,S03,bakery,7,35,6,1,2026-06-08T15:52:01.238088
EVT669002,P018,S04,household,21,30,6,0,2026-06-08T15:52:01.238090
EVT706560,P005,S04,beverages,13,60,11,0,2026-06-08T15:52:01.238093
EVT708323,P015,S04,snacks,17,50,10,1,2026-06-08T15:52:01.238096
EVT174043,P018,S04,beverages,27,60,4,0,2026-06-08T15:52:01.238098
EVT266245,P008,S04,dairy,6,40,18,0,2026-06-08T15:52:01.238100
EVT301480,P014,S02,household,17,30,10,0,2026-06-08T15:52:01.238103
EVT920698,P007,S04,bakery,8,35,4,0,2026-06-08T15:52:01.238105
EVT100721,P006,S02,frozen,32,45,5,0,2026-06-08T15:52:01.238107
EVT304100,P010,S04,frozen,20,45,11,0,2026-06-08T15:52:01.238110
EVT327057,P010,S01,beverages,26,60,13,0,2026-06-08T15:52:01.238113
EVT379832,P006,S04,bakery,26,35,5,0,2026-06-08T15:52:01.238115
EVT220863,P008,S03,beverages,16,60,13,0,2026-06-08T15:52:01.238121
EVT390486,P002,S04,household,18,30,6,1,2026-06-08T15:52:01.238123
EVT578783,P007,S01,beverages,38,60,2,0,2026-06-08T15:52:01.238126
EVT896839,P020,S02,household,8,30,13,0,2026-06-08T15:52:01.238128
EVT810676,P003,S01,snacks,20,50,13,0,2026-06-08T15:52:01.238131
EVT997167,P020,S02,household,5,30,7,1,2026-06-08T15:52:01.238133
EVT821874,P020,S03,household,13,30,14,0,2026-06-08T15:52:01.238135
EVT902146,P005,S04,dairy,0,40,14,0,2026-06-08T15:52:01.238138
EVT101369,P006,S02,dairy,22,40,6,0,2026-06-08T15:52:01.238140
EVT951422,P008,S03,beverages,52,60,6,0,2026-06-08T15:52:01.238143
EVT886711,P016,S04,dairy,26,40,2,0,2026-06-08T15:52:01.238145
EVT543180,P018,S01,snacks,41,50,0,0,2026-06-08T15:52:01.238148
EVT352543,P015,S04,snacks,41,50,3,0,2026-06-08T15:52:01.238150
EVT727686,P011,S04,beverages,40,60,5,0,2026-06-08T15:52:01.238153
EVT763102,P012,S02,dairy,27,40,3,0,2026-06-08T15:52:01.238155
EVT143869,P016,S02,household,15,30,2,1,2026-06-08T15:52:01.238157
EVT333605,P018,S03,household,1,30,4,0,2026-06-08T15:52:01.238160
EVT962578,P015,S01,bakery,28,35,4,1,2026-06-08T15:52:01.238162
EVT154161,P003,S02,dairy,39,40,3,0,2026-06-08T15:52:01.238164
EVT361261,P017,S02,bakery,34,35,4,0,2026-06-08T15:52:01.238167
EVT994702,P020,S01,household,3,30,15,0,2026-06-08T15:52:01.238169
EVT754150,P018,S01,snacks,44,50,4,0,2026-06-08T15:52:01.238171
EVT906568,P013,S04,household,14,30,2,0,2026-06-08T15:52:01.238174
EVT355042,P004,S01,snacks,47,50,5,0,2026-06-08T15:52:01.238176
EVT946479,P017,S04,frozen,4,45,5,0,2026-06-08T15:52:01.238178
EVT228148,P004,S02,dairy,15,40,8,0,2026-06-08T15:52:01.238180
EVT474751,P004,S02,household,10,30,11,0,2026-06-08T15:52:01.238183
EVT312830,P013,S04,dairy,10,40,11,0,2026-06-08T15:52:01.238185
EVT775944,P009,S04,snacks,3,50,18,0,2026-06-08T15:52:01.238188
EVT346478,P013,S01,beverages,9,60,2,0,2026-06-08T15:52:01.238190
EVT176442,P015,S03,bakery,16,35,0,0,2026-06-08T15:52:01.238193
EVT158961,P003,S01,beverages,1,60,8,1,2026-06-08T15:52:01.238195
EVT229782,P005,S04,frozen,23,45,1,0,2026-06-08T15:52:01.238197
EVT657111,P012,S03,household,13,30,10,0,2026-06-08T15:52:01.238200
EVT486995,P017,S02,bakery,15,35,13,0,2026-06-08T15:52:01.238202
EVT904744,P018,S03,frozen,42,45,4,0,2026-06-08T15:52:01.238204
EVT200759,P019,S04,snacks,44,50,3,0,2026-06-08T15:52:01.238207
EVT272398,P014,S01,snacks,40,50,5,0,2026-06-08T15:52:01.238209
EVT907144,P002,S01,bakery,15,35,7,1,2026-06-08T15:52:01.238211
EVT984126,P017,S02,dairy,9,40,16,0,2026-06-08T15:52:01.238218
EVT225539,P018,S03,beverages,5,60,4,0,2026-06-08T15:52:01.238221
EVT277332,P006,S03,beverages,41,60,2,0,2026-06-08T15:52:01.238223
EVT844071,P009,S01,dairy,31,40,3,0,2026-06-08T15:52:01.238226
EVT972186,P018,S03,snacks,37,50,4,0,2026-06-08T15:52:01.238228
EVT727493,P007,S01,snacks,5,50,13,0,2026-06-08T15:52:01.238230
EVT129759,P004,S03,beverages,14,60,8,0,2026-06-08T15:52:01.238233
EVT587525,P006,S04,household,20,30,5,0,2026-06-08T15:52:01.238235
EVT538938,P017,S02,beverages,34,60,1,0,2026-06-08T15:52:01.238238
EVT523141,P008,S03,dairy,37,40,4,0,2026-06-08T15:52:01.238240
EVT586706,P009,S01,beverages,51,60,0,0,2026-06-08T15:52:01.238243
EVT209940,P010,S04,beverages,26,60,9,0,2026-06-08T15:52:01.238245
EVT615155,P003,S03,snacks,22,50,9,0,2026-06-08T15:52:01.238248
EVT204322,P001,S01,household,1,30,3,0,2026-06-08T15:52:01.238251
EVT431809,P018,S03,frozen,19,45,15,0,2026-06-08T15:52:01.238253
EVT592726,P019,S03,snacks,39,50,5,0,2026-06-08T15:52:01.238256
EVT544759,P014,S03,household,29,30,0,0,2026-06-08T15:52:01.238258
EVT101629,P004,S04,dairy,29,40,4,0,2026-06-08T15:52:01.238260
EVT467092,P017,S04,household,11,30,10,0,2026-06-08T15:52:01.238263
EVT219277,P003,S04,frozen,35,45,1,0,2026-06-08T15:52:01.238265
EVT477184,P010,S03,dairy,8,40,15,0,2026-06-08T15:52:01.238267
EVT651589,P005,S03,bakery,29,35,4,0,2026-06-08T15:52:01.238270
EVT468201,P010,S01,household,30,30,4,0,2026-06-08T15:52:01.238272
EVT989681,P013,S01,bakery,24,35,1,0,2026-06-08T15:52:01.238275
EVT983790,P008,S01,dairy,21,40,3,0,2026-06-08T15:52:01.238277
EVT638380,P014,S03,frozen,41,45,2,1,2026-06-08T15:52:01.238279
EVT285285,P008,S03,frozen,29,45,2,0,2026-06-08T15:52:01.238282
EVT511441,P020,S01,frozen,41,45,5,0,2026-06-08T15:52:01.238284
EVT640462,P014,S02,beverages,2,60,3,0,2026-06-08T15:52:01.238286
EVT890931,P016,S03,beverages,2,60,3,0,2026-06-08T15:52:01.238289
EVT787698,P012,S03,snacks,13,50,11,0,2026-06-08T15:52:01.238291
EVT296201,P007,S02,snacks,15,50,9,0,2026-06-08T15:52:01.238294
EVT367704,P014,S02,snacks,5,50,13,0,2026-06-08T15:52:01.238299
EVT213321,P015,S03,beverages,56,60,2,0,2026-06-08T15:52:01.238302
EVT587761,P017,S02,household,5,30,14,0,2026-06-08T15:52:01.238304
EVT438197,P019,S03,snacks,34,50,1,0,2026-06-08T15:52:01.238306
EVT142193,P016,S04,bakery,28,35,2,0,2026-06-08T15:52:01.238309
EVT702743,P009,S04,snacks,0,50,5,0,2026-06-08T15:52:01.238311
EVT271739,P015,S04,bakery,1,35,15,1,2026-06-08T15:52:01.238313
EVT258691,P014,S04,frozen,11,45,11,0,2026-06-08T15:52:01.238316
EVT690649,P017,S02,beverages,0,60,12,1,2026-06-08T15:52:01.238318
EVT856200,P020,S03,household,22,30,1,0,2026-06-08T15:52:01.238320
EVT746206,P008,S01,beverages,21,60,13,0,2026-06-08T15:52:01.238323
EVT862024,P010,S03,bakery,2,35,16,0,2026-06-08T15:52:01.238325
EVT615454,P017,S01,snacks,10,50,2,0,2026-06-08T15:52:01.238327
EVT109511,P011,S04,bakery,10,35,8,0,2026-06-08T15:52:01.238330
EVT160740,P015,S02,dairy,40,40,2,0,2026-06-08T15:52:01.238332
EVT600657,P003,S04,bakery,35,35,4,0,2026-06-08T15:52:01.238335
EVT883806,P004,S04,snacks,20,50,15,0,2026-06-08T15:52:01.238338
EVT417409,P016,S02,household,30,30,6,0,2026-06-08T15:52:01.238340
EVT727205,P012,S03,bakery,0,35,0,0,2026-06-08T15:52:01.238343
EVT908468,P007,S02,beverages,50,60,5,0,2026-06-08T15:52:01.238345
EVT247883,P001,S01,household,6,30,2,0,2026-06-08T15:52:01.238347
EVT142105,P004,S03,dairy,35,40,3,0,2026-06-08T15:52:01.238350
EVT925522,P013,S04,bakery,24,35,3,0,2026-06-08T15:52:01.238352
EVT541775,P016,S02,snacks,50,50,1,0,2026-06-08T15:52:01.238355
EVT901448,P016,S03,frozen,0,45,16,0,2026-06-08T15:52:01.238357
EVT113818,P012,S02,beverages,6,60,11,0,2026-06-08T15:52:01.238359
EVT804330,P020,S01,snacks,10,50,3,0,2026-06-08T15:52:01.238362
EVT517493,P006,S03,snacks,2,50,18,0,2026-06-08T15:52:01.238364
EVT923160,P005,S02,bakery,15,35,15,0,2026-06-08T15:52:01.238367
EVT691308,P020,S04,household,13,30,6,0,2026-06-08T15:52:01.238369
EVT930520,P011,S01,frozen,28,45,5,1,2026-06-08T15:52:01.238372
EVT831995,P005,S02,beverages,7,60,5,0,2026-06-08T15:52:01.238374
EVT809058,P016,S03,bakery,11,35,9,0,2026-06-08T15:52:01.238377
EVT849056,P012,S04,bakery,8,35,0,0,2026-06-08T15:52:01.238379
EVT733070,P012,S01,frozen,37,45,2,0,2026-06-08T15:52:01.238382
EVT440787,P008,S04,beverages,60,60,6,0,2026-06-08T15:52:01.238384
EVT130448,P019,S01,bakery,15,35,4,0,2026-06-08T15:52:01.238391
EVT170760,P003,S04,beverages,6,60,12,1,2026-06-08T15:52:01.238394
EVT194674,P012,S04,dairy,39,40,0,1,2026-06-08T15:52:01.238396
EVT474430,P008,S03,frozen,45,45,5,0,2026-06-08T15:52:01.238398
EVT583402,P016,S01,bakery,5,35,2,0,2026-06-08T15:52:01.238401
EVT346579,P016,S01,beverages,34,60,0,0,2026-06-08T15:52:01.238403
EVT348042,P002,S01,frozen,24,45,2,0,2026-06-08T15:52:01.238405
EVT125054,P006,S02,frozen,3,45,0,0,2026-06-08T15:52:01.238408
EVT368166,P019,S01,beverages,27,60,2,1,2026-06-08T15:52:01.238410
EVT336366,P004,S01,household,8,30,11,0,2026-06-08T15:52:01.238413
EVT596888,P020,S03,snacks,50,50,4,0,2026-06-08T15:52:01.238415
EVT553249,P003,S04,dairy,4,40,16,0,2026-06-08T15:52:01.238417
EVT958470,P003,S01,beverages,2,60,13,0,2026-06-08T15:52:01.238419
EVT915009,P005,S02,snacks,11,50,13,1,2026-06-08T15:52:01.238422
EVT653974,P006,S02,bakery,9,35,10,0,2026-06-08T15:52:01.238424
EVT699787,P016,S02,frozen,28,45,1,0,2026-06-08T15:52:01.238426
EVT693145,P017,S04,beverages,44,60,1,0,2026-06-08T15:52:01.238429
EVT658913,P018,S03,dairy,2,40,13,0,2026-06-08T15:52:01.238431
EVT498345,P018,S03,snacks,8,50,0,0,2026-06-08T15:52:01.238433
EVT692559,P013,S03,snacks,13,50,12,0,2026-06-08T15:52:01.238436
EVT308981,P011,S03,frozen,9,45,9,1,2026-06-08T15:52:01.238439
EVT494329,P012,S01,beverages,14,60,15,0,2026-06-08T15:52:01.238441
EVT533112,P013,S03,dairy,37,40,5,0,2026-06-08T15:52:01.238443
EVT448955,P002,S03,snacks,12,50,7,0,2026-06-08T15:52:01.238446
EVT447855,P015,S01,dairy,19,40,2,0,2026-06-08T15:52:01.238448
EVT599591,P016,S04,household,29,30,5,0,2026-06-08T15:52:01.238450
EVT962372,P014,S02,dairy,10,40,14,0,2026-06-08T15:52:01.238453
EVT697525,P002,S01,dairy,1,40,15,0,2026-06-08T15:52:01.238456
EVT215039,P005,S04,household,19,30,6,0,2026-06-08T15:52:01.238458
EVT257616,P013,S04,snacks,36,50,4,0,2026-06-08T15:52:01.238460
EVT737548,P011,S04,snacks,41,50,0,0,2026-06-08T15:52:01.238463
EVT506201,P017,S02,snacks,36,50,6,0,2026-06-08T15:52:01.238465
EVT716021,P017,S04,snacks,2,50,3,0,2026-06-08T15:52:01.238467
EVT167530,P001,S04,household,10,30,9,0,2026-06-08T15:52:01.238469
EVT338375,P009,S04,frozen,2,45,15,0,2026-06-08T15:52:01.238472
EVT465766,P014,S02,bakery,31,35,3,0,2026-06-08T15:52:01.238474
EVT979026,P014,S03,household,28,30,0,0,2026-06-08T15:52:01.238477
EVT786475,P005,S04,beverages,9,60,5,0,2026-06-08T15:52:01.238479
EVT794091,P011,S04,snacks,12,50,15,0,2026-06-08T15:52:01.238482
EVT855601,P003,S03,snacks,10,50,1,0,2026-06-08T15:52:01.238484
EVT587889,P017,S04,household,12,30,9,0,2026-06-08T15:52:01.238487
EVT400921,P008,S02,snacks,24,50,1,0,2026-06-08T15:52:01.238489
EVT764355,P017,S03,dairy,20,40,6,0,2026-06-08T15:52:01.238491
EVT811243,P013,S04,dairy,23,40,3,0,2026-06-08T15:52:01.238494
EVT200299,P015,S04,snacks,4,50,16,0,2026-06-08T15:52:01.238496
EVT961042,P004,S01,household,17,30,6,0,2026-06-08T15:52:01.238499
EVT601367,P003,S02,dairy,26,40,6,0,2026-06-08T15:52:01.238501
EVT185774,P018,S01,dairy,12,40,15,0,2026-06-08T15:52:01.238507
EVT338630,P020,S03,dairy,18,40,3,1,2026-06-08T15:52:01.238510
EVT129869,P018,S04,bakery,6,35,18,0,2026-06-08T15:52:01.238512
EVT684807,P007,S02,beverages,1,60,18,0,2026-06-08T15:52:01.238514
EVT425055,P020,S04,bakery,11,35,8,1,2026-06-08T15:52:01.238517
EVT553238,P001,S01,beverages,38,60,3,0,2026-06-08T15:52:01.238519
EVT390561,P012,S01,beverages,52,60,6,0,2026-06-08T15:52:01.238522
EVT138209,P010,S02,household,6,30,11,0,2026-06-08T15:52:01.238524
EVT412723,P011,S01,household,4,30,12,0,2026-06-08T15:52:01.238526
EVT250799,P005,S03,beverages,27,60,0,0,2026-06-08T15:52:01.238529
EVT337834,P005,S01,dairy,18,40,5,0,2026-06-08T15:52:01.238531
EVT872570,P016,S02,bakery,1,35,10,0,2026-06-08T15:52:01.238534
EVT935043,P009,S01,bakery,26,35,0,0,2026-06-08T15:52:01.238536
EVT721782,P010,S03,dairy,0,40,12,0,2026-06-08T15:52:01.238539
EVT447690,P011,S02,snacks,36,50,4,0,2026-06-08T15:52:01.238541
EVT299841,P020,S02,bakery,22,35,1,1,2026-06-08T15:52:01.238543
EVT558372,P019,S04,snacks,3,50,2,0,2026-06-08T15:52:01.238546
EVT989555,P016,S01,beverages,6,60,5,0,2026-06-08T15:52:01.238548
EVT515394,P018,S04,beverages,6,60,13,0,2026-06-08T15:52:01.238551
EVT256623,P014,S01,bakery,21,35,0,0,2026-06-08T15:52:01.238553
EVT449602,P011,S04,household,5,30,15,0,2026-06-08T15:52:01.238555
EVT722497,P016,S04,snacks,2,50,16,0,2026-06-08T15:52:01.238557
EVT898165,P007,S01,household,11,30,14,0,2026-06-08T15:52:01.238560
EVT228385,P003,S03,snacks,13,50,16,0,2026-06-08T15:52:01.238562
EVT325255,P011,S03,snacks,7,50,2,0,2026-06-08T15:52:01.238565
EVT743359,P002,S03,snacks,27,50,3,0,2026-06-08T15:52:01.238567
EVT459788,P006,S03,bakery,35,35,5,1,2026-06-08T15:52:01.238569
EVT549987,P007,S02,frozen,38,45,0,0,2026-06-08T15:52:01.238572
EVT721839,P018,S04,frozen,3,45,15,1,2026-06-08T15:52:01.238574
EVT564153,P009,S01,frozen,10,45,10,0,2026-06-08T15:52:01.238576
EVT803730,P005,S02,frozen,44,45,0,0,2026-06-08T15:52:01.238579
EVT921092,P002,S01,snacks,45,50,2,0,2026-06-08T15:52:01.238582
EVT295904,P009,S04,dairy,31,40,0,0,2026-06-08T15:52:01.238584
EVT656640,P003,S01,household,13,30,10,1,2026-06-08T15:52:01.238586
EVT671832,P007,S03,dairy,35,40,3,0,2026-06-08T15:52:01.238589
EVT814041,P005,S01,snacks,10,50,10,0,2026-06-08T15:52:01.238591
EVT488056,P013,S04,snacks,30,50,3,0,2026-06-08T15:52:01.238594
EVT605955,P014,S04,household,27,30,0,0,2026-06-08T15:52:01.238596
EVT407463,P014,S02,bakery,8,35,5,0,2026-06-08T15:52:01.238598
EVT626720,P014,S04,bakery,32,35,6,0,2026-06-08T15:52:01.238601
EVT415973,P001,S02,bakery,26,35,5,0,2026-06-08T15:52:01.238603
EVT720039,P001,S03,snacks,3,50,10,0,2026-06-08T15:52:01.238606
EVT330155,P004,S02,frozen,6,45,2,0,2026-06-08T15:52:01.238608
EVT318922,P001,S04,snacks,27,50,2,0,2026-06-08T15:52:01.238610
EVT938443,P017,S01,household,21,30,5,1,2026-06-08T15:52:01.238617
EVT850936,P018,S03,household,9,30,0,0,2026-06-08T15:52:01.238620
EVT492300,P002,S04,snacks,6,50,17,0,2026-06-08T15:52:01.238622
EVT433370,P015,S04,frozen,20,45,5,0,2026-06-08T15:52:01.238624
EVT250043,P002,S01,bakery,10,35,14,1,2026-06-08T15:52:01.238627
EVT677128,P020,S02,bakery,4,35,13,0,2026-06-08T15:52:01.238629
EVT966181,P005,S02,dairy,36,40,6,0,2026-06-08T15:52:01.238632
EVT485781,P003,S04,snacks,15,50,7,0,2026-06-08T15:52:01.238635
EVT848811,P005,S02,household,19,30,5,0,2026-06-08T15:52:01.238638
EVT793013,P012,S03,frozen,33,45,3,1,2026-06-08T15:52:01.238640
EVT273071,P002,S04,dairy,26,40,3,0,2026-06-08T15:52:01.238642
EVT867070,P007,S03,household,28,30,1,0,2026-06-08T15:52:01.238645
EVT170427,P008,S03,dairy,18,40,1,0,2026-06-08T15:52:01.238647
EVT646304,P006,S03,beverages,33,60,6,0,2026-06-08T15:52:01.238649
EVT400192,P006,S01,dairy,29,40,6,0,2026-06-08T15:52:01.238652
EVT583089,P008,S04,frozen,33,45,6,0,2026-06-08T15:52:01.238654
EVT170199,P012,S04,frozen,28,45,4,0,2026-06-08T15:52:01.238657
EVT414788,P004,S03,dairy,9,40,10,0,2026-06-08T15:52:01.238659
EVT186351,P004,S02,frozen,6,45,6,1,2026-06-08T15:52:01.238662
EVT449918,P019,S03,frozen,8,45,9,0,2026-06-08T15:52:01.238664
EVT293474,P006,S02,household,20,30,1,1,2026-06-08T15:52:01.238666
EVT833860,P013,S03,dairy,30,40,5,0,2026-06-08T15:52:01.238669
EVT325997,P014,S02,frozen,30,45,6,0,2026-06-08T15:52:01.238671
EVT544446,P011,S02,bakery,12,35,8,0,2026-06-08T15:52:01.238674
EVT516820,P003,S03,bakery,6,35,14,0,2026-06-08T15:52:01.238676
EVT870615,P015,S01,bakery,19,35,3,0,2026-06-08T15:52:01.238678
EVT785465,P019,S01,beverages,5,60,16,0,2026-06-08T15:52:01.238681
EVT828832,P009,S02,frozen,5,45,17,0,2026-06-08T15:52:01.238683
EVT889976,P001,S04,bakery,4,35,17,0,2026-06-08T15:52:01.238686
EVT445850,P013,S02,dairy,5,40,13,1,2026-06-08T15:52:01.238688
EVT329488,P017,S01,beverages,52,60,3,0,2026-06-08T15:52:01.238690
EVT916934,P001,S01,household,9,30,1,0,2026-06-08T15:52:01.238693
EVT166874,P011,S04,beverages,26,60,12,0,2026-06-08T15:52:01.238698
EVT844212,P020,S04,household,18,30,4,0,2026-06-08T15:52:01.238701
EVT925606,P003,S01,frozen,14,45,11,0,2026-06-08T15:52:01.238703
EVT171390,P018,S03,bakery,15,35,2,0,2026-06-08T15:52:01.238706
EVT666927,P012,S03,dairy,40,40,3,0,2026-06-08T15:52:01.238708
EVT365501,P003,S04,bakery,13,35,10,0,2026-06-08T15:52:01.238710
EVT877950,P018,S02,beverages,51,60,1,0,2026-06-08T15:52:01.238713
EVT326187,P001,S04,household,1,30,14,0,2026-06-08T15:52:01.238715
EVT169115,P020,S02,snacks,9,50,12,1,2026-06-08T15:52:01.238717
EVT641031,P014,S01,dairy,31,40,1,0,2026-06-08T15:52:01.238720
EVT488257,P009,S03,frozen,8,45,11,1,2026-06-08T15:52:01.238722
EVT598170,P003,S02,beverages,13,60,9,0,2026-06-08T15:52:01.238724
EVT884094,P004,S04,snacks,5,50,2,0,2026-06-08T15:52:01.238727
EVT975201,P003,S03,household,13,30,0,1,2026-06-08T15:52:01.238730
EVT415153,P015,S04,snacks,1,50,13,0,2026-06-08T15:52:01.238732
EVT392004,P005,S03,household,17,30,2,0,2026-06-08T15:52:01.238734
EVT797214,P012,S04,frozen,6,45,17,0,2026-06-08T15:52:01.238737
EVT689243,P010,S02,frozen,31,45,0,0,2026-06-08T15:52:01.238739
EVT984058,P019,S01,bakery,6,35,9,1,2026-06-08T15:52:01.238741
EVT546286,P010,S02,dairy,22,40,1,0,2026-06-08T15:52:01.238744
EVT615463,P005,S03,dairy,4,40,17,0,2026-06-08T15:52:01.238746
EVT872796,P016,S02,beverages,6,60,13,0,2026-06-08T15:52:01.238748
EVT539667,P020,S03,dairy,21,40,3,0,2026-06-08T15:52:01.238751
EVT384737,P004,S01,bakery,15,35,13,0,2026-06-08T15:52:01.238753
EVT412275,P011,S02,beverages,31,60,6,0,2026-06-08T15:52:01.238756
EVT546444,P007,S01,frozen,9,45,8,1,2026-06-08T15:52:01.238758
EVT848817,P014,S04,beverages,1,60,4,0,2026-06-08T15:52:01.238761
EVT938574,P015,S01,beverages,31,60,3,0,2026-06-08T15:52:01.238763
EVT841711,P020,S03,frozen,38,45,5,0,2026-06-08T15:52:01.238766
EVT646329,P001,S02,snacks,18,50,11,0,2026-06-08T15:52:01.238768
EVT904929,P004,S04,bakery,13,35,8,0,2026-06-08T15:52:01.238771
EVT862826,P013,S04,bakery,7,35,2,0,2026-06-08T15:52:01.238773
EVT263554,P002,S04,household,25,30,1,0,2026-06-08T15:52:01.238776
EVT824133,P001,S01,bakery,5,35,12,0,2026-06-08T15:52:01.238782
EVT292637,P002,S01,frozen,3,45,7,1,2026-06-08T15:52:01.238784
EVT244263,P016,S04,beverages,38,60,4,0,2026-06-08T15:52:01.238786
EVT200258,P009,S04,household,8,30,10,0,2026-06-08T15:52:01.238798
EVT876750,P016,S04,household,12,30,10,0,2026-06-08T15:52:01.238801
EVT609529,P004,S03,beverages,17,60,13,0,2026-06-08T15:52:01.238805
EVT517245,P016,S02,frozen,24,45,4,0,2026-06-08T15:52:01.238808
EVT770686,P016,S02,dairy,10,40,15,1,2026-06-08T15:52:01.238811
EVT871209,P020,S03,dairy,27,40,5,0,2026-06-08T15:52:01.238814
EVT247373,P017,S01,snacks,6,50,4,0,2026-06-08T15:52:01.238817
EVT442344,P017,S02,bakery,7,35,4,0,2026-06-08T15:52:01.238821
EVT744761,P015,S04,frozen,10,45,1,0,2026-06-08T15:52:01.238824
EVT387947,P015,S02,bakery,24,35,0,0,2026-06-08T15:52:01.238828
EVT510525,P007,S04,snacks,32,50,3,0,2026-06-08T15:52:01.238831
EVT332425,P009,S01,household,0,30,4,0,2026-06-08T15:52:01.238834
EVT174484,P001,S04,dairy,4,40,1,0,2026-06-08T15:52:01.238837
EVT720293,P001,S02,beverages,40,60,5,0,2026-06-08T15:52:01.238840
EVT940366,P014,S02,bakery,5,35,7,1,2026-06-08T15:52:01.238842
EVT898590,P013,S02,frozen,28,45,4,0,2026-06-08T15:52:01.238845
EVT115743,P002,S02,frozen,7,45,16,0,2026-06-08T15:52:01.238848
EVT557129,P016,S04,dairy,1,40,17,0,2026-06-08T15:52:01.238851
EVT703858,P017,S02,bakery,16,35,0,0,2026-06-08T15:52:01.238853
EVT102352,P006,S04,snacks,10,50,2,0,2026-06-08T15:52:01.238856
EVT837220,P008,S03,snacks,10,50,8,1,2026-06-08T15:52:01.238858
EVT467561,P004,S04,bakery,27,35,2,0,2026-06-08T15:52:01.238861
EVT302179,P012,S04,snacks,31,50,0,0,2026-06-08T15:52:01.238863
EVT711821,P007,S01,bakery,23,35,5,0,2026-06-08T15:52:01.238866
EVT409420,P007,S01,dairy,23,40,3,0,2026-06-08T15:52:01.238868
EVT964055,P009,S04,bakery,1,35,4,0,2026-06-08T15:52:01.238871
EVT855226,P010,S01,household,8,30,15,0,2026-06-08T15:52:01.238874
EVT670270,P015,S03,household,24,30,3,0,2026-06-08T15:52:01.238877
EVT580059,P003,S04,dairy,27,40,3,0,2026-06-08T15:52:01.238880
EVT811388,P012,S01,snacks,1,50,3,0,2026-06-08T15:52:01.238883
EVT963490,P009,S01,snacks,49,50,2,0,2026-06-08T15:52:01.238885
EVT930331,P006,S04,dairy,38,40,4,0,2026-06-08T15:52:01.238888
EVT358603,P012,S01,bakery,10,35,5,0,2026-06-08T15:52:01.238891
EVT314878,P014,S04,household,26,30,2,0,2026-06-08T15:52:01.238893
EVT168103,P012,S04,frozen,40,45,6,1,2026-06-08T15:52:01.238896
EVT763964,P001,S04,beverages,20,60,8,0,2026-06-08T15:52:01.238898
EVT796835,P005,S01,frozen,24,45,4,0,2026-06-08T15:52:01.238901
EVT666408,P018,S01,snacks,29,50,3,0,2026-06-08T15:52:01.238904
EVT362198,P010,S04,beverages,47,60,1,0,2026-06-08T15:52:01.238907
EVT371859,P002,S04,household,8,30,14,0,2026-06-08T15:52:01.238910
EVT173742,P014,S04,household,12,30,9,0,2026-06-08T15:52:01.238917
EVT453309,P008,S02,frozen,10,45,6,1,2026-06-08T15:52:01.238920
EVT636526,P015,S02,bakery,2,35,7,1,2026-06-08T15:52:01.238922
EVT143641,P004,S04,dairy,0,40,15,0,2026-06-08T15:52:01.238925
EVT562215,P008,S03,beverages,53,60,5,0,2026-06-08T15:52:01.238927
EVT798376,P008,S02,dairy,14,40,14,0,2026-06-08T15:52:01.238930
EVT227878,P012,S01,dairy,18,40,2,0,2026-06-08T15:52:01.238933
EVT554196,P017,S02,household,15,30,10,0,2026-06-08T15:52:01.238935
EVT295998,P015,S01,bakery,4,35,0,0,2026-06-08T15:52:01.238938
EVT622872,P017,S01,household,10,30,1,0,2026-06-08T15:52:01.238941
EVT108151,P020,S03,frozen,4,45,0,0,2026-06-08T15:52:01.238943
EVT876753,P014,S04,snacks,45,50,5,0,2026-06-08T15:52:01.238946
EVT444223,P008,S01,beverages,4,60,2,0,2026-06-08T15:52:01.238948
EVT653910,P001,S04,frozen,7,45,10,0,2026-06-08T15:52:01.238951
EVT433069,P008,S02,household,24,30,5,0,2026-06-08T15:52:01.238953
EVT749859,P012,S02,dairy,27,40,3,0,2026-06-08T15:52:01.238956
EVT371501,P013,S04,snacks,39,50,2,0,2026-06-08T15:52:01.238959
EVT737011,P013,S01,snacks,9,50,0,0,2026-06-08T15:52:01.238961
EVT175638,P015,S04,household,1,30,17,0,2026-06-08T15:52:01.238964
EVT357936,P020,S04,household,0,30,12,0,2026-06-08T15:52:01.238966
EVT941399,P001,S03,beverages,54,60,1,0,2026-06-08T15:52:01.238969
EVT368927,P001,S02,beverages,35,60,3,0,2026-06-08T15:52:01.238972
EVT152217,P010,S02,beverages,45,60,5,0,2026-06-08T15:52:01.238974
EVT518860,P008,S03,beverages,55,60,1,0,2026-06-08T15:52:01.238977
EVT492832,P013,S04,bakery,28,35,2,0,2026-06-08T15:52:01.238979
EVT627606,P002,S01,household,21,30,3,0,2026-06-08T15:52:01.238982
EVT546762,P016,S02,beverages,51,60,6,0,2026-06-08T15:52:01.238985
EVT334748,P002,S04,bakery,22,35,5,0,2026-06-08T15:52:01.238987
EVT298356,P008,S04,household,15,30,4,0,2026-06-08T15:52:01.238990
EVT379359,P017,S02,dairy,23,40,6,0,2026-06-08T15:52:01.238993
EVT828112,P015,S04,household,1,30,5,0,2026-06-08T15:52:01.238995
EVT920805,P004,S04,household,0,30,9,1,2026-06-08T15:52:01.238998
EVT916456,P010,S03,snacks,13,50,15,0,2026-06-08T15:52:01.239001
EVT331132,P002,S01,beverages,45,60,5,0,2026-06-08T15:52:01.239003
EVT948572,P008,S03,frozen,7,45,12,0,2026-06-08T15:52:01.239006
EVT462556,P007,S03,bakery,5,35,18,0,2026-06-08T15:52:01.239009
EVT963703,P014,S03,bakery,6,35,2,0,2026-06-08T15:52:01.239012
EVT634861,P002,S01,snacks,34,50,5,0,2026-06-08T15:52:01.239014
EVT286330,P018,S02,dairy,40,40,2,0,2026-06-08T15:52:01.239017
EVT644807,P003,S03,household,11,30,9,0,2026-06-08T15:52:01.239019
EVT517693,P018,S03,bakery,8,35,15,1,2026-06-08T15:52:01.239022
EVT189425,P003,S01,frozen,30,45,4,0,2026-06-08T15:52:01.239025
EVT115608,P007,S01,bakery,18,35,6,1,2026-06-08T15:52:01.239027
EVT767023,P020,S01,household,26,30,5,0,2026-06-08T15:52:01.239030
EVT116838,P003,S03,beverages,7,60,0,0,2026-06-08T15:52:01.239032
EVT324358,P015,S04,bakery,1,35,13,1,2026-06-08T15:52:01.239035
EVT163675,P016,S02,beverages,46,60,1,0,2026-06-08T15:52:01.239037
EVT874912,P010,S01,snacks,12,50,12,0,2026-06-08T15:52:01.239040
EVT406025,P012,S02,beverages,50,60,6,0,2026-06-08T15:52:01.239043
EVT735488,P012,S04,bakery,31,35,4,0,2026-06-08T15:52:01.239045
EVT300462,P017,S03,household,9,30,15,0,2026-06-08T15:52:01.239048
EVT898768,P008,S03,household,28,30,4,0,2026-06-08T15:52:01.239051
EVT255123,P010,S01,dairy,28,40,2,0,2026-06-08T15:52:01.239057
EVT878186,P014,S01,household,23,30,0,0,2026-06-08T15:52:01.239060
EVT211975,P016,S02,dairy,35,40,4,0,2026-06-08T15:52:01.239063
EVT940799,P015,S04,snacks,38,50,2,0,2026-06-08T15:52:01.239065
EVT920798,P019,S02,frozen,13,45,8,0,2026-06-08T15:52:01.239068
EVT997921,P005,S01,household,6,30,0,0,2026-06-08T15:52:01.239071
EVT322357,P002,S03,frozen,37,45,6,0,2026-06-08T15:52:01.239073
EVT861137,P019,S01,bakery,1,35,13,0,2026-06-08T15:52:01.239076
EVT354149,P007,S03,snacks,47,50,2,0,2026-06-08T15:52:01.239078
EVT732450,P009,S04,bakery,2,35,4,0,2026-06-08T15:52:01.239081
EVT313754,P002,S04,household,19,30,5,0,2026-06-08T15:52:01.239084
EVT985112,P001,S02,snacks,12,50,9,0,2026-06-08T15:52:01.239087
EVT805622,P019,S03,bakery,20,35,1,0,2026-06-08T15:52:01.239089
EVT651725,P013,S01,bakery,12,35,8,0,2026-06-08T15:52:01.239092
EVT196952,P017,S04,dairy,7,40,17,0,2026-06-08T15:52:01.239094
EVT947797,P003,S01,bakery,22,35,4,0,2026-06-08T15:52:01.239097
EVT770425,P004,S04,household,11,30,12,0,2026-06-08T15:52:01.239100
EVT630125,P011,S01,household,12,30,11,0,2026-06-08T15:52:01.239102
EVT776309,P007,S04,dairy,6,40,10,1,2026-06-08T15:52:01.239105
EVT297258,P018,S03,bakery,19,35,3,0,2026-06-08T15:52:01.239108
EVT546236,P017,S02,beverages,18,60,9,1,2026-06-08T15:52:01.239110
EVT483928,P010,S02,household,25,30,2,0,2026-06-08T15:52:01.239113
EVT903788,P014,S04,beverages,21,60,13,0,2026-06-08T15:52:01.239116
EVT484636,P004,S02,dairy,17,40,12,0,2026-06-08T15:52:01.239119
EVT732284,P020,S01,dairy,29,40,6,0,2026-06-08T15:52:01.239121
EVT795214,P003,S01,dairy,14,40,11,0,2026-06-08T15:52:01.239124
EVT869276,P020,S01,beverages,10,60,9,1,2026-06-08T15:52:01.239126
EVT330233,P003,S01,frozen,2,45,11,1,2026-06-08T15:52:01.239129
EVT314357,P018,S02,frozen,13,45,9,0,2026-06-08T15:52:01.239131
EVT638743,P011,S03,frozen,9,45,7,0,2026-06-08T15:52:01.239134
EVT259198,P015,S03,household,5,30,14,0,2026-06-08T15:52:01.239137
EVT182610,P002,S04,dairy,24,40,2,1,2026-06-08T15:52:01.239144
EVT887262,P004,S03,snacks,7,50,9,1,2026-06-08T15:52:01.239146
EVT543021,P010,S03,dairy,2,40,17,0,2026-06-08T15:52:01.239149
EVT917113,P020,S04,snacks,8,50,18,0,2026-06-08T15:52:01.239151
EVT988745,P013,S02,snacks,15,50,14,0,2026-06-08T15:52:01.239154
EVT487946,P014,S01,bakery,29,35,4,0,2026-06-08T15:52:01.239156
EVT421955,P001,S02,frozen,13,45,15,0,2026-06-08T15:52:01.239159
EVT757299,P020,S02,snacks,49,50,4,0,2026-06-08T15:52:01.239162
EVT915766,P004,S01,bakery,26,35,6,0,2026-06-08T15:52:01.239164
EVT484703,P015,S01,frozen,8,45,6,0,2026-06-08T15:52:01.239167
EVT881264,P011,S02,beverages,10,60,8,0,2026-06-08T15:52:01.239170
EVT438033,P018,S02,dairy,2,40,3,0,2026-06-08T15:52:01.239172
EVT846683,P009,S02,snacks,41,50,4,0,2026-06-08T15:52:01.239175
EVT101712,P017,S03,bakery,32,35,2,0,2026-06-08T15:52:01.239178
EVT439278,P013,S03,household,5,30,7,1,2026-06-08T15:52:01.239180
EVT520537,P005,S02,bakery,8,35,11,1,2026-06-08T15:52:01.239183
EVT827679,P001,S04,beverages,37,60,2,0,2026-06-08T15:52:01.239185
EVT261394,P011,S04,beverages,30,60,6,1,2026-06-08T15:52:01.239188
EVT965747,P004,S04,bakery,28,35,1,1,2026-06-08T15:52:01.239191
EVT672264,P014,S01,household,12,30,8,0,2026-06-08T15:52:01.239194
EVT360451,P004,S03,snacks,49,50,1,0,2026-06-08T15:52:01.239196
EVT429660,P016,S01,snacks,43,50,5,0,2026-06-08T15:52:01.239199
EVT388863,P004,S04,snacks,40,50,1,0,2026-06-08T15:52:01.239202
EVT184440,P001,S01,household,29,30,3,0,2026-06-08T15:52:01.239204
EVT258480,P002,S03,bakery,29,35,5,0,2026-06-08T15:52:01.239207
EVT794036,P009,S03,bakery,17,35,3,0,2026-06-08T15:52:01.239209
EVT488159,P018,S01,frozen,0,45,5,0,2026-06-08T15:52:01.239212
EVT747742,P013,S03,household,26,30,6,0,2026-06-08T15:52:01.239214
EVT211557,P008,S03,bakery,19,35,1,1,2026-06-08T15:52:01.239217
EVT713898,P007,S01,beverages,15,60,9,0,2026-06-08T15:52:01.239220
EVT770486,P007,S03,frozen,19,45,16,0,2026-06-08T15:52:01.239223
EVT788376,P017,S04,beverages,57,60,5,0,2026-06-08T15:52:01.239225
EVT575642,P013,S02,bakery,28,35,4,0,2026-06-08T15:52:01.239232
EVT136655,P020,S04,dairy,5,40,2,0,2026-06-08T15:52:01.239235
EVT707178,P003,S04,frozen,12,45,8,0,2026-06-08T15:52:01.239238
EVT614955,P016,S02,beverages,39,60,6,0,2026-06-08T15:52:01.239240
EVT391066,P018,S03,dairy,6,40,18,0,2026-06-08T15:52:01.239243
EVT440824,P003,S02,bakery,4,35,13,0,2026-06-08T15:52:01.239245
EVT240069,P011,S02,dairy,7,40,1,0,2026-06-08T15:52:01.239247
EVT681367,P013,S03,beverages,14,60,10,0,2026-06-08T15:52:01.239250
EVT731419,P005,S03,frozen,3,45,4,0,2026-06-08T15:52:01.239252
EVT551068,P018,S04,dairy,33,40,3,0,2026-06-08T15:52:01.239255
EVT927018,P006,S03,snacks,26,50,1,0,2026-06-08T15:52:01.239257
EVT261096,P017,S04,frozen,22,45,4,0,2026-06-08T15:52:01.239259
EVT581061,P017,S03,dairy,18,40,8,0,2026-06-08T15:52:01.239262
EVT279067,P005,S04,dairy,14,40,12,0,2026-06-08T15:52:01.239264
EVT972799,P013,S04,frozen,45,45,5,0,2026-06-08T15:52:01.239267
EVT407684,P004,S02,bakery,5,35,11,0,2026-06-08T15:52:01.239269
EVT172297,P004,S03,beverages,25,60,12,0,2026-06-08T15:52:01.239271
EVT186481,P002,S01,snacks,22,50,6,0,2026-06-08T15:52:01.239274
EVT695339,P009,S04,household,12,30,16,0,2026-06-08T15:52:01.239277
EVT868610,P008,S03,dairy,12,40,12,1,2026-06-08T15:52:01.239279
EVT957048,P020,S01,frozen,2,45,15,1,2026-06-08T15:52:01.239281
EVT153704,P002,S03,beverages,0,60,14,0,2026-06-08T15:52:01.239284
EVT670878,P019,S04,beverages,25,60,16,0,2026-06-08T15:52:01.239286
EVT743445,P008,S02,frozen,2,45,2,0,2026-06-08T15:52:01.239289
EVT719531,P010,S03,dairy,21,40,2,0,2026-06-08T15:52:01.239291
EVT366105,P015,S01,household,4,30,10,0,2026-06-08T15:52:01.239293
EVT913969,P005,S04,dairy,28,40,5,0,2026-06-08T15:52:01.239296
EVT986112,P006,S01,snacks,14,50,9,0,2026-06-08T15:52:01.239298
EVT478868,P011,S04,household,3,30,12,0,2026-06-08T15:52:01.239301
EVT504231,P003,S01,bakery,1,35,3,0,2026-06-08T15:52:01.239303
EVT842811,P018,S01,household,26,30,1,0,2026-06-08T15:52:01.239305
EVT894390,P019,S01,beverages,8,60,11,0,2026-06-08T15:52:01.239308
EVT605992,P006,S02,bakery,23,35,3,0,2026-06-08T15:52:01.239310
EVT271731,P010,S01,household,5,30,18,0,2026-06-08T15:52:01.239313
EVT514833,P019,S03,beverages,45,60,4,0,2026-06-08T15:52:01.239315
EVT503269,P019,S02,dairy,21,40,6,0,2026-06-08T15:52:01.239318
EVT157287,P014,S03,dairy,12,40,10,0,2026-06-08T15:52:01.239320
EVT868229,P007,S01,beverages,34,60,1,0,2026-06-08T15:52:01.239323
EVT343979,P018,S01,frozen,5,45,0,0,2026-06-08T15:52:01.239328
EVT822239,P018,S02,beverages,10,60,10,1,2026-06-08T15:52:01.239330
EVT450567,P012,S02,household,29,30,3,0,2026-06-08T15:52:01.239333
EVT335776,P010,S04,dairy,23,40,4,0,2026-06-08T15:52:01.239335
EVT738489,P011,S04,bakery,22,35,0,0,2026-06-08T15:52:01.239338
EVT538929,P013,S04,household,8,30,12,1,2026-06-08T15:52:01.239340
EVT154176,P012,S01,frozen,36,45,1,0,2026-06-08T15:52:01.239342
EVT641579,P020,S04,frozen,1,45,5,0,2026-06-08T15:52:01.239345
EVT986278,P009,S03,bakery,15,35,4,0,2026-06-08T15:52:01.239347
EVT213644,P020,S03,dairy,31,40,0,0,2026-06-08T15:52:01.239350
EVT587559,P005,S01,dairy,16,40,13,0,2026-06-08T15:52:01.239352
EVT570858,P017,S01,household,13,30,9,0,2026-06-08T15:52:01.239355
EVT934651,P009,S04,beverages,56,60,6,0,2026-06-08T15:52:01.239357
EVT637570,P001,S01,dairy,31,40,3,0,2026-06-08T15:52:01.239359
EVT351463,P002,S04,beverages,47,60,0,0,2026-06-08T15:52:01.239362
EVT764302,P005,S02,frozen,6,45,14,0,2026-06-08T15:52:01.239364
EVT495630,P015,S02,snacks,31,50,5,0,2026-06-08T15:52:01.239366
EVT445640,P004,S01,household,28,30,1,0,2026-06-08T15:52:01.239369
EVT653987,P007,S04,snacks,49,50,3,0,2026-06-08T15:52:01.239371
EVT238904,P004,S04,dairy,14,40,12,0,2026-06-08T15:52:01.239374
EVT247166,P001,S04,bakery,7,35,0,0,2026-06-08T15:52:01.239377
EVT873210,P018,S01,beverages,1,60,11,1,2026-06-08T15:52:01.239379
EVT867174,P012,S02,dairy,37,40,0,0,2026-06-08T15:52:01.239381
EVT644614,P007,S03,household,11,30,13,1,2026-06-08T15:52:01.239383
EVT288371,P003,S01,bakery,10,35,10,0,2026-06-08T15:52:01.239386
EVT394740,P011,S04,dairy,5,40,12,1,2026-06-08T15:52:01.239388
EVT317312,P004,S02,dairy,14,40,8,1,2026-06-08T15:52:01.239391
EVT316038,P005,S01,beverages,2,60,15,0,2026-06-08T15:52:01.239393
EVT489637,P011,S04,beverages,7,60,11,1,2026-06-08T15:52:01.239395
EVT437476,P019,S02,frozen,21,45,0,0,2026-06-08T15:52:01.239398
EVT204371,P004,S01,household,9,30,1,0,2026-06-08T15:52:01.239400
EVT545432,P015,S04,beverages,1,60,14,1,2026-06-08T15:52:01.239402
EVT297226,P008,S01,dairy,18,40,6,1,2026-06-08T15:52:01.239405
EVT279155,P009,S02,snacks,28,50,6,0,2026-06-08T15:52:01.239407
EVT613590,P001,S03,snacks,36,50,4,0,2026-06-08T15:52:01.239409
EVT701410,P016,S04,frozen,24,45,2,0,2026-06-08T15:52:01.239412
EVT204638,P005,S01,dairy,20,40,6,0,2026-06-08T15:52:01.239414
EVT426913,P010,S03,frozen,26,45,4,0,2026-06-08T15:52:01.239416
EVT699504,P008,S02,household,9,30,13,0,2026-06-08T15:52:01.239419
EVT369418,P011,S02,dairy,12,40,9,1,2026-06-08T15:52:01.239421
EVT440936,P008,S01,snacks,1,50,18,0,2026-06-08T15:52:01.239424
EVT998167,P011,S02,snacks,10,50,14,1,2026-06-08T15:52:01.239426
EVT501102,P002,S03,beverages,27,60,3,0,2026-06-08T15:52:01.239429
EVT450990,P008,S04,bakery,18,35,5,0,2026-06-08T15:52:01.239431
EVT686149,P002,S01,household,9,30,13,0,2026-06-08T15:52:01.239433
EVT711454,P019,S02,snacks,6,50,3,0,2026-06-08T15:52:01.239436
EVT490046,P008,S03,frozen,5,45,11,0,2026-06-08T15:52:01.239438
EVT471716,P001,S03,beverages,16,60,11,0,2026-06-08T15:52:01.239440
EVT548192,P005,S01,beverages,1,60,15,0,2026-06-08T15:52:01.239443
EVT594047,P008,S04,beverages,46,60,6,0,2026-06-08T15:52:01.239445
EVT792789,P014,S03,frozen,0,45,1,0,2026-06-08T15:52:01.239447
EVT486840,P008,S04,snacks,12,50,13,0,2026-06-08T15:52:01.239453
EVT330978,P011,S02,snacks,10,50,8,0,2026-06-08T15:52:01.239456
EVT726577,P003,S02,snacks,34,50,3,0,2026-06-08T15:52:01.239458
EVT949894,P008,S02,beverages,52,60,3,0,2026-06-08T15:52:01.239461
EVT951234,P007,S01,bakery,0,35,18,0,2026-06-08T15:52:01.239463
EVT153164,P012,S02,dairy,37,40,5,0,2026-06-08T15:52:01.239466
EVT309595,P007,S01,household,20,30,4,0,2026-06-08T15:52:01.239468
EVT755166,P008,S02,beverages,4,60,5,0,2026-06-08T15:52:01.239471
EVT514981,P007,S02,snacks,39,50,2,0,2026-06-08T15:52:01.239473
EVT955461,P011,S01,snacks,8,50,8,1,2026-06-08T15:52:01.239476
EVT367056,P012,S03,household,24,30,0,0,2026-06-08T15:52:01.239478
EVT869849,P001,S03,bakery,18,35,11,0,2026-06-08T15:52:01.239481
EVT435473,P016,S04,dairy,0,40,8,1,2026-06-08T15:52:01.239483
EVT640908,P008,S03,snacks,46,50,5,0,2026-06-08T15:52:01.239486
EVT224317,P009,S02,frozen,21,45,1,0,2026-06-08T15:52:01.239488
EVT948632,P014,S02,dairy,27,40,1,0,2026-06-08T15:52:01.239490
EVT904820,P007,S01,household,12,30,11,1,2026-06-08T15:52:01.239493
EVT285629,P014,S01,snacks,49,50,0,1,2026-06-08T15:52:01.239495
EVT597006,P016,S02,beverages,4,60,9,1,2026-06-08T15:52:01.239497
EVT694381,P013,S02,snacks,4,50,3,0,2026-06-08T15:52:01.239500
EVT572956,P002,S02,dairy,8,40,6,1,2026-06-08T15:52:01.239502
EVT633977,P006,S03,snacks,32,50,2,0,2026-06-08T15:52:01.239505
EVT272379,P010,S03,bakery,8,35,13,0,2026-06-08T15:52:01.239507
EVT862828,P007,S02,beverages,31,60,1,1,2026-06-08T15:52:01.239509
EVT214068,P011,S02,bakery,22,35,4,1,2026-06-08T15:52:01.239512
EVT314385,P003,S04,snacks,10,50,1,0,2026-06-08T15:52:01.239514
EVT465613,P006,S01,frozen,44,45,2,0,2026-06-08T15:52:01.239517
EVT473437,P009,S04,household,14,30,11,0,2026-06-08T15:52:01.239519
EVT710922,P016,S03,dairy,5,40,5,0,2026-06-08T15:52:01.239522
EVT722812,P013,S03,snacks,44,50,6,0,2026-06-08T15:52:01.239524
EVT435912,P010,S04,bakery,12,35,14,0,2026-06-08T15:52:01.239527
EVT427381,P009,S02,frozen,0,45,17,0,2026-06-08T15:52:01.239529
EVT588069,P017,S03,snacks,2,50,5,0,2026-06-08T15:52:01.239531
EVT767889,P009,S01,bakery,7,35,11,1,2026-06-08T15:52:01.239534
EVT690490,P004,S04,snacks,35,50,5,0,2026-06-08T15:52:01.239536
EVT608280,P016,S03,dairy,18,40,3,0,2026-06-08T15:52:01.239538
EVT828573,P008,S01,beverages,0,60,6,1,2026-06-08T15:52:01.239540
EVT305643,P006,S04,dairy,6,40,2,0,2026-06-08T15:52:01.239543
EVT716833,P011,S02,beverages,40,60,1,0,2026-06-08T15:52:01.239545
EVT452113,P001,S02,dairy,2,40,11,0,2026-06-08T15:52:01.239551
EVT787819,P008,S02,dairy,6,40,0,0,2026-06-08T15:52:01.239554
EVT729989,P007,S02,frozen,44,45,1,0,2026-06-08T15:52:01.239556
EVT781155,P013,S02,dairy,33,40,0,0,2026-06-08T15:52:01.239558
EVT344706,P006,S02,bakery,16,35,8,0,2026-06-08T15:52:01.239561
EVT490806,P010,S01,beverages,4,60,5,0,2026-06-08T15:52:01.239563
EVT549098,P002,S02,household,6,30,12,1,2026-06-08T15:52:01.239566
EVT114966,P012,S01,snacks,18,50,15,0,2026-06-08T15:52:01.239568
EVT408855,P019,S04,bakery,20,35,4,1,2026-06-08T15:52:01.239571
EVT688066,P003,S02,beverages,25,60,15,0,2026-06-08T15:52:01.239573
EVT154208,P010,S03,beverages,4,60,14,0,2026-06-08T15:52:01.239576
EVT406875,P001,S04,dairy,5,40,17,0,2026-06-08T15:52:01.239578
EVT381975,P015,S04,bakery,12,35,12,0,2026-06-08T15:52:01.239581
EVT588805,P005,S04,bakery,32,35,5,0,2026-06-08T15:52:01.239584
EVT871136,P015,S04,frozen,4,45,1,0,2026-06-08T15:52:01.239586
EVT565637,P011,S01,snacks,48,50,3,0,2026-06-08T15:52:01.239588
EVT968404,P015,S01,household,9,30,1,0,2026-06-08T15:52:01.239591
EVT357420,P014,S02,bakery,28,35,6,0,2026-06-08T15:52:01.239593
EVT692702,P006,S02,household,10,30,11,0,2026-06-08T15:52:01.239596
EVT691576,P014,S04,snacks,6,50,14,0,2026-06-08T15:52:01.239598
EVT505681,P020,S03,dairy,28,40,6,0,2026-06-08T15:52:01.239600
EVT782076,P019,S04,household,16,30,5,0,2026-06-08T15:52:01.239603
EVT875923,P016,S02,beverages,6,60,0,0,2026-06-08T15:52:01.239605
EVT345170,P004,S04,bakery,16,35,6,0,2026-06-08T15:52:01.239607
EVT903303,P014,S02,bakery,0,35,16,0,2026-06-08T15:52:01.239610
EVT514425,P007,S01,dairy,19,40,1,0,2026-06-08T15:52:01.239612
EVT955263,P006,S04,dairy,31,40,5,0,2026-06-08T15:52:01.239615
EVT554379,P005,S03,household,9,30,7,1,2026-06-08T15:52:01.239618
EVT884409,P011,S04,bakery,8,35,9,1,2026-06-08T15:52:01.239620
EVT103141,P003,S04,bakery,27,35,2,0,2026-06-08T15:52:01.239622
EVT397082,P009,S01,beverages,42,60,1,0,2026-06-08T15:52:01.239624
EVT310286,P015,S02,household,18,30,1,0,2026-06-08T15:52:01.239627
EVT964627,P003,S01,frozen,1,45,2,0,2026-06-08T15:52:01.239632
EVT727296,P005,S03,household,8,30,11,0,2026-06-08T15:52:01.239635
EVT689254,P003,S04,frozen,22,45,2,0,2026-06-08T15:52:01.239637
EVT539254,P005,S03,household,15,30,6,0,2026-06-08T15:52:01.239639
EVT879747,P005,S04,household,26,30,6,0,2026-06-08T15:52:01.239642
EVT350767,P009,S01,dairy,15,40,16,0,2026-06-08T15:52:01.239644
EVT373796,P006,S04,beverages,59,60,3,0,2026-06-08T15:52:01.239646
EVT878094,P018,S02,frozen,33,45,1,0,2026-06-08T15:52:01.239649
EVT123403,P010,S02,household,7,30,3,0,2026-06-08T15:52:01.239651
EVT235632,P007,S01,snacks,38,50,4,0,2026-06-08T15:52:01.239653
EVT406914,P020,S03,dairy,2,40,2,0,2026-06-08T15:52:01.239655
EVT601645,P013,S03,dairy,26,40,0,0,2026-06-08T15:52:01.239658
EVT200191,P011,S02,dairy,14,40,11,1,2026-06-08T15:52:01.239660
EVT449863,P014,S04,frozen,9,45,10,0,2026-06-08T15:52:01.239663
EVT952043,P018,S03,snacks,23,50,0,0,2026-06-08T15:52:01.239666
EVT581335,P005,S03,household,8,30,13,0,2026-06-08T15:52:01.239669
EVT241185,P013,S03,beverages,10,60,1,0,2026-06-08T15:52:01.239671
EVT433456,P008,S01,beverages,9,60,11,0,2026-06-08T15:52:01.239673
EVT667194,P002,S01,dairy,39,40,2,0,2026-06-08T15:52:01.239676
EVT226600,P004,S04,household,17,30,5,1,2026-06-08T15:52:01.239678
EVT363526,P013,S04,household,8,30,6,1,2026-06-08T15:52:01.239680
EVT110514,P016,S01,frozen,14,45,9,0,2026-06-08T15:52:01.239683
EVT627570,P013,S03,snacks,43,50,4,0,2026-06-08T15:52:01.239685
EVT160752,P005,S03,frozen,42,45,6,1,2026-06-08T15:52:01.239687
EVT792489,P019,S03,snacks,11,50,6,1,2026-06-08T15:52:01.239690
EVT968403,P011,S01,beverages,26,60,10,0,2026-06-08T15:52:01.239692
EVT400630,P010,S02,snacks,4,50,15,1,2026-06-08T15:52:01.239695
EVT348500,P016,S01,frozen,25,45,5,0,2026-06-08T15:52:01.239697
EVT844963,P008,S04,snacks,33,50,3,0,2026-06-08T15:52:01.239699
EVT760919,P008,S04,beverages,31,60,2,1,2026-06-08T15:52:01.239702
EVT674577,P007,S03,beverages,3,60,12,0,2026-06-08T15:52:01.239704
EVT539255,P019,S01,frozen,22,45,2,0,2026-06-08T15:52:01.239707
EVT495648,P014,S01,household,23,30,4,0,2026-06-08T15:52:01.239710
EVT709386,P015,S03,household,21,30,1,0,2026-06-08T15:52:01.239716
EVT618214,P015,S03,beverages,7,60,4,0,2026-06-08T15:52:01.239718
EVT530208,P002,S02,frozen,40,45,4,0,2026-06-08T15:52:01.239721
EVT616593,P012,S01,frozen,38,45,2,0,2026-06-08T15:52:01.239723
EVT972124,P018,S04,frozen,27,45,1,0,2026-06-08T15:52:01.239725
EVT764111,P004,S01,household,3,30,18,0,2026-06-08T15:52:01.239728
EVT358297,P011,S04,beverages,52,60,3,0,2026-06-08T15:52:01.239730
EVT635440,P019,S01,bakery,7,35,5,0,2026-06-08T15:52:01.239732
EVT873082,P013,S02,frozen,32,45,4,1,2026-06-08T15:52:01.239735
EVT665763,P005,S04,bakery,17,35,1,0,2026-06-08T15:52:01.239737
EVT649069,P004,S02,bakery,35,35,4,1,2026-06-08T15:52:01.239739
EVT546528,P015,S03,household,22,30,3,0,2026-06-08T15:52:01.239742
EVT238458,P015,S03,household,10,30,3,0,2026-06-08T15:52:01.239744
EVT884783,P012,S04,bakery,0,35,15,0,2026-06-08T15:52:01.239747
EVT591019,P006,S01,frozen,21,45,5,0,2026-06-08T15:52:01.239749
EVT358160,P018,S01,snacks,1,50,8,1,2026-06-08T15:52:01.239751
EVT900600,P008,S01,dairy,30,40,3,0,2026-06-08T15:52:01.239754
EVT375590,P012,S01,beverages,6,60,17,0,2026-06-08T15:52:01.239756
EVT673648,P011,S01,beverages,57,60,1,0,2026-06-08T15:52:01.239758
EVT823358,P013,S01,bakery,15,35,6,0,2026-06-08T15:52:01.239761
EVT700247,P008,S02,frozen,17,45,6,0,2026-06-08T15:52:01.239764
EVT413906,P007,S02,bakery,5,35,18,0,2026-06-08T15:52:01.239766
